ts,meter_id,utility,is_alert,produced_at,decided_at,committed_at
2026-02-17 22:00:00+00:00,E006,electricity,0,1790653286.771862,1790653286.884220,1790653286.891420
2026-02-17 22:00:00+00:00,E000,electricity,0,1790653286.772114,1790653286.884220,1790653286.891420
2026-02-17 22:00:00+00:00,G001,gas,0,1790653286.772213,1790653286.884220,1790653286.891420
2026-02-17 22:00:00+00:00,G003,gas,0,1790653286.772269,1790653286.884220,1790653286.891420
2026-02-17 22:00:00+00:00,E001,electricity,0,1790653286.772309,1790653286.884220,1790653286.891420
2026-02-17 22:00:00+00:00,G009,gas,0,1790653286.772386,1790653286.884220,1790653286.891420
2026-02-17 22:00:00+00:00,E008,electricity,0,1790653286.772871,1790653286.884220,1790653286.891420
2026-02-17 22:00:00+00:00,G004,gas,0,1790653286.772907,1790653286.884220,1790653286.891420
2026-02-17 22:00:00+00:00,E004,electricity,0,1790653286.772934,1790653286.884220,1790653286.891420
2026-02-17 22:00:00+00:00,E005,electricity,0,1790653286.772959,1790653286.884220,1790653286.891420
2026-02-17 22:00:00+00:00,G007,gas,0,1790653286.772984,1790653286.884220,1790653286.891420
2026-02-17 22:00:00+00:00,G005,gas,0,1790653286.773008,1790653286.884220,1790653286.891420
2026-02-17 22:00:00+00:00,E003,electricity,0,1790653286.773036,1790653286.884220,1790653286.891420
2026-02-17 22:00:00+00:00,G002,gas,0,1790653286.773061,1790653286.884220,1790653286.891420
2026-02-17 22:00:00+00:00,E009,electricity,0,1790653286.773084,1790653286.884220,1790653286.891420
2026-02-17 22:00:00+00:00,E007,electricity,0,1790653286.773106,1790653286.884220,1790653286.891420
2026-02-17 22:00:00+00:00,G008,gas,0,1790653286.773143,1790653286.884220,1790653286.891420
2026-02-17 22:00:00+00:00,G006,gas,0,1790653286.773167,1790653286.884220,1790653286.891420
2026-02-17 22:00:00+00:00,G000,gas,0,1790653286.773196,1790653286.884220,1790653286.891420
2026-02-17 22:00:00+00:00,E002,electricity,0,1790653286.773220,1790653286.884220,1790653286.891420
2026-02-17 22:15:00+00:00,E005,electricity,0,1790653287.226210,1790653287.300412,1790653287.302655
2026-02-17 22:15:00+00:00,E009,electricity,0,1790653287.226339,1790653287.300412,1790653287.302655
2026-02-17 22:15:00+00:00,E004,electricity,0,1790653287.226378,1790653287.300412,1790653287.302655
2026-02-17 22:15:00+00:00,E000,electricity,0,1790653287.226407,1790653287.300412,1790653287.302655
2026-02-17 22:15:00+00:00,E002,electricity,0,1790653287.226434,1790653287.300412,1790653287.302655
2026-02-17 22:15:00+00:00,E001,electricity,0,1790653287.226457,1790653287.300412,1790653287.302655
2026-02-17 22:15:00+00:00,E007,electricity,0,1790653287.226506,1790653287.300412,1790653287.302655
2026-02-17 22:15:00+00:00,E008,electricity,0,1790653287.226528,1790653287.300412,1790653287.302655
2026-02-17 22:15:00+00:00,E006,electricity,0,1790653287.226552,1790653287.300412,1790653287.302655
2026-02-17 22:15:00+00:00,E003,electricity,0,1790653287.226575,1790653287.300412,1790653287.302655
2026-02-17 22:00:00+00:00,W001,water,0,1790653287.240095,1790653287.349233,1790653287.350575
2026-02-17 22:00:00+00:00,W000,water,0,1790653287.293446,1790653287.349233,1790653287.350575
2026-02-17 22:00:00+00:00,W006,water,0,1790653287.334003,1790653287.397043,1790653287.398406
2026-02-17 22:00:00+00:00,W009,water,0,1790653287.686781,1790653287.738401,1790653287.739522
2026-02-17 22:30:00+00:00,E007,electricity,0,1790653287.726225,1790653287.799497,1790653287.801584
2026-02-17 22:30:00+00:00,E005,electricity,0,1790653287.726400,1790653287.799497,1790653287.801584
2026-02-17 22:30:00+00:00,E008,electricity,0,1790653287.726443,1790653287.799497,1790653287.801584
2026-02-17 22:30:00+00:00,E009,electricity,0,1790653287.726475,1790653287.799497,1790653287.801584
2026-02-17 22:30:00+00:00,E004,electricity,0,1790653287.726503,1790653287.799497,1790653287.801584
2026-02-17 22:30:00+00:00,E003,electricity,0,1790653287.726529,1790653287.799497,1790653287.801584
2026-02-17 22:30:00+00:00,E002,electricity,0,1790653287.726555,1790653287.799497,1790653287.801584
2026-02-17 22:30:00+00:00,E001,electricity,0,1790653287.726579,1790653287.799497,1790653287.801584
2026-02-17 22:30:00+00:00,E006,electricity,0,1790653287.726602,1790653287.799497,1790653287.801584
2026-02-17 22:30:00+00:00,E000,electricity,0,1790653287.726626,1790653287.799497,1790653287.801584
2026-02-17 22:00:00+00:00,W005,water,0,1790653287.751771,1790653287.850182,1790653287.851552
2026-02-17 22:00:00+00:00,W008,water,0,1790653287.759496,1790653287.850182,1790653287.851552
2026-02-17 22:15:00+00:00,W006,water,0,1790653287.768424,1790653287.850182,1790653287.851552
2026-02-17 22:00:00+00:00,W003,water,0,1790653287.861220,1790653287.914794,1790653287.916198
2026-02-17 22:00:00+00:00,W002,water,0,1790653287.931757,1790653287.980374,1790653287.981870
2026-02-17 22:15:00+00:00,W001,water,0,1790653288.175104,1790653288.228237,1790653288.229438
2026-02-17 22:45:00+00:00,E003,electricity,0,1790653288.226222,1790653288.296126,1790653288.297893
2026-02-17 22:45:00+00:00,E005,electricity,0,1790653288.226443,1790653288.296126,1790653288.297893
2026-02-17 22:45:00+00:00,E006,electricity,0,1790653288.226486,1790653288.296126,1790653288.297893
2026-02-17 22:45:00+00:00,E008,electricity,0,1790653288.226515,1790653288.296126,1790653288.297893
2026-02-17 22:45:00+00:00,E009,electricity,0,1790653288.226551,1790653288.296126,1790653288.297893
2026-02-17 22:45:00+00:00,E000,electricity,0,1790653288.226576,1790653288.296126,1790653288.297893
2026-02-17 22:45:00+00:00,E004,electricity,0,1790653288.226600,1790653288.296126,1790653288.297893
2026-02-17 22:45:00+00:00,E001,electricity,0,1790653288.226623,1790653288.296126,1790653288.297893
2026-02-17 22:45:00+00:00,E002,electricity,0,1790653288.226652,1790653288.296126,1790653288.297893
2026-02-17 22:45:00+00:00,E007,electricity,0,1790653288.226675,1790653288.296126,1790653288.297893
2026-02-17 22:30:00+00:00,W008,water,0,1790653288.254550,1790653288.352863,1790653288.354013
2026-02-17 22:15:00+00:00,W000,water,0,1790653288.254696,1790653288.352863,1790653288.354013
2026-02-17 22:15:00+00:00,W007,water,0,1790653288.254735,1790653288.352863,1790653288.354013
2026-02-17 22:15:00+00:00,W004,water,0,1790653288.330110,1790653288.406126,1790653288.407178
2026-02-17 22:30:00+00:00,W003,water,0,1790653288.346210,1790653288.406126,1790653288.407178
2026-02-17 22:30:00+00:00,W002,water,0,1790653288.411775,1790653288.463499,1790653288.464708
2026-02-17 22:30:00+00:00,W001,water,0,1790653288.620099,1790653288.675301,1790653288.676543
2026-02-17 22:15:00+00:00,W009,water,0,1790653288.661210,1790653288.724293,1790653288.725353
2026-02-17 22:30:00+00:00,W006,water,0,1790653288.709541,1790653288.773432,1790653288.774430
2026-02-17 23:00:00+00:00,E005,electricity,0,1790653288.726208,1790653288.880967,1790653288.887675
2026-02-17 23:00:00+00:00,G005,gas,0,1790653288.726329,1790653288.880967,1790653288.887675
2026-02-17 23:00:00+00:00,G000,gas,0,1790653288.726368,1790653288.880967,1790653288.887675
2026-02-17 23:00:00+00:00,E009,electricity,0,1790653288.726408,1790653288.880967,1790653288.887675
2026-02-17 23:00:00+00:00,G002,gas,0,1790653288.726435,1790653288.880967,1790653288.887675
2026-02-17 23:00:00+00:00,E008,electricity,1,1790653288.726460,1790653288.880967,1790653288.887675
2026-02-17 23:00:00+00:00,G006,gas,0,1790653288.726485,1790653288.880967,1790653288.887675
2026-02-17 23:00:00+00:00,E007,electricity,0,1790653288.726521,1790653288.880967,1790653288.887675
2026-02-17 23:00:00+00:00,E001,electricity,0,1790653288.726545,1790653288.880967,1790653288.887675
2026-02-17 23:00:00+00:00,E002,electricity,0,1790653288.726568,1790653288.880967,1790653288.887675
2026-02-17 23:00:00+00:00,E006,electricity,0,1790653288.726592,1790653288.880967,1790653288.887675
2026-02-17 23:00:00+00:00,G003,gas,0,1790653288.726614,1790653288.880967,1790653288.887675
2026-02-17 23:00:00+00:00,G004,gas,0,1790653288.726636,1790653288.880967,1790653288.887675
2026-02-17 23:00:00+00:00,G001,gas,0,1790653288.726659,1790653288.880967,1790653288.887675
2026-02-17 23:00:00+00:00,E004,electricity,0,1790653288.726682,1790653288.880967,1790653288.887675
2026-02-17 23:00:00+00:00,G007,gas,0,1790653288.726704,1790653288.880967,1790653288.887675
2026-02-17 23:00:00+00:00,E003,electricity,0,1790653288.726727,1790653288.880967,1790653288.887675
2026-02-17 23:00:00+00:00,G009,gas,0,1790653288.726749,1790653288.880967,1790653288.887675
2026-02-17 23:00:00+00:00,G008,gas,0,1790653288.726777,1790653288.880967,1790653288.887675
2026-02-17 23:00:00+00:00,E000,electricity,0,1790653288.726800,1790653288.880967,1790653288.887675
2026-02-17 22:45:00+00:00,W000,water,0,1790653288.773430,1790653288.942433,1790653288.943990
2026-02-17 22:45:00+00:00,W007,water,0,1790653288.773577,1790653288.942433,1790653288.943990
2026-02-17 22:45:00+00:00,W004,water,0,1790653288.811800,1790653288.942433,1790653288.943990
2026-02-17 22:45:00+00:00,W002,water,0,1790653288.837314,1790653288.942433,1790653288.943990
2026-02-17 22:30:00+00:00,W005,water,0,1790653289.010105,1790653289.064827,1790653289.066040
2026-02-17 22:45:00+00:00,W009,water,0,1790653289.020656,1790653289.113809,1790653289.114986
2026-02-17 22:45:00+00:00,W008,water,0,1790653289.179493,1790653289.233896,1790653289.235281
2026-02-17 23:15:00+00:00,E005,electricity,0,1790653289.226216,1790653289.336762,1790653289.340554
2026-02-17 23:15:00+00:00,E001,electricity,0,1790653289.226366,1790653289.336762,1790653289.340554
2026-02-17 23:15:00+00:00,E007,electricity,0,1790653289.226409,1790653289.336762,1790653289.340554
2026-02-17 23:15:00+00:00,E003,electricity,0,1790653289.226438,1790653289.336762,1790653289.340554
2026-02-17 23:15:00+00:00,E000,electricity,1,1790653289.226464,1790653289.336762,1790653289.340554
2026-02-17 23:15:00+00:00,E006,electricity,0,1790653289.226488,1790653289.336762,1790653289.340554
2026-02-17 23:15:00+00:00,E009,electricity,0,1790653289.226512,1790653289.336762,1790653289.340554
2026-02-17 23:15:00+00:00,E002,electricity,0,1790653289.226540,1790653289.336762,1790653289.340554
2026-02-17 23:15:00+00:00,E004,electricity,0,1790653289.226564,1790653289.336762,1790653289.340554
2026-02-17 23:15:00+00:00,E008,electricity,1,1790653289.226587,1790653289.336762,1790653289.340554
2026-02-17 23:00:00+00:00,W007,water,0,1790653289.230643,1790653289.336762,1790653289.340554
2026-02-17 23:00:00+00:00,W009,water,0,1790653289.252315,1790653289.395516,1790653289.396654
2026-02-17 22:45:00+00:00,W003,water,0,1790653289.269533,1790653289.395516,1790653289.396654
2026-02-17 22:45:00+00:00,W001,water,0,1790653289.291756,1790653289.395516,1790653289.396654
2026-02-17 23:00:00+00:00,W000,water,0,1790653289.403425,1790653289.459832,1790653289.460979
2026-02-17 22:45:00+00:00,W006,water,0,1790653289.462327,1790653289.517382,1790653289.518405
2026-02-17 23:00:00+00:00,W004,water,0,1790653289.569543,1790653289.630739,1790653289.632077
2026-02-17 23:00:00+00:00,W008,water,0,1790653289.645663,1790653289.703346,1790653289.704486
2026-02-17 23:00:00+00:00,W002,water,0,1790653289.671219,1790653289.757568,1790653289.758482
2026-02-17 23:30:00+00:00,E008,electricity,1,1790653289.726216,1790653289.832769,1790653289.835826
2026-02-17 23:30:00+00:00,E004,electricity,0,1790653289.726387,1790653289.832769,1790653289.835826
2026-02-17 23:30:00+00:00,E001,electricity,0,1790653289.726430,1790653289.832769,1790653289.835826
2026-02-17 23:30:00+00:00,E007,electricity,0,1790653289.726461,1790653289.832769,1790653289.835826
2026-02-17 23:30:00+00:00,E000,electricity,0,1790653289.726488,1790653289.832769,1790653289.835826
2026-02-17 23:30:00+00:00,E009,electricity,0,1790653289.726521,1790653289.832769,1790653289.835826
2026-02-17 23:30:00+00:00,E003,electricity,0,1790653289.726545,1790653289.832769,1790653289.835826
2026-02-17 23:30:00+00:00,E006,electricity,0,1790653289.726568,1790653289.832769,1790653289.835826
2026-02-17 23:30:00+00:00,E002,electricity,0,1790653289.726592,1790653289.832769,1790653289.835826
2026-02-17 23:30:00+00:00,E005,electricity,0,1790653289.726614,1790653289.832769,1790653289.835826
2026-02-17 23:15:00+00:00,W004,water,0,1790653289.820661,1790653289.885840,1790653289.886955
2026-02-17 23:15:00+00:00,W009,water,0,1790653289.867889,1790653289.945279,1790653289.946668
2026-02-17 23:00:00+00:00,W005,water,0,1790653289.878982,1790653289.945279,1790653289.946668
2026-02-17 23:15:00+00:00,W007,water,0,1790653290.052890,1790653290.111699,1790653290.112794
2026-02-17 23:15:00+00:00,W003,water,0,1790653290.060104,1790653290.163459,1790653290.164294
2026-02-17 23:15:00+00:00,W006,water,0,1790653290.224539,1790653290.346564,1790653290.351207
2026-02-17 23:45:00+00:00,E007,electricity,1,1790653290.226199,1790653290.346564,1790653290.351207
2026-02-17 23:45:00+00:00,E005,electricity,0,1790653290.226250,1790653290.346564,1790653290.351207
2026-02-17 23:45:00+00:00,E008,electricity,1,1790653290.226282,1790653290.346564,1790653290.351207
2026-02-17 23:45:00+00:00,E000,electricity,0,1790653290.226309,1790653290.346564,1790653290.351207
2026-02-17 23:45:00+00:00,E003,electricity,1,1790653290.226333,1790653290.346564,1790653290.351207
2026-02-17 23:45:00+00:00,E009,electricity,0,1790653290.226358,1790653290.346564,1790653290.351207
2026-02-17 23:45:00+00:00,E001,electricity,0,1790653290.226381,1790653290.346564,1790653290.351207
2026-02-17 23:45:00+00:00,E006,electricity,0,1790653290.226406,1790653290.346564,1790653290.351207
2026-02-17 23:45:00+00:00,E002,electricity,0,1790653290.226430,1790653290.346564,1790653290.351207
2026-02-17 23:45:00+00:00,E004,electricity,0,1790653290.226453,1790653290.346564,1790653290.351207
2026-02-17 23:15:00+00:00,W000,water,0,1790653290.240097,1790653290.410071,1790653290.411064
2026-02-17 23:15:00+00:00,W001,water,0,1790653290.253978,1790653290.410071,1790653290.411064
2026-02-17 23:15:00+00:00,W002,water,0,1790653290.277870,1790653290.410071,1790653290.411064
2026-02-17 23:30:00+00:00,W004,water,1,1790653290.399530,1790653290.468448,1790653290.470156
2026-02-17 23:15:00+00:00,W008,water,0,1790653290.531766,1790653290.590292,1790653290.591608
2026-02-17 23:30:00+00:00,W009,water,0,1790653290.611208,1790653290.670585,1790653290.671841
2026-02-17 23:30:00+00:00,W006,water,0,1790653290.707329,1790653290.782285,1790653290.784494
2026-02-17 23:30:00+00:00,W005,water,0,1790653290.717882,1790653290.984448,1790653290.990120
2026-02-18 00:00:00+00:00,E008,electricity,1,1790653290.726198,1790653290.984448,1790653290.990120
2026-02-18 00:00:00+00:00,G006,gas,0,1790653290.726289,1790653290.984448,1790653290.990120
2026-02-18 00:00:00+00:00,E009,electricity,0,1790653290.726326,1790653290.984448,1790653290.990120
2026-02-18 00:00:00+00:00,G007,gas,0,1790653290.726356,1790653290.984448,1790653290.990120
2026-02-18 00:00:00+00:00,E004,electricity,1,1790653290.726382,1790653290.984448,1790653290.990120
2026-02-18 00:00:00+00:00,G002,gas,0,1790653290.726406,1790653290.984448,1790653290.990120
2026-02-18 00:00:00+00:00,G005,gas,0,1790653290.726429,1790653290.984448,1790653290.990120
2026-02-18 00:00:00+00:00,G001,gas,0,1790653290.726452,1790653290.984448,1790653290.990120
2026-02-18 00:00:00+00:00,G003,gas,0,1790653290.726475,1790653290.984448,1790653290.990120
2026-02-18 00:00:00+00:00,G000,gas,0,1790653290.726499,1790653290.984448,1790653290.990120
2026-02-18 00:00:00+00:00,E001,electricity,0,1790653290.726521,1790653290.984448,1790653290.990120
2026-02-18 00:00:00+00:00,E002,electricity,0,1790653290.726544,1790653290.984448,1790653290.990120
2026-02-18 00:00:00+00:00,E006,electricity,0,1790653290.726567,1790653290.984448,1790653290.990120
2026-02-18 00:00:00+00:00,G008,gas,0,1790653290.726589,1790653290.984448,1790653290.990120
2026-02-18 00:00:00+00:00,E005,electricity,0,1790653290.726612,1790653290.984448,1790653290.990120
2026-02-18 00:00:00+00:00,E000,electricity,0,1790653290.726635,1790653290.984448,1790653290.990120
2026-02-18 00:00:00+00:00,G009,gas,0,1790653290.726657,1790653290.984448,1790653290.990120
2026-02-18 00:00:00+00:00,E003,electricity,0,1790653290.726680,1790653290.984448,1790653290.990120
2026-02-18 00:00:00+00:00,E007,electricity,1,1790653290.726702,1790653290.984448,1790653290.990120
2026-02-18 00:00:00+00:00,G004,gas,0,1790653290.726724,1790653290.984448,1790653290.990120
2026-02-17 23:30:00+00:00,W007,water,0,1790653290.875107,1790653291.053274,1790653291.054697
2026-02-17 23:30:00+00:00,W003,water,0,1790653290.968995,1790653291.053274,1790653291.054697
2026-02-17 23:45:00+00:00,W008,water,0,1790653290.976760,1790653291.053274,1790653291.054697
2026-02-17 23:45:00+00:00,W001,water,0,1790653290.983426,1790653291.053274,1790653291.054697
2026-02-17 23:45:00+00:00,W009,water,0,1790653291.071282,1790653291.136209,1790653291.137370
2026-02-17 23:45:00+00:00,W004,water,0,1790653291.076205,1790653291.136209,1790653291.137370
2026-02-17 23:45:00+00:00,W005,water,0,1790653291.163471,1790653291.221549,1790653291.222440
2026-02-17 23:45:00+00:00,W002,water,0,1790653291.191214,1790653291.281379,1790653291.282266
2026-02-17 23:45:00+00:00,W000,water,0,1790653291.193974,1790653291.281379,1790653291.282266
2026-02-18 00:15:00+00:00,E004,electricity,0,1790653291.226201,1790653291.440608,1790653291.443664
2026-02-18 00:15:00+00:00,E003,electricity,0,1790653291.226297,1790653291.440608,1790653291.443664
2026-02-18 00:15:00+00:00,E007,electricity,0,1790653291.226336,1790653291.440608,1790653291.443664
2026-02-18 00:15:00+00:00,E008,electricity,1,1790653291.226365,1790653291.440608,1790653291.443664
2026-02-18 00:15:00+00:00,E002,electricity,0,1790653291.226391,1790653291.440608,1790653291.443664
2026-02-18 00:15:00+00:00,E009,electricity,0,1790653291.226416,1790653291.440608,1790653291.443664
2026-02-18 00:15:00+00:00,E005,electricity,0,1790653291.226439,1790653291.440608,1790653291.443664
2026-02-18 00:15:00+00:00,E006,electricity,0,1790653291.226462,1790653291.440608,1790653291.443664
2026-02-18 00:15:00+00:00,E000,electricity,0,1790653291.226485,1790653291.440608,1790653291.443664
2026-02-18 00:15:00+00:00,E001,electricity,0,1790653291.226508,1790653291.440608,1790653291.443664
2026-02-17 23:45:00+00:00,W006,water,0,1790653291.259536,1790653291.440608,1790653291.443664
2026-02-18 00:00:00+00:00,W001,water,0,1790653291.371207,1790653291.500442,1790653291.501226
2026-02-18 00:00:00+00:00,W002,water,0,1790653291.492882,1790653291.557905,1790653291.558938
2026-02-18 00:00:00+00:00,W009,water,0,1790653291.632318,1790653291.699016,1790653291.700435
2026-02-18 00:00:00+00:00,W008,water,0,1790653291.649557,1790653291.768970,1790653291.771339
2026-02-18 00:00:00+00:00,W003,water,1,1790653291.664554,1790653291.768970,1790653291.771339
2026-02-18 00:30:00+00:00,E000,electricity,0,1790653291.726219,1790653291.917184,1790653291.921686
2026-02-18 00:30:00+00:00,E003,electricity,0,1790653291.726410,1790653291.917184,1790653291.921686
2026-02-18 00:30:00+00:00,E001,electricity,0,1790653291.726464,1790653291.917184,1790653291.921686
2026-02-18 00:30:00+00:00,E009,electricity,1,1790653291.726503,1790653291.917184,1790653291.921686
2026-02-18 00:30:00+00:00,E002,electricity,0,1790653291.726539,1790653291.917184,1790653291.921686
2026-02-18 00:30:00+00:00,E005,electricity,0,1790653291.726573,1790653291.917184,1790653291.921686
2026-02-18 00:30:00+00:00,E004,electricity,0,1790653291.726630,1790653291.917184,1790653291.921686
2026-02-18 00:30:00+00:00,E008,electricity,1,1790653291.726663,1790653291.917184,1790653291.921686
2026-02-18 00:30:00+00:00,E007,electricity,0,1790653291.726697,1790653291.917184,1790653291.921686
2026-02-18 00:30:00+00:00,E006,electricity,0,1790653291.726731,1790653291.917184,1790653291.921686
2026-02-18 00:00:00+00:00,W005,water,0,1790653291.737334,1790653291.917184,1790653291.921686
2026-02-18 00:00:00+00:00,W007,water,0,1790653291.798449,1790653291.983856,1790653291.985937
2026-02-18 00:15:00+00:00,W009,water,0,1790653291.850657,1790653291.983856,1790653291.985937
2026-02-18 00:15:00+00:00,W008,water,0,1790653291.940675,1790653292.044373,1790653292.045312
2026-02-18 00:00:00+00:00,W004,water,0,1790653291.985665,1790653292.099848,1790653292.101500
2026-02-18 00:15:00+00:00,W001,water,0,1790653292.094536,1790653292.158684,1790653292.159524
2026-02-18 00:00:00+00:00,W000,water,0,1790653292.135098,1790653292.214194,1790653292.215066
2026-02-18 00:15:00+00:00,W002,water,0,1790653292.221763,1790653292.349433,1790653292.352312
2026-02-18 00:45:00+00:00,E004,electricity,0,1790653292.226200,1790653292.349433,1790653292.352312
2026-02-18 00:45:00+00:00,E006,electricity,0,1790653292.226270,1790653292.349433,1790653292.352312
2026-02-18 00:45:00+00:00,E002,electricity,0,1790653292.226304,1790653292.349433,1790653292.352312
2026-02-18 00:45:00+00:00,E003,electricity,0,1790653292.226332,1790653292.349433,1790653292.352312
2026-02-18 00:45:00+00:00,E009,electricity,0,1790653292.226358,1790653292.349433,1790653292.352312
2026-02-18 00:45:00+00:00,E001,electricity,0,1790653292.226383,1790653292.349433,1790653292.352312
2026-02-18 00:45:00+00:00,E005,electricity,0,1790653292.226408,1790653292.349433,1790653292.352312
2026-02-18 00:45:00+00:00,E000,electricity,0,1790653292.226431,1790653292.349433,1790653292.352312
2026-02-18 00:45:00+00:00,E008,electricity,1,1790653292.226465,1790653292.349433,1790653292.352312
2026-02-18 00:45:00+00:00,E007,electricity,0,1790653292.226489,1790653292.349433,1790653292.352312
2026-02-18 00:15:00+00:00,W006,water,0,1790653292.341783,1790653292.411510,1790653292.412520
2026-02-18 00:30:00+00:00,W004,water,0,1790653292.398990,1790653292.471860,1790653292.472718
2026-02-18 00:30:00+00:00,W000,water,0,1790653292.442878,1790653292.531240,1790653292.532500
2026-02-18 00:30:00+00:00,W007,water,0,1790653292.543442,1790653292.606716,1790653292.607950
2026-02-18 00:15:00+00:00,W003,water,1,1790653292.610111,1790653292.676706,1790653292.679182
2026-02-18 00:30:00+00:00,W009,water,0,1790653292.724552,1790653292.906754,1790653292.911009
2026-02-18 01:00:00+00:00,G006,gas,0,1790653292.726204,1790653292.906754,1790653292.911009
2026-02-18 01:00:00+00:00,G004,gas,0,1790653292.726255,1790653292.906754,1790653292.911009
2026-02-18 01:00:00+00:00,E006,electricity,0,1790653292.726287,1790653292.906754,1790653292.911009
2026-02-18 01:00:00+00:00,G007,gas,0,1790653292.726327,1790653292.906754,1790653292.911009
2026-02-18 01:00:00+00:00,G001,gas,0,1790653292.726354,1790653292.906754,1790653292.911009
2026-02-18 01:00:00+00:00,E007,electricity,0,1790653292.726380,1790653292.906754,1790653292.911009
2026-02-18 01:00:00+00:00,G003,gas,0,1790653292.726404,1790653292.906754,1790653292.911009
2026-02-18 01:00:00+00:00,E005,electricity,0,1790653292.726427,1790653292.906754,1790653292.911009
2026-02-18 01:00:00+00:00,E002,electricity,0,1790653292.726451,1790653292.906754,1790653292.911009
2026-02-18 01:00:00+00:00,G008,gas,0,1790653292.726476,1790653292.906754,1790653292.911009
2026-02-18 01:00:00+00:00,G000,gas,0,1790653292.726500,1790653292.906754,1790653292.911009
2026-02-18 01:00:00+00:00,E001,electricity,0,1790653292.726523,1790653292.906754,1790653292.911009
2026-02-18 01:00:00+00:00,E008,electricity,1,1790653292.726547,1790653292.906754,1790653292.911009
2026-02-18 01:00:00+00:00,G002,gas,0,1790653292.726571,1790653292.906754,1790653292.911009
2026-02-18 01:00:00+00:00,G009,gas,0,1790653292.726594,1790653292.906754,1790653292.911009
2026-02-18 01:00:00+00:00,E000,electricity,0,1790653292.726617,1790653292.906754,1790653292.911009
2026-02-18 01:00:00+00:00,E003,electricity,0,1790653292.726640,1790653292.906754,1790653292.911009
2026-02-18 01:00:00+00:00,E009,electricity,0,1790653292.726663,1790653292.906754,1790653292.911009
2026-02-18 01:00:00+00:00,G005,gas,0,1790653292.726686,1790653292.906754,1790653292.911009
2026-02-18 01:00:00+00:00,E004,electricity,0,1790653292.726708,1790653292.906754,1790653292.911009
2026-02-18 00:30:00+00:00,W005,water,0,1790653292.735095,1790653292.984218,1790653292.986050
2026-02-18 00:30:00+00:00,W001,water,0,1790653292.817332,1790653292.984218,1790653292.986050
2026-02-18 00:30:00+00:00,W002,water,0,1790653292.848991,1790653292.984218,1790653292.986050
2026-02-18 00:45:00+00:00,W007,water,0,1790653292.855645,1790653292.984218,1790653292.986050
2026-02-18 00:30:00+00:00,W008,water,0,1790653292.864531,1790653292.984218,1790653292.986050
2026-02-18 00:45:00+00:00,W004,water,0,1790653293.036218,1790653293.103904,1790653293.104882
2026-02-18 00:45:00+00:00,W009,water,0,1790653293.082873,1790653293.169153,1790653293.170061
2026-02-18 00:45:00+00:00,W000,water,0,1790653293.146201,1790653293.236655,1790653293.237649
2026-02-18 01:15:00+00:00,E009,electricity,0,1790653293.226216,1790653293.366310,1790653293.369357
2026-02-18 01:15:00+00:00,E008,electricity,0,1790653293.226402,1790653293.366310,1790653293.369357
2026-02-18 01:15:00+00:00,E006,electricity,0,1790653293.226448,1790653293.366310,1790653293.369357
2026-02-18 01:15:00+00:00,E003,electricity,0,1790653293.226479,1790653293.366310,1790653293.369357
2026-02-18 01:15:00+00:00,E004,electricity,0,1790653293.226507,1790653293.366310,1790653293.369357
2026-02-18 01:15:00+00:00,E000,electricity,0,1790653293.226533,1790653293.366310,1790653293.369357
2026-02-18 01:15:00+00:00,E005,electricity,0,1790653293.226557,1790653293.366310,1790653293.369357
2026-02-18 01:15:00+00:00,E001,electricity,0,1790653293.226580,1790653293.366310,1790653293.369357
2026-02-18 01:15:00+00:00,E002,electricity,1,1790653293.226603,1790653293.366310,1790653293.369357
2026-02-18 01:15:00+00:00,E007,electricity,0,1790653293.226626,1790653293.366310,1790653293.369357
2026-02-18 00:45:00+00:00,W006,water,0,1790653293.230649,1790653293.366310,1790653293.369357
2026-02-18 01:00:00+00:00,W002,water,0,1790653293.281219,1790653293.431032,1790653293.432279
2026-02-18 00:45:00+00:00,W003,water,1,1790653293.501768,1790653293.571452,1790653293.573341
2026-02-18 01:00:00+00:00,W008,water,0,1790653293.531219,1790653293.635745,1790653293.637076
2026-02-18 01:00:00+00:00,W009,water,0,1790653293.575649,1790653293.704400,1790653293.705630
2026-02-18 01:30:00+00:00,E005,electricity,0,1790653293.726214,1790653293.825445,1790653293.828464
2026-02-18 01:30:00+00:00,E002,electricity,0,1790653293.726382,1790653293.825445,1790653293.828464
2026-02-18 01:30:00+00:00,E001,electricity,0,1790653293.726425,1790653293.825445,1790653293.828464
2026-02-18 01:30:00+00:00,E009,electricity,0,1790653293.726455,1790653293.825445,1790653293.828464
2026-02-18 01:30:00+00:00,E004,electricity,0,1790653293.726480,1790653293.825445,1790653293.828464
2026-02-18 01:30:00+00:00,E003,electricity,0,1790653293.726504,1790653293.825445,1790653293.828464
2026-02-18 01:30:00+00:00,E000,electricity,0,1790653293.726526,1790653293.825445,1790653293.828464
2026-02-18 01:30:00+00:00,E006,electricity,0,1790653293.726548,1790653293.825445,1790653293.828464
2026-02-18 01:30:00+00:00,E008,electricity,1,1790653293.726590,1790653293.825445,1790653293.828464
2026-02-18 01:30:00+00:00,E007,electricity,0,1790653293.726616,1790653293.825445,1790653293.828464
2026-02-18 01:15:00+00:00,W008,water,0,1790653293.732923,1790653293.902386,1790653293.904043
2026-02-18 01:00:00+00:00,W000,water,0,1790653293.756212,1790653293.902386,1790653293.904043
2026-02-18 01:00:00+00:00,W001,water,0,1790653293.775095,1790653293.902386,1790653293.904043
2026-02-18 01:00:00+00:00,W004,water,0,1790653293.835658,1790653293.976529,1790653293.978175
2026-02-18 01:00:00+00:00,W007,water,0,1790653293.871214,1790653293.976529,1790653293.978175
2026-02-18 01:15:00+00:00,W009,water,0,1790653293.879494,1790653293.976529,1790653293.978175
2026-02-18 01:00:00+00:00,W005,water,0,1790653294.045665,1790653294.111545,1790653294.112724
2026-02-18 01:15:00+00:00,W006,water,0,1790653294.095670,1790653294.175234,1790653294.176232
2026-02-18 01:15:00+00:00,W002,water,0,1790653294.188996,1790653294.260875,1790653294.261848
2026-02-18 01:45:00+00:00,E005,electricity,0,1790653294.226202,1790653294.414651,1790653294.417766
2026-02-18 01:45:00+00:00,E004,electricity,0,1790653294.226312,1790653294.414651,1790653294.417766
2026-02-18 01:45:00+00:00,E001,electricity,0,1790653294.226360,1790653294.414651,1790653294.417766
2026-02-18 01:45:00+00:00,E006,electricity,0,1790653294.226389,1790653294.414651,1790653294.417766
2026-02-18 01:45:00+00:00,E007,electricity,0,1790653294.226415,1790653294.414651,1790653294.417766
2026-02-18 01:45:00+00:00,E002,electricity,0,1790653294.226439,1790653294.414651,1790653294.417766
2026-02-18 01:45:00+00:00,E003,electricity,0,1790653294.226465,1790653294.414651,1790653294.417766
2026-02-18 01:45:00+00:00,E000,electricity,0,1790653294.226489,1790653294.414651,1790653294.417766
2026-02-18 01:45:00+00:00,E009,electricity,0,1790653294.226512,1790653294.414651,1790653294.417766
2026-02-18 01:45:00+00:00,E008,electricity,1,1790653294.226537,1790653294.414651,1790653294.417766
2026-02-18 01:30:00+00:00,W009,water,0,1790653294.226753,1790653294.414651,1790653294.417766
2026-02-18 01:30:00+00:00,W000,water,0,1790653294.262880,1790653294.491833,1790653294.492929
2026-02-18 01:30:00+00:00,W006,water,0,1790653294.383989,1790653294.491833,1790653294.492929
2026-02-18 01:30:00+00:00,W001,water,0,1790653294.522882,1790653294.594162,1790653294.595487
2026-02-18 01:30:00+00:00,W005,water,0,1790653294.547884,1790653294.671517,1790653294.673113
2026-02-18 01:30:00+00:00,W002,water,0,1790653294.552310,1790653294.671517,1790653294.673113
2026-02-18 01:30:00+00:00,W007,water,0,1790653294.580651,1790653294.671517,1790653294.673113
2026-02-18 01:15:00+00:00,W003,water,1,1790653294.662347,1790653294.742912,1790653294.746094
2026-02-18 01:30:00+00:00,W004,water,0,1790653294.716799,1790653294.981008,1790653294.986044
2026-02-18 02:00:00+00:00,G001,gas,0,1790653294.726202,1790653294.981008,1790653294.986044
2026-02-18 02:00:00+00:00,G002,gas,0,1790653294.726333,1790653294.981008,1790653294.986044
2026-02-18 02:00:00+00:00,G007,gas,0,1790653294.726370,1790653294.981008,1790653294.986044
2026-02-18 02:00:00+00:00,E003,electricity,0,1790653294.726398,1790653294.981008,1790653294.986044
2026-02-18 02:00:00+00:00,E002,electricity,0,1790653294.726424,1790653294.981008,1790653294.986044
2026-02-18 02:00:00+00:00,E005,electricity,0,1790653294.726449,1790653294.981008,1790653294.986044
2026-02-18 02:00:00+00:00,E009,electricity,0,1790653294.726473,1790653294.981008,1790653294.986044
2026-02-18 02:00:00+00:00,G004,gas,0,1790653294.726496,1790653294.981008,1790653294.986044
2026-02-18 02:00:00+00:00,G006,gas,0,1790653294.726519,1790653294.981008,1790653294.986044
2026-02-18 02:00:00+00:00,E004,electricity,0,1790653294.726542,1790653294.981008,1790653294.986044
2026-02-18 02:00:00+00:00,E008,electricity,1,1790653294.726564,1790653294.981008,1790653294.986044
2026-02-18 02:00:00+00:00,G005,gas,0,1790653294.726588,1790653294.981008,1790653294.986044
2026-02-18 02:00:00+00:00,E007,electricity,0,1790653294.726610,1790653294.981008,1790653294.986044
2026-02-18 02:00:00+00:00,G003,gas,0,1790653294.726635,1790653294.981008,1790653294.986044
2026-02-18 02:00:00+00:00,E001,electricity,0,1790653294.726658,1790653294.981008,1790653294.986044
2026-02-18 02:00:00+00:00,G000,gas,0,1790653294.726680,1790653294.981008,1790653294.986044
2026-02-18 02:00:00+00:00,G009,gas,0,1790653294.726705,1790653294.981008,1790653294.986044
2026-02-18 02:00:00+00:00,G008,gas,0,1790653294.726728,1790653294.981008,1790653294.986044
2026-02-18 02:00:00+00:00,E000,electricity,0,1790653294.726751,1790653294.981008,1790653294.986044
2026-02-18 02:00:00+00:00,E006,electricity,0,1790653294.726774,1790653294.981008,1790653294.986044
2026-02-18 01:45:00+00:00,W009,water,0,1790653294.768439,1790653295.066508,1790653295.068345
2026-02-18 01:30:00+00:00,W008,water,0,1790653294.807882,1790653295.066508,1790653295.068345
2026-02-18 01:45:00+00:00,W002,water,0,1790653294.951792,1790653295.066508,1790653295.068345
2026-02-18 01:45:00+00:00,W007,water,0,1790653295.002899,1790653295.137703,1790653295.139522
2026-02-18 01:45:00+00:00,W006,water,0,1790653295.106788,1790653295.222685,1790653295.225461
2026-02-18 01:45:00+00:00,W000,water,0,1790653295.107865,1790653295.222685,1790653295.225461
2026-02-18 01:45:00+00:00,W003,water,1,1790653295.116758,1790653295.222685,1790653295.225461
2026-02-18 01:45:00+00:00,W005,water,0,1790653295.153994,1790653295.301864,1790653295.303446
2026-02-18 01:45:00+00:00,W004,water,0,1790653295.206777,1790653295.301864,1790653295.303446
2026-02-18 02:15:00+00:00,E008,electricity,1,1790653295.226213,1790653295.407001,1790653295.410424
2026-02-18 02:15:00+00:00,E003,electricity,0,1790653295.226381,1790653295.407001,1790653295.410424
2026-02-18 02:15:00+00:00,E001,electricity,0,1790653295.226425,1790653295.407001,1790653295.410424
2026-02-18 02:15:00+00:00,E005,electricity,0,1790653295.226457,1790653295.407001,1790653295.410424
2026-02-18 02:15:00+00:00,E009,electricity,0,1790653295.226486,1790653295.407001,1790653295.410424
2026-02-18 02:15:00+00:00,E006,electricity,0,1790653295.226513,1790653295.407001,1790653295.410424
2026-02-18 02:15:00+00:00,E002,electricity,0,1790653295.226539,1790653295.407001,1790653295.410424
2026-02-18 02:15:00+00:00,E000,electricity,0,1790653295.226581,1790653295.407001,1790653295.410424
2026-02-18 02:15:00+00:00,E004,electricity,0,1790653295.226608,1790653295.407001,1790653295.410424
2026-02-18 02:15:00+00:00,E007,electricity,0,1790653295.226637,1790653295.407001,1790653295.410424
2026-02-18 02:00:00+00:00,W002,water,0,1790653295.342883,1790653295.498979,1790653295.500389
2026-02-18 01:45:00+00:00,W001,water,0,1790653295.359494,1790653295.498979,1790653295.500389
2026-02-18 02:00:00+00:00,W005,water,0,1790653295.555674,1790653295.627455,1790653295.628813
2026-02-18 02:00:00+00:00,W009,water,0,1790653295.624011,1790653295.708163,1790653295.709435
2026-02-18 02:00:00+00:00,W008,water,0,1790653295.710665,1790653295.786817,1790653295.788156
2026-02-18 02:30:00+00:00,E009,electricity,0,1790653295.726214,1790653295.939836,1790653295.942945
2026-02-18 02:30:00+00:00,E005,electricity,0,1790653295.726393,1790653295.939836,1790653295.942945
2026-02-18 02:30:00+00:00,E007,electricity,0,1790653295.726435,1790653295.939836,1790653295.942945
2026-02-18 02:30:00+00:00,E003,electricity,0,1790653295.726477,1790653295.939836,1790653295.942945
2026-02-18 02:30:00+00:00,E006,electricity,0,1790653295.726507,1790653295.939836,1790653295.942945
2026-02-18 02:30:00+00:00,E008,electricity,1,1790653295.726533,1790653295.939836,1790653295.942945
2026-02-18 02:30:00+00:00,E002,electricity,0,1790653295.726559,1790653295.939836,1790653295.942945
2026-02-18 02:30:00+00:00,E004,electricity,0,1790653295.726583,1790653295.939836,1790653295.942945
2026-02-18 02:30:00+00:00,E000,electricity,0,1790653295.726606,1790653295.939836,1790653295.942945
2026-02-18 02:30:00+00:00,E001,electricity,0,1790653295.726631,1790653295.939836,1790653295.942945
2026-02-18 02:00:00+00:00,W006,water,0,1790653295.773997,1790653295.939836,1790653295.942945
2026-02-18 02:00:00+00:00,W003,water,1,1790653295.827882,1790653296.017861,1790653296.019839
2026-02-18 02:15:00+00:00,W002,water,0,1790653295.945117,1790653296.103054,1790653296.104426
2026-02-18 02:00:00+00:00,W007,water,0,1790653295.956854,1790653296.103054,1790653296.104426
2026-02-18 02:00:00+00:00,W004,water,0,1790653295.973439,1790653296.103054,1790653296.104426
2026-02-18 02:15:00+00:00,W005,water,0,1790653296.023994,1790653296.187728,1790653296.188869
2026-02-18 02:00:00+00:00,W000,water,0,1790653296.024143,1790653296.187728,1790653296.188869
2026-02-18 02:45:00+00:00,E004,electricity,0,1790653296.226221,1790653296.343250,1790653296.346193
2026-02-18 02:45:00+00:00,E009,electricity,0,1790653296.226430,1790653296.343250,1790653296.346193
2026-02-18 02:45:00+00:00,E007,electricity,0,1790653296.226472,1790653296.343250,1790653296.346193
2026-02-18 02:45:00+00:00,E008,electricity,1,1790653296.226513,1790653296.343250,1790653296.346193
2026-02-18 02:45:00+00:00,E001,electricity,0,1790653296.226541,1790653296.343250,1790653296.346193
2026-02-18 02:45:00+00:00,E002,electricity,0,1790653296.226568,1790653296.343250,1790653296.346193
2026-02-18 02:45:00+00:00,E003,electricity,0,1790653296.226592,1790653296.343250,1790653296.346193
2026-02-18 02:45:00+00:00,E006,electricity,0,1790653296.226614,1790653296.343250,1790653296.346193
2026-02-18 02:45:00+00:00,E005,electricity,0,1790653296.226640,1790653296.343250,1790653296.346193
2026-02-18 02:45:00+00:00,E000,electricity,0,1790653296.226663,1790653296.343250,1790653296.346193
2026-02-18 02:15:00+00:00,W001,water,0,1790653296.254004,1790653296.428247,1790653296.429826
2026-02-18 02:30:00+00:00,W000,water,0,1790653296.303446,1790653296.428247,1790653296.429826
2026-02-18 02:15:00+00:00,W008,water,0,1790653296.343444,1790653296.509676,1790653296.511057
2026-02-18 02:30:00+00:00,W002,water,0,1790653296.415122,1790653296.509676,1790653296.511057
2026-02-18 02:30:00+00:00,W003,water,1,1790653296.445665,1790653296.583777,1790653296.585988
2026-02-18 02:30:00+00:00,W006,water,0,1790653296.523439,1790653296.682995,1790653296.684709
2026-02-18 02:30:00+00:00,W004,water,0,1790653296.532868,1790653296.682995,1790653296.684709
2026-02-18 02:30:00+00:00,W007,water,0,1790653296.567877,1790653296.682995,1790653296.684709
2026-02-18 02:15:00+00:00,W009,water,0,1790653296.585654,1790653296.768049,1790653296.769490
2026-02-18 03:00:00+00:00,E001,electricity,1,1790653296.726239,1790653296.936013,1790653296.943718
2026-02-18 03:00:00+00:00,E000,electricity,0,1790653296.726579,1790653296.936013,1790653296.943718
2026-02-18 03:00:00+00:00,G006,gas,0,1790653296.726622,1790653296.936013,1790653296.943718
2026-02-18 03:00:00+00:00,E003,electricity,0,1790653296.726652,1790653296.936013,1790653296.943718
2026-02-18 03:00:00+00:00,E006,electricity,0,1790653296.726682,1790653296.936013,1790653296.943718
2026-02-18 03:00:00+00:00,G001,gas,0,1790653296.726707,1790653296.936013,1790653296.943718
2026-02-18 03:00:00+00:00,E009,electricity,0,1790653296.726737,1790653296.936013,1790653296.943718
2026-02-18 03:00:00+00:00,G005,gas,0,1790653296.726762,1790653296.936013,1790653296.943718
2026-02-18 03:00:00+00:00,G004,gas,0,1790653296.726824,1790653296.936013,1790653296.943718
2026-02-18 03:00:00+00:00,E002,electricity,0,1790653296.726847,1790653296.936013,1790653296.943718
2026-02-18 03:00:00+00:00,E008,electricity,1,1790653296.726870,1790653296.936013,1790653296.943718
2026-02-18 03:00:00+00:00,G008,gas,0,1790653296.726895,1790653296.936013,1790653296.943718
2026-02-18 03:00:00+00:00,G002,gas,0,1790653296.726918,1790653296.936013,1790653296.943718
2026-02-18 03:00:00+00:00,E007,electricity,0,1790653296.726941,1790653296.936013,1790653296.943718
2026-02-18 03:00:00+00:00,G003,gas,0,1790653296.726964,1790653296.936013,1790653296.943718
2026-02-18 03:00:00+00:00,E004,electricity,0,1790653296.726987,1790653296.936013,1790653296.943718
2026-02-18 03:00:00+00:00,G009,gas,0,1790653296.727009,1790653296.936013,1790653296.943718
2026-02-18 03:00:00+00:00,G007,gas,0,1790653296.727032,1790653296.936013,1790653296.943718
2026-02-18 03:00:00+00:00,G000,gas,0,1790653296.727055,1790653296.936013,1790653296.943718
2026-02-18 03:00:00+00:00,E005,electricity,0,1790653296.727082,1790653296.936013,1790653296.943718
2026-02-18 02:45:00+00:00,W004,water,0,1790653296.789550,1790653297.050781,1790653297.052553
2026-02-18 02:45:00+00:00,W008,water,0,1790653296.801756,1790653297.050781,1790653297.052553
2026-02-18 02:45:00+00:00,W000,water,0,1790653296.803973,1790653297.050781,1790653297.052553
2026-02-18 02:45:00+00:00,W002,water,0,1790653296.869551,1790653297.050781,1790653297.052553
2026-02-18 02:30:00+00:00,W005,water,0,1790653296.980648,1790653297.138587,1790653297.139673
2026-02-18 02:45:00+00:00,W006,water,0,1790653297.022467,1790653297.138587,1790653297.139673
2026-02-18 02:45:00+00:00,W003,water,1,1790653297.058432,1790653297.215119,1790653297.216939
2026-02-18 02:45:00+00:00,W001,water,0,1790653297.134548,1790653297.303362,1790653297.304539
2026-02-18 02:45:00+00:00,W009,water,0,1790653297.192880,1790653297.303362,1790653297.304539
2026-02-18 03:15:00+00:00,E007,electricity,0,1790653297.226211,1790653297.479156,1790653297.483735
2026-02-18 03:15:00+00:00,E006,electricity,0,1790653297.226367,1790653297.479156,1790653297.483735
2026-02-18 03:15:00+00:00,E009,electricity,0,1790653297.226410,1790653297.479156,1790653297.483735
2026-02-18 03:15:00+00:00,E001,electricity,0,1790653297.226446,1790653297.479156,1790653297.483735
2026-02-18 03:15:00+00:00,E002,electricity,0,1790653297.226474,1790653297.479156,1790653297.483735
2026-02-18 03:15:00+00:00,E008,electricity,1,1790653297.226500,1790653297.479156,1790653297.483735
2026-02-18 03:15:00+00:00,E004,electricity,0,1790653297.226526,1790653297.479156,1790653297.483735
2026-02-18 03:15:00+00:00,E000,electricity,0,1790653297.226550,1790653297.479156,1790653297.483735
2026-02-18 03:15:00+00:00,E003,electricity,0,1790653297.226573,1790653297.479156,1790653297.483735
2026-02-18 03:15:00+00:00,E005,electricity,0,1790653297.226597,1790653297.479156,1790653297.483735
2026-02-18 03:00:00+00:00,W006,water,1,1790653297.292877,1790653297.479156,1790653297.483735
2026-02-18 02:45:00+00:00,W007,water,0,1790653297.425663,1790653297.555391,1790653297.556849
2026-02-18 03:00:00+00:00,W003,water,1,1790653297.521803,1790653297.635344,1790653297.637384
2026-02-18 03:00:00+00:00,W000,water,0,1790653297.645666,1790653297.740029,1790653297.741679
2026-02-18 03:00:00+00:00,W002,water,0,1790653297.649539,1790653297.740029,1790653297.741679
2026-02-18 03:00:00+00:00,W005,water,0,1790653297.712885,1790653297.926320,1790653297.929651
2026-02-18 03:00:00+00:00,W004,water,0,1790653297.725666,1790653297.926320,1790653297.929651
2026-02-18 03:30:00+00:00,E009,electricity,0,1790653297.726166,1790653297.926320,1790653297.929651
2026-02-18 03:30:00+00:00,E003,electricity,0,1790653297.726217,1790653297.926320,1790653297.929651
2026-02-18 03:30:00+00:00,E006,electricity,0,1790653297.726247,1790653297.926320,1790653297.929651
2026-02-18 03:30:00+00:00,E001,electricity,0,1790653297.726273,1790653297.926320,1790653297.929651
2026-02-18 03:30:00+00:00,E005,electricity,0,1790653297.726314,1790653297.926320,1790653297.929651
2026-02-18 03:30:00+00:00,E000,electricity,0,1790653297.726349,1790653297.926320,1790653297.929651
2026-02-18 03:30:00+00:00,E004,electricity,0,1790653297.726377,1790653297.926320,1790653297.929651
2026-02-18 03:30:00+00:00,E002,electricity,0,1790653297.726402,1790653297.926320,1790653297.929651
2026-02-18 03:30:00+00:00,E007,electricity,0,1790653297.726425,1790653297.926320,1790653297.929651
2026-02-18 03:30:00+00:00,E008,electricity,1,1790653297.726449,1790653297.926320,1790653297.929651
2026-02-18 03:15:00+00:00,W006,water,0,1790653297.752900,1790653298.024332,1790653298.025863
2026-02-18 03:00:00+00:00,W008,water,0,1790653297.759085,1790653298.024332,1790653298.025863
2026-02-18 03:00:00+00:00,W009,water,0,1790653297.947333,1790653298.126441,1790653298.128720
2026-02-18 03:00:00+00:00,W001,water,0,1790653297.948979,1790653298.126441,1790653298.128720
2026-02-18 03:15:00+00:00,W005,water,0,1790653297.950641,1790653298.126441,1790653298.128720
2026-02-18 03:15:00+00:00,W003,water,1,1790653297.960093,1790653298.126441,1790653298.128720
2026-02-18 03:15:00+00:00,W007,water,0,1790653298.100671,1790653298.201111,1790653298.202174
2026-02-18 03:45:00+00:00,E005,electricity,0,1790653298.226214,1790653298.349297,1790653298.352074
2026-02-18 03:45:00+00:00,E004,electricity,0,1790653298.226325,1790653298.349297,1790653298.352074
2026-02-18 03:45:00+00:00,E007,electricity,0,1790653298.226360,1790653298.349297,1790653298.352074
2026-02-18 03:45:00+00:00,E008,electricity,1,1790653298.226396,1790653298.349297,1790653298.352074
2026-02-18 03:45:00+00:00,E003,electricity,0,1790653298.226441,1790653298.349297,1790653298.352074
2026-02-18 03:45:00+00:00,E002,electricity,0,1790653298.226472,1790653298.349297,1790653298.352074
2026-02-18 03:45:00+00:00,E001,electricity,0,1790653298.226503,1790653298.349297,1790653298.352074
2026-02-18 03:45:00+00:00,E000,electricity,0,1790653298.226527,1790653298.349297,1790653298.352074
2026-02-18 03:45:00+00:00,E006,electricity,0,1790653298.226551,1790653298.349297,1790653298.352074
2026-02-18 03:45:00+00:00,E009,electricity,0,1790653298.226574,1790653298.349297,1790653298.352074
2026-02-18 03:30:00+00:00,W001,water,0,1790653298.269556,1790653298.441206,1790653298.442609
2026-02-18 03:30:00+00:00,W006,water,0,1790653298.293433,1790653298.441206,1790653298.442609
2026-02-18 03:30:00+00:00,W003,water,1,1790653298.421221,1790653298.521633,1790653298.523536
2026-02-18 03:15:00+00:00,W004,water,0,1790653298.543993,1790653298.628161,1790653298.629327
2026-02-18 03:15:00+00:00,W000,water,0,1790653298.575655,1790653298.707069,1790653298.708091
2026-02-18 03:30:00+00:00,W009,water,0,1790653298.636770,1790653298.803740,1790653298.805914
2026-02-18 03:15:00+00:00,W002,water,0,1790653298.639493,1790653298.803740,1790653298.805914
2026-02-18 04:00:00+00:00,E003,electricity,0,1790653298.726215,1790653299.088579,1790653299.092314
2026-02-18 04:00:00+00:00,E002,electricity,0,1790653298.726402,1790653299.088579,1790653299.092314
2026-02-18 04:00:00+00:00,G003,gas,0,1790653298.726454,1790653299.088579,1790653299.092314
2026-02-18 04:00:00+00:00,G004,gas,0,1790653298.726485,1790653299.088579,1790653299.092314
2026-02-18 04:00:00+00:00,G009,gas,0,1790653298.726514,1790653299.088579,1790653299.092314
2026-02-18 04:00:00+00:00,G000,gas,0,1790653298.726556,1790653299.088579,1790653299.092314
2026-02-18 04:00:00+00:00,G007,gas,0,1790653298.726580,1790653299.088579,1790653299.092314
2026-02-18 04:00:00+00:00,G006,gas,0,1790653298.726604,1790653299.088579,1790653299.092314
2026-02-18 04:00:00+00:00,E006,electricity,0,1790653298.726627,1790653299.088579,1790653299.092314
2026-02-18 04:00:00+00:00,E000,electricity,0,1790653298.726652,1790653299.088579,1790653299.092314
2026-02-18 04:00:00+00:00,E004,electricity,0,1790653298.726675,1790653299.088579,1790653299.092314
2026-02-18 04:00:00+00:00,G005,gas,0,1790653298.726698,1790653299.088579,1790653299.092314
2026-02-18 04:00:00+00:00,E008,electricity,0,1790653298.726721,1790653299.088579,1790653299.092314
2026-02-18 04:00:00+00:00,G008,gas,0,1790653298.726745,1790653299.088579,1790653299.092314
2026-02-18 04:00:00+00:00,E005,electricity,0,1790653298.726767,1790653299.088579,1790653299.092314
2026-02-18 04:00:00+00:00,E001,electricity,0,1790653298.726790,1790653299.088579,1790653299.092314
2026-02-18 04:00:00+00:00,E009,electricity,0,1790653298.726812,1790653299.088579,1790653299.092314
2026-02-18 04:00:00+00:00,E007,electricity,0,1790653298.726835,1790653299.088579,1790653299.092314
2026-02-18 04:00:00+00:00,G002,gas,0,1790653298.726857,1790653299.088579,1790653299.092314
2026-02-18 04:00:00+00:00,G001,gas,0,1790653298.726886,1790653299.088579,1790653299.092314
2026-02-18 03:45:00+00:00,W001,water,0,1790653298.728975,1790653299.088579,1790653299.092314
2026-02-18 03:30:00+00:00,W008,water,0,1790653298.783205,1790653299.088579,1790653299.092314
2026-02-18 03:45:00+00:00,W004,water,0,1790653298.875704,1790653299.197609,1790653299.199572
2026-02-18 03:30:00+00:00,W007,water,0,1790653298.894282,1790653299.197609,1790653299.199572
2026-02-18 03:45:00+00:00,W009,water,0,1790653298.931256,1790653299.197609,1790653299.199572
2026-02-18 03:30:00+00:00,W005,water,0,1790653299.068455,1790653299.197609,1790653299.199572
2026-02-18 03:45:00+00:00,W003,water,1,1790653299.149023,1790653299.284520,1790653299.286393
2026-02-18 03:45:00+00:00,W002,water,0,1790653299.199057,1790653299.474054,1790653299.477373
2026-02-18 04:15:00+00:00,E002,electricity,0,1790653299.226247,1790653299.474054,1790653299.477373
2026-02-18 04:15:00+00:00,E007,electricity,0,1790653299.226466,1790653299.474054,1790653299.477373
2026-02-18 04:15:00+00:00,E000,electricity,0,1790653299.226511,1790653299.474054,1790653299.477373
2026-02-18 04:15:00+00:00,E006,electricity,0,1790653299.226540,1790653299.474054,1790653299.477373
2026-02-18 04:15:00+00:00,E004,electricity,0,1790653299.226566,1790653299.474054,1790653299.477373
2026-02-18 04:15:00+00:00,E003,electricity,0,1790653299.226590,1790653299.474054,1790653299.477373
2026-02-18 04:15:00+00:00,E001,electricity,0,1790653299.226614,1790653299.474054,1790653299.477373
2026-02-18 04:15:00+00:00,E008,electricity,1,1790653299.226637,1790653299.474054,1790653299.477373
2026-02-18 04:15:00+00:00,E009,electricity,0,1790653299.226662,1790653299.474054,1790653299.477373
2026-02-18 04:15:00+00:00,E005,electricity,0,1790653299.226705,1790653299.474054,1790653299.477373
2026-02-18 03:45:00+00:00,W000,water,0,1790653299.309565,1790653299.577294,1790653299.578898
2026-02-18 04:00:00+00:00,W001,water,0,1790653299.385672,1790653299.577294,1790653299.578898
2026-02-18 03:45:00+00:00,W006,water,0,1790653299.428449,1790653299.577294,1790653299.578898
2026-02-18 04:00:00+00:00,W007,water,0,1790653299.480663,1790653299.672839,1790653299.673960
2026-02-18 04:00:00+00:00,W009,water,0,1790653299.524552,1790653299.672839,1790653299.673960
2026-02-18 04:30:00+00:00,E009,electricity,0,1790653299.726226,1790653299.853212,1790653299.855271
2026-02-18 04:30:00+00:00,E003,electricity,0,1790653299.726461,1790653299.853212,1790653299.855271
2026-02-18 04:30:00+00:00,E008,electricity,0,1790653299.726506,1790653299.853212,1790653299.855271
2026-02-18 04:30:00+00:00,E005,electricity,0,1790653299.726538,1790653299.853212,1790653299.855271
2026-02-18 04:30:00+00:00,E002,electricity,0,1790653299.726566,1790653299.853212,1790653299.855271
2026-02-18 04:30:00+00:00,E004,electricity,0,1790653299.726592,1790653299.853212,1790653299.855271
2026-02-18 04:30:00+00:00,E000,electricity,0,1790653299.726616,1790653299.853212,1790653299.855271
2026-02-18 04:30:00+00:00,E001,electricity,0,1790653299.726638,1790653299.853212,1790653299.855271
2026-02-18 04:30:00+00:00,E007,electricity,0,1790653299.726661,1790653299.853212,1790653299.855271
2026-02-18 04:30:00+00:00,E006,electricity,0,1790653299.726697,1790653299.853212,1790653299.855271
2026-02-18 04:00:00+00:00,W004,water,0,1790653299.780663,1790653299.938936,1790653299.940466
2026-02-18 04:00:00+00:00,W002,water,0,1790653299.906212,1790653300.043037,1790653300.044321
2026-02-18 04:15:00+00:00,W006,water,0,1790653299.909535,1790653300.043037,1790653300.044321
2026-02-18 04:00:00+00:00,W008,water,0,1790653299.925095,1790653300.043037,1790653300.044321
2026-02-18 04:15:00+00:00,W009,water,0,1790653299.939498,1790653300.142773,1790653300.144105
2026-02-18 04:00:00+00:00,W005,water,0,1790653299.968431,1790653300.142773,1790653300.144105
2026-02-18 04:00:00+00:00,W003,water,1,1790653300.057330,1790653300.245678,1790653300.247803
2026-02-18 04:15:00+00:00,W007,water,0,1790653300.088990,1790653300.245678,1790653300.247803
2026-02-18 04:15:00+00:00,W000,water,0,1790653300.139528,1790653300.447552,1790653300.450590
2026-02-18 04:15:00+00:00,W001,water,0,1790653300.157316,1790653300.447552,1790653300.450590
2026-02-18 04:45:00+00:00,E006,electricity,0,1790653300.226219,1790653300.447552,1790653300.450590
2026-02-18 04:45:00+00:00,E001,electricity,0,1790653300.226418,1790653300.447552,1790653300.450590
2026-02-18 04:45:00+00:00,E004,electricity,0,1790653300.226465,1790653300.447552,1790653300.450590
2026-02-18 04:45:00+00:00,E000,electricity,0,1790653300.226496,1790653300.447552,1790653300.450590
2026-02-18 04:45:00+00:00,E005,electricity,0,1790653300.226532,1790653300.447552,1790653300.450590
2026-02-18 04:45:00+00:00,E002,electricity,0,1790653300.226559,1790653300.447552,1790653300.450590
2026-02-18 04:45:00+00:00,E007,electricity,0,1790653300.226583,1790653300.447552,1790653300.450590
2026-02-18 04:45:00+00:00,E009,electricity,0,1790653300.226607,1790653300.447552,1790653300.450590
2026-02-18 04:45:00+00:00,E008,electricity,1,1790653300.226635,1790653300.447552,1790653300.450590
2026-02-18 04:45:00+00:00,E003,electricity,0,1790653300.226662,1790653300.447552,1790653300.450590
2026-02-18 04:30:00+00:00,W009,water,0,1790653300.246215,1790653300.550190,1790653300.551413
2026-02-18 04:30:00+00:00,W007,water,0,1790653300.395120,1790653300.550190,1790653300.551413
2026-02-18 04:30:00+00:00,W001,water,0,1790653300.500111,1790653300.637337,1790653300.638391
2026-02-18 04:30:00+00:00,W006,water,0,1790653300.591222,1790653300.737493,1790653300.739650
2026-02-18 04:30:00+00:00,W003,water,1,1790653300.599487,1790653300.737493,1790653300.739650
2026-02-18 04:30:00+00:00,W000,water,0,1790653300.656215,1790653300.996163,1790653300.999896
2026-02-18 04:30:00+00:00,W002,water,0,1790653300.685659,1790653300.996163,1790653300.999896
2026-02-18 04:30:00+00:00,W004,water,0,1790653300.715109,1790653300.996163,1790653300.999896
2026-02-18 05:00:00+00:00,G005,gas,0,1790653300.726203,1790653300.996163,1790653300.999896
2026-02-18 05:00:00+00:00,G002,gas,0,1790653300.726333,1790653300.996163,1790653300.999896
2026-02-18 05:00:00+00:00,E004,electricity,0,1790653300.726370,1790653300.996163,1790653300.999896
2026-02-18 05:00:00+00:00,G000,gas,0,1790653300.726410,1790653300.996163,1790653300.999896
2026-02-18 05:00:00+00:00,G008,gas,0,1790653300.726437,1790653300.996163,1790653300.999896
2026-02-18 05:00:00+00:00,E009,electricity,0,1790653300.726468,1790653300.996163,1790653300.999896
2026-02-18 05:00:00+00:00,G003,gas,0,1790653300.726492,1790653300.996163,1790653300.999896
2026-02-18 05:00:00+00:00,G004,gas,0,1790653300.726517,1790653300.996163,1790653300.999896
2026-02-18 05:00:00+00:00,G006,gas,0,1790653300.726540,1790653300.996163,1790653300.999896
2026-02-18 05:00:00+00:00,G001,gas,0,1790653300.726562,1790653300.996163,1790653300.999896
2026-02-18 05:00:00+00:00,E008,electricity,0,1790653300.726585,1790653300.996163,1790653300.999896
2026-02-18 05:00:00+00:00,E000,electricity,0,1790653300.726609,1790653300.996163,1790653300.999896
2026-02-18 05:00:00+00:00,E006,electricity,0,1790653300.726635,1790653300.996163,1790653300.999896
2026-02-18 05:00:00+00:00,E003,electricity,0,1790653300.726658,1790653300.996163,1790653300.999896
2026-02-18 05:00:00+00:00,E007,electricity,0,1790653300.726680,1790653300.996163,1790653300.999896
2026-02-18 05:00:00+00:00,E001,electricity,0,1790653300.726703,1790653300.996163,1790653300.999896
2026-02-18 05:00:00+00:00,E005,electricity,0,1790653300.726725,1790653300.996163,1790653300.999896
2026-02-18 05:00:00+00:00,G009,gas,0,1790653300.726748,1790653300.996163,1790653300.999896
2026-02-18 05:00:00+00:00,E002,electricity,0,1790653300.726771,1790653300.996163,1790653300.999896
2026-02-18 05:00:00+00:00,G007,gas,0,1790653300.726794,1790653300.996163,1790653300.999896
2026-02-18 04:45:00+00:00,W007,water,0,1790653300.882886,1790653301.110274,1790653301.111816
2026-02-18 04:45:00+00:00,W004,water,0,1790653300.893985,1790653301.110274,1790653301.111816
2026-02-18 04:30:00+00:00,W005,water,0,1790653300.898422,1790653301.110274,1790653301.111816
2026-02-18 04:30:00+00:00,W008,water,0,1790653300.907316,1790653301.110274,1790653301.111816
2026-02-18 04:45:00+00:00,W001,water,0,1790653300.915745,1790653301.110274,1790653301.111816
2026-02-18 04:45:00+00:00,W009,water,0,1790653301.010668,1790653301.207769,1790653301.208988
2026-02-18 05:15:00+00:00,E002,electricity,0,1790653301.226207,1790653301.361708,1790653301.364434
2026-02-18 05:15:00+00:00,E007,electricity,0,1790653301.226391,1790653301.361708,1790653301.364434
2026-02-18 05:15:00+00:00,E005,electricity,0,1790653301.226437,1790653301.361708,1790653301.364434
2026-02-18 05:15:00+00:00,E009,electricity,0,1790653301.226469,1790653301.361708,1790653301.364434
2026-02-18 05:15:00+00:00,E008,electricity,1,1790653301.226507,1790653301.361708,1790653301.364434
2026-02-18 05:15:00+00:00,E003,electricity,0,1790653301.226544,1790653301.361708,1790653301.364434
2026-02-18 05:15:00+00:00,E000,electricity,0,1790653301.226574,1790653301.361708,1790653301.364434
2026-02-18 05:15:00+00:00,E001,electricity,0,1790653301.226599,1790653301.361708,1790653301.364434
2026-02-18 05:15:00+00:00,E004,electricity,0,1790653301.226623,1790653301.361708,1790653301.364434
2026-02-18 05:15:00+00:00,E006,electricity,0,1790653301.226646,1790653301.361708,1790653301.364434
2026-02-18 05:00:00+00:00,W005,water,0,1790653301.354558,1790653301.447874,1790653301.448879
2026-02-18 04:45:00+00:00,W002,water,0,1790653301.427338,1790653301.539528,1790653301.540553
2026-02-18 04:45:00+00:00,W000,water,1,1790653301.473987,1790653301.653793,1790653301.656973
2026-02-18 04:45:00+00:00,W003,water,1,1790653301.477307,1790653301.653793,1790653301.656973
2026-02-18 04:45:00+00:00,W006,water,0,1790653301.512877,1790653301.653793,1790653301.656973
2026-02-18 05:00:00+00:00,W008,water,0,1790653301.562327,1790653301.762131,1790653301.763216
2026-02-18 05:00:00+00:00,W004,water,0,1790653301.616211,1790653301.762131,1790653301.763216
2026-02-18 05:30:00+00:00,E001,electricity,0,1790653301.726202,1790653301.979651,1790653301.982816
2026-02-18 05:30:00+00:00,E002,electricity,0,1790653301.726368,1790653301.979651,1790653301.982816
2026-02-18 05:30:00+00:00,E004,electricity,0,1790653301.726409,1790653301.979651,1790653301.982816
2026-02-18 05:30:00+00:00,E005,electricity,0,1790653301.726456,1790653301.979651,1790653301.982816
2026-02-18 05:30:00+00:00,E009,electricity,0,1790653301.726482,1790653301.979651,1790653301.982816
2026-02-18 05:30:00+00:00,E003,electricity,0,1790653301.726510,1790653301.979651,1790653301.982816
2026-02-18 05:30:00+00:00,E000,electricity,0,1790653301.726535,1790653301.979651,1790653301.982816
2026-02-18 05:30:00+00:00,E006,electricity,0,1790653301.726558,1790653301.979651,1790653301.982816
2026-02-18 05:30:00+00:00,E008,electricity,1,1790653301.726580,1790653301.979651,1790653301.982816
2026-02-18 05:30:00+00:00,E007,electricity,0,1790653301.726607,1790653301.979651,1790653301.982816
2026-02-18 05:00:00+00:00,W001,water,0,1790653301.742321,1790653301.979651,1790653301.982816
2026-02-18 05:15:00+00:00,W003,water,0,1790653301.755092,1790653301.979651,1790653301.982816
2026-02-18 05:00:00+00:00,W007,water,0,1790653301.802879,1790653302.092816,1790653302.094076
2026-02-18 05:15:00+00:00,W006,water,0,1790653301.885666,1790653302.092816,1790653302.094076
2026-02-18 05:00:00+00:00,W009,water,0,1790653301.936216,1790653302.092816,1790653302.094076
2026-02-18 05:15:00+00:00,W005,water,0,1790653302.158430,1790653302.250680,1790653302.251925
2026-02-18 05:45:00+00:00,E004,electricity,0,1790653302.226230,1790653302.453287,1790653302.455306
2026-02-18 05:45:00+00:00,E002,electricity,0,1790653302.226425,1790653302.453287,1790653302.455306
2026-02-18 05:45:00+00:00,E007,electricity,0,1790653302.226468,1790653302.453287,1790653302.455306
2026-02-18 05:45:00+00:00,E000,electricity,0,1790653302.226496,1790653302.453287,1790653302.455306
2026-02-18 05:45:00+00:00,E001,electricity,0,1790653302.226522,1790653302.453287,1790653302.455306
2026-02-18 05:45:00+00:00,E009,electricity,0,1790653302.226547,1790653302.453287,1790653302.455306
2026-02-18 05:45:00+00:00,E008,electricity,0,1790653302.226571,1790653302.453287,1790653302.455306
2026-02-18 05:45:00+00:00,E003,electricity,0,1790653302.226595,1790653302.453287,1790653302.455306
2026-02-18 05:45:00+00:00,E005,electricity,0,1790653302.226653,1790653302.453287,1790653302.455306
2026-02-18 05:45:00+00:00,E006,electricity,0,1790653302.226681,1790653302.453287,1790653302.455306
2026-02-18 05:15:00+00:00,W002,water,0,1790653302.244537,1790653302.453287,1790653302.455306
2026-02-18 05:15:00+00:00,W000,water,0,1790653302.267886,1790653302.565431,1790653302.566968
2026-02-18 05:30:00+00:00,W005,water,0,1790653302.385171,1790653302.565431,1790653302.566968
2026-02-18 05:30:00+00:00,W007,water,0,1790653302.402328,1790653302.565431,1790653302.566968
2026-02-18 05:15:00+00:00,W004,water,0,1790653302.403422,1790653302.565431,1790653302.566968
2026-02-18 05:15:00+00:00,W008,water,0,1790653302.450664,1790653302.669922,1790653302.672208
2026-02-18 05:30:00+00:00,W001,water,0,1790653302.480109,1790653302.669922,1790653302.672208
2026-02-18 05:30:00+00:00,W003,water,0,1790653302.645107,1790653302.797584,1790653302.798657
2026-02-18 05:30:00+00:00,W006,water,0,1790653302.707901,1790653303.079703,1790653303.085546
2026-02-18 06:00:00+00:00,E006,electricity,0,1790653302.726237,1790653303.079703,1790653303.085546
2026-02-18 06:00:00+00:00,E003,electricity,0,1790653302.726507,1790653303.079703,1790653303.085546
2026-02-18 06:00:00+00:00,G004,gas,0,1790653302.726610,1790653303.079703,1790653303.085546
2026-02-18 06:00:00+00:00,E008,electricity,0,1790653302.726652,1790653303.079703,1790653303.085546
2026-02-18 06:00:00+00:00,G008,gas,0,1790653302.726689,1790653303.079703,1790653303.085546
2026-02-18 06:00:00+00:00,E004,electricity,0,1790653302.726722,1790653303.079703,1790653303.085546
2026-02-18 06:00:00+00:00,E009,electricity,0,1790653302.726755,1790653303.079703,1790653303.085546
2026-02-18 06:00:00+00:00,G001,gas,0,1790653302.726807,1790653303.079703,1790653303.085546
2026-02-18 06:00:00+00:00,G000,gas,0,1790653302.726843,1790653303.079703,1790653303.085546
2026-02-18 06:00:00+00:00,G006,gas,0,1790653302.726879,1790653303.079703,1790653303.085546
2026-02-18 06:00:00+00:00,E007,electricity,0,1790653302.726911,1790653303.079703,1790653303.085546
2026-02-18 06:00:00+00:00,G003,gas,0,1790653302.726943,1790653303.079703,1790653303.085546
2026-02-18 06:00:00+00:00,G002,gas,0,1790653302.726973,1790653303.079703,1790653303.085546
2026-02-18 06:00:00+00:00,E005,electricity,0,1790653302.727004,1790653303.079703,1790653303.085546
2026-02-18 06:00:00+00:00,G005,gas,0,1790653302.727033,1790653303.079703,1790653303.085546
2026-02-18 06:00:00+00:00,E001,electricity,0,1790653302.727062,1790653303.079703,1790653303.085546
2026-02-18 06:00:00+00:00,E000,electricity,0,1790653302.727118,1790653303.079703,1790653303.085546
2026-02-18 06:00:00+00:00,G009,gas,1,1790653302.727151,1790653303.079703,1790653303.085546
2026-02-18 06:00:00+00:00,E002,electricity,0,1790653302.727181,1790653303.079703,1790653303.085546
2026-02-18 06:00:00+00:00,G007,gas,0,1790653302.727212,1790653303.079703,1790653303.085546
2026-02-18 05:30:00+00:00,W009,water,0,1790653302.734052,1790653303.079703,1790653303.085546
2026-02-18 05:45:00+00:00,W007,water,0,1790653302.836480,1790653303.214515,1790653303.218178
2026-02-18 05:45:00+00:00,W005,water,1,1790653302.882890,1790653303.214515,1790653303.218178
2026-02-18 05:45:00+00:00,W003,water,1,1790653302.954559,1790653303.214515,1790653303.218178
2026-02-18 05:45:00+00:00,W008,water,0,1790653302.969544,1790653303.214515,1790653303.218178
2026-02-18 05:45:00+00:00,W002,water,0,1790653303.006768,1790653303.214515,1790653303.218178
2026-02-18 05:45:00+00:00,W000,water,0,1790653303.030656,1790653303.214515,1790653303.218178
2026-02-18 06:15:00+00:00,E009,electricity,0,1790653303.226221,1790653303.367752,1790653303.369856
2026-02-18 06:15:00+00:00,E004,electricity,0,1790653303.226406,1790653303.367752,1790653303.369856
2026-02-18 06:15:00+00:00,E000,electricity,0,1790653303.226450,1790653303.367752,1790653303.369856
2026-02-18 06:15:00+00:00,E008,electricity,0,1790653303.226480,1790653303.367752,1790653303.369856
2026-02-18 06:15:00+00:00,E001,electricity,0,1790653303.226506,1790653303.367752,1790653303.369856
2026-02-18 06:15:00+00:00,E003,electricity,0,1790653303.226537,1790653303.367752,1790653303.369856
2026-02-18 06:15:00+00:00,E005,electricity,0,1790653303.226568,1790653303.367752,1790653303.369856
2026-02-18 06:15:00+00:00,E007,electricity,0,1790653303.226593,1790653303.367752,1790653303.369856
2026-02-18 06:15:00+00:00,E006,electricity,0,1790653303.226616,1790653303.367752,1790653303.369856
2026-02-18 06:15:00+00:00,E002,electricity,0,1790653303.226640,1790653303.367752,1790653303.369856
2026-02-18 05:45:00+00:00,W004,water,1,1790653303.326783,1790653303.469306,1790653303.472614
2026-02-18 06:00:00+00:00,W000,water,0,1790653303.377325,1790653303.589153,1790653303.590991
2026-02-18 06:00:00+00:00,W009,water,0,1790653303.418438,1790653303.589153,1790653303.590991
2026-02-18 05:45:00+00:00,W006,water,0,1790653303.454553,1790653303.589153,1790653303.590991
2026-02-18 06:00:00+00:00,W005,water,0,1790653303.461756,1790653303.589153,1790653303.590991
2026-02-18 06:00:00+00:00,W007,water,0,1790653303.592885,1790653303.714170,1790653303.716575
2026-02-18 05:45:00+00:00,W001,water,1,1790653303.597316,1790653303.714170,1790653303.716575
2026-02-18 06:00:00+00:00,W008,water,0,1790653303.690676,1790653303.809032,1790653303.810341
2026-02-18 06:30:00+00:00,E007,electricity,0,1790653303.726230,1790653304.043913,1790653304.047785
2026-02-18 06:30:00+00:00,E006,electricity,0,1790653303.726422,1790653304.043913,1790653304.047785
2026-02-18 06:30:00+00:00,E005,electricity,0,1790653303.726465,1790653304.043913,1790653304.047785
2026-02-18 06:30:00+00:00,E002,electricity,1,1790653303.726494,1790653304.043913,1790653304.047785
2026-02-18 06:30:00+00:00,E001,electricity,0,1790653303.726525,1790653304.043913,1790653304.047785
2026-02-18 06:30:00+00:00,E004,electricity,0,1790653303.726551,1790653304.043913,1790653304.047785
2026-02-18 06:30:00+00:00,E003,electricity,0,1790653303.726576,1790653304.043913,1790653304.047785
2026-02-18 06:30:00+00:00,E009,electricity,0,1790653303.726601,1790653304.043913,1790653304.047785
2026-02-18 06:30:00+00:00,E008,electricity,1,1790653303.726624,1790653304.043913,1790653304.047785
2026-02-18 06:30:00+00:00,E000,electricity,0,1790653303.726663,1790653304.043913,1790653304.047785
2026-02-18 06:15:00+00:00,W005,water,0,1790653303.728976,1790653304.043913,1790653304.047785
2026-02-18 06:00:00+00:00,W003,water,0,1790653303.761224,1790653304.043913,1790653304.047785
2026-02-18 06:15:00+00:00,W004,water,0,1790653303.893442,1790653304.164195,1790653304.165860
2026-02-18 06:00:00+00:00,W002,water,0,1790653303.977569,1790653304.164195,1790653304.165860
2026-02-18 06:15:00+00:00,W000,water,0,1790653303.984072,1790653304.164195,1790653304.165860
2026-02-18 06:15:00+00:00,W008,water,0,1790653304.105116,1790653304.260785,1790653304.262161
2026-02-18 06:15:00+00:00,W001,water,1,1790653304.201774,1790653304.485603,1790653304.490045
2026-02-18 06:45:00+00:00,E009,electricity,0,1790653304.226204,1790653304.485603,1790653304.490045
2026-02-18 06:45:00+00:00,E002,electricity,0,1790653304.226324,1790653304.485603,1790653304.490045
2026-02-18 06:45:00+00:00,E008,electricity,1,1790653304.226372,1790653304.485603,1790653304.490045
2026-02-18 06:45:00+00:00,E004,electricity,0,1790653304.226402,1790653304.485603,1790653304.490045
2026-02-18 06:45:00+00:00,E007,electricity,0,1790653304.226427,1790653304.485603,1790653304.490045
2026-02-18 06:45:00+00:00,E001,electricity,0,1790653304.226452,1790653304.485603,1790653304.490045
2026-02-18 06:45:00+00:00,E000,electricity,0,1790653304.226483,1790653304.485603,1790653304.490045
2026-02-18 06:45:00+00:00,E003,electricity,0,1790653304.226507,1790653304.485603,1790653304.490045
2026-02-18 06:45:00+00:00,E006,electricity,0,1790653304.226530,1790653304.485603,1790653304.490045
2026-02-18 06:45:00+00:00,E005,electricity,0,1790653304.226555,1790653304.485603,1790653304.490045
2026-02-18 06:15:00+00:00,W009,water,0,1790653304.259513,1790653304.618111,1790653304.620429
2026-02-18 06:15:00+00:00,W006,water,1,1790653304.282320,1790653304.618111,1790653304.620429
2026-02-18 06:30:00+00:00,W005,water,0,1790653304.320661,1790653304.618111,1790653304.620429
2026-02-18 06:30:00+00:00,W003,water,0,1790653304.373444,1790653304.618111,1790653304.620429
2026-02-18 06:15:00+00:00,W007,water,1,1790653304.533457,1790653304.733511,1790653304.735807
2026-02-18 06:30:00+00:00,W004,water,0,1790653304.570666,1790653304.733511,1790653304.735807
2026-02-18 06:30:00+00:00,W008,water,1,1790653304.620143,1790653305.030880,1790653305.037180
2026-02-18 07:00:00+00:00,G005,gas,0,1790653304.726218,1790653305.030880,1790653305.037180
2026-02-18 07:00:00+00:00,E004,electricity,1,1790653304.726441,1790653305.030880,1790653305.037180
2026-02-18 07:00:00+00:00,E003,electricity,0,1790653304.726486,1790653305.030880,1790653305.037180
2026-02-18 07:00:00+00:00,E005,electricity,0,1790653304.726528,1790653305.030880,1790653305.037180
2026-02-18 07:00:00+00:00,G001,gas,1,1790653304.726560,1790653305.030880,1790653305.037180
2026-02-18 07:00:00+00:00,G003,gas,0,1790653304.726586,1790653305.030880,1790653305.037180
2026-02-18 07:00:00+00:00,E009,electricity,0,1790653304.726610,1790653305.030880,1790653305.037180
2026-02-18 07:00:00+00:00,G006,gas,0,1790653304.726633,1790653305.030880,1790653305.037180
2026-02-18 07:00:00+00:00,E001,electricity,0,1790653304.726656,1790653305.030880,1790653305.037180
2026-02-18 07:00:00+00:00,G004,gas,0,1790653304.726682,1790653305.030880,1790653305.037180
2026-02-18 07:00:00+00:00,G007,gas,0,1790653304.726705,1790653305.030880,1790653305.037180
2026-02-18 07:00:00+00:00,E008,electricity,1,1790653304.726731,1790653305.030880,1790653305.037180
2026-02-18 07:00:00+00:00,E007,electricity,0,1790653304.726755,1790653305.030880,1790653305.037180
2026-02-18 07:00:00+00:00,G008,gas,0,1790653304.726778,1790653305.030880,1790653305.037180
2026-02-18 07:00:00+00:00,E000,electricity,0,1790653304.726802,1790653305.030880,1790653305.037180
2026-02-18 07:00:00+00:00,E006,electricity,0,1790653304.726825,1790653305.030880,1790653305.037180
2026-02-18 07:00:00+00:00,E002,electricity,0,1790653304.726848,1790653305.030880,1790653305.037180
2026-02-18 07:00:00+00:00,G009,gas,0,1790653304.726871,1790653305.030880,1790653305.037180
2026-02-18 07:00:00+00:00,G002,gas,0,1790653304.726894,1790653305.030880,1790653305.037180
2026-02-18 07:00:00+00:00,G000,gas,0,1790653304.726917,1790653305.030880,1790653305.037180
2026-02-18 06:45:00+00:00,W009,water,1,1790653304.775126,1790653305.182138,1790653305.187356
2026-02-18 06:45:00+00:00,W007,water,1,1790653304.872334,1790653305.182138,1790653305.187356
2026-02-18 06:30:00+00:00,W000,water,0,1790653304.880648,1790653305.182138,1790653305.187356
2026-02-18 06:45:00+00:00,W005,water,1,1790653304.899526,1790653305.182138,1790653305.187356
2026-02-18 06:30:00+00:00,W002,water,0,1790653304.901198,1790653305.182138,1790653305.187356
2026-02-18 06:30:00+00:00,W001,water,0,1790653304.914000,1790653305.182138,1790653305.187356
2026-02-18 06:45:00+00:00,W008,water,0,1790653304.932877,1790653305.182138,1790653305.187356
2026-02-18 06:45:00+00:00,W006,water,0,1790653305.135102,1790653305.288272,1790653305.289725
2026-02-18 07:15:00+00:00,E000,electricity,0,1790653305.226224,1790653305.523956,1790653305.528204
2026-02-18 07:15:00+00:00,E008,electricity,1,1790653305.226478,1790653305.523956,1790653305.528204
2026-02-18 07:15:00+00:00,E009,electricity,0,1790653305.226528,1790653305.523956,1790653305.528204
2026-02-18 07:15:00+00:00,E002,electricity,0,1790653305.226562,1790653305.523956,1790653305.528204
2026-02-18 07:15:00+00:00,E006,electricity,0,1790653305.226601,1790653305.523956,1790653305.528204
2026-02-18 07:15:00+00:00,E003,electricity,1,1790653305.226635,1790653305.523956,1790653305.528204
2026-02-18 07:15:00+00:00,E007,electricity,0,1790653305.226663,1790653305.523956,1790653305.528204
2026-02-18 07:15:00+00:00,E005,electricity,0,1790653305.226694,1790653305.523956,1790653305.528204
2026-02-18 07:15:00+00:00,E004,electricity,1,1790653305.226726,1790653305.523956,1790653305.528204
2026-02-18 07:15:00+00:00,E001,electricity,0,1790653305.226748,1790653305.523956,1790653305.528204
2026-02-18 06:45:00+00:00,W004,water,0,1790653305.239519,1790653305.523956,1790653305.528204
2026-02-18 07:00:00+00:00,W005,water,0,1790653305.332337,1790653305.666826,1790653305.669371
2026-02-18 06:45:00+00:00,W003,water,1,1790653305.380669,1790653305.666826,1790653305.669371
2026-02-18 07:00:00+00:00,W000,water,0,1790653305.446225,1790653305.666826,1790653305.669371
2026-02-18 07:00:00+00:00,W007,water,1,1790653305.556788,1790653305.816553,1790653305.820120
2026-02-18 07:00:00+00:00,W002,water,0,1790653305.575114,1790653305.816553,1790653305.820120
2026-02-18 07:00:00+00:00,W008,water,0,1790653305.588486,1790653305.816553,1790653305.820120
2026-02-18 07:00:00+00:00,W001,water,1,1790653305.597347,1790653305.816553,1790653305.820120
2026-02-18 07:00:00+00:00,W006,water,0,1790653305.616213,1790653305.816553,1790653305.820120
2026-02-18 07:00:00+00:00,W009,water,0,1790653305.643445,1790653305.816553,1790653305.820120
2026-02-18 07:30:00+00:00,E008,electricity,1,1790653305.726235,1790653305.982626,1790653305.986760
2026-02-18 07:30:00+00:00,E001,electricity,0,1790653305.726449,1790653305.982626,1790653305.986760
2026-02-18 07:30:00+00:00,E006,electricity,0,1790653305.726491,1790653305.982626,1790653305.986760
2026-02-18 07:30:00+00:00,E000,electricity,0,1790653305.726520,1790653305.982626,1790653305.986760
2026-02-18 07:30:00+00:00,E004,electricity,1,1790653305.726546,1790653305.982626,1790653305.986760
2026-02-18 07:30:00+00:00,E005,electricity,0,1790653305.726571,1790653305.982626,1790653305.986760
2026-02-18 07:30:00+00:00,E003,electricity,0,1790653305.726617,1790653305.982626,1790653305.986760
2026-02-18 07:30:00+00:00,E002,electricity,0,1790653305.726641,1790653305.982626,1790653305.986760
2026-02-18 07:30:00+00:00,E007,electricity,0,1790653305.726665,1790653305.982626,1790653305.986760
2026-02-18 07:30:00+00:00,E009,electricity,0,1790653305.726688,1790653305.982626,1790653305.986760
2026-02-18 07:15:00+00:00,W001,water,1,1790653305.823444,1790653306.124985,1790653306.129109
2026-02-18 07:15:00+00:00,W008,water,0,1790653305.866220,1790653306.124985,1790653306.129109
2026-02-18 07:15:00+00:00,W007,water,1,1790653305.917340,1790653306.124985,1790653306.129109
2026-02-18 07:15:00+00:00,W002,water,0,1790653306.064560,1790653306.248030,1790653306.249212
2026-02-18 07:15:00+00:00,W000,water,0,1790653306.080099,1790653306.248030,1790653306.249212
2026-02-18 07:15:00+00:00,W005,water,0,1790653306.225122,1790653306.494333,1790653306.498671
2026-02-18 07:45:00+00:00,E000,electricity,0,1790653306.226202,1790653306.494333,1790653306.498671
2026-02-18 07:45:00+00:00,E003,electricity,0,1790653306.226262,1790653306.494333,1790653306.498671
2026-02-18 07:45:00+00:00,E008,electricity,1,1790653306.226331,1790653306.494333,1790653306.498671
2026-02-18 07:45:00+00:00,E001,electricity,0,1790653306.226362,1790653306.494333,1790653306.498671
2026-02-18 07:45:00+00:00,E006,electricity,0,1790653306.226389,1790653306.494333,1790653306.498671
2026-02-18 07:45:00+00:00,E007,electricity,0,1790653306.226414,1790653306.494333,1790653306.498671
2026-02-18 07:45:00+00:00,E004,electricity,1,1790653306.226440,1790653306.494333,1790653306.498671
2026-02-18 07:45:00+00:00,E002,electricity,0,1790653306.226465,1790653306.494333,1790653306.498671
2026-02-18 07:45:00+00:00,E005,electricity,0,1790653306.226490,1790653306.494333,1790653306.498671
2026-02-18 07:45:00+00:00,E009,electricity,0,1790653306.226521,1790653306.494333,1790653306.498671
2026-02-18 07:15:00+00:00,W004,water,0,1790653306.337317,1790653306.633265,1790653306.634933
2026-02-18 07:15:00+00:00,W003,water,0,1790653306.337867,1790653306.633265,1790653306.634933
2026-02-18 07:15:00+00:00,W009,water,0,1790653306.353437,1790653306.633265,1790653306.634933
2026-02-18 07:30:00+00:00,W007,water,0,1790653306.562310,1790653306.797688,1790653306.800197
2026-02-18 07:15:00+00:00,W006,water,1,1790653306.600671,1790653306.797688,1790653306.800197
2026-02-18 08:00:00+00:00,E001,electricity,1,1790653306.726256,1790653307.124536,1790653307.132680
2026-02-18 08:00:00+00:00,G008,gas,0,1790653306.726556,1790653307.124536,1790653307.132680
2026-02-18 08:00:00+00:00,E005,electricity,0,1790653306.726626,1790653307.124536,1790653307.132680
2026-02-18 08:00:00+00:00,E004,electricity,1,1790653306.726671,1790653307.124536,1790653307.132680
2026-02-18 08:00:00+00:00,G000,gas,0,1790653306.726712,1790653307.124536,1790653307.132680
2026-02-18 08:00:00+00:00,E006,electricity,0,1790653306.726747,1790653307.124536,1790653307.132680
2026-02-18 08:00:00+00:00,E000,electricity,1,1790653306.726781,1790653307.124536,1790653307.132680
2026-02-18 08:00:00+00:00,G001,gas,1,1790653306.726817,1790653307.124536,1790653307.132680
2026-02-18 08:00:00+00:00,E007,electricity,0,1790653306.726876,1790653307.124536,1790653307.132680
2026-02-18 08:00:00+00:00,E003,electricity,0,1790653306.726914,1790653307.124536,1790653307.132680
2026-02-18 08:00:00+00:00,G004,gas,0,1790653306.726981,1790653307.124536,1790653307.132680
2026-02-18 08:00:00+00:00,G003,gas,0,1790653306.727019,1790653307.124536,1790653307.132680
2026-02-18 08:00:00+00:00,E008,electricity,1,1790653306.727057,1790653307.124536,1790653307.132680
2026-02-18 08:00:00+00:00,G006,gas,0,1790653306.727090,1790653307.124536,1790653307.132680
2026-02-18 08:00:00+00:00,G007,gas,0,1790653306.727133,1790653307.124536,1790653307.132680
2026-02-18 08:00:00+00:00,E009,electricity,0,1790653306.727170,1790653307.124536,1790653307.132680
2026-02-18 08:00:00+00:00,G005,gas,0,1790653306.727211,1790653307.124536,1790653307.132680
2026-02-18 08:00:00+00:00,G002,gas,0,1790653306.727246,1790653307.124536,1790653307.132680
2026-02-18 08:00:00+00:00,G009,gas,0,1790653306.727279,1790653307.124536,1790653307.132680
2026-02-18 08:00:00+00:00,E002,electricity,0,1790653306.727312,1790653307.124536,1790653307.132680
2026-02-18 07:30:00+00:00,W001,water,1,1790653306.730692,1790653307.124536,1790653307.132680
2026-02-18 07:30:00+00:00,W008,water,0,1790653306.848448,1790653307.271675,1790653307.273283
2026-02-18 07:30:00+00:00,W005,water,0,1790653306.917886,1790653307.271675,1790653307.273283
2026-02-18 07:30:00+00:00,W000,water,0,1790653306.945663,1790653307.271675,1790653307.273283
2026-02-18 07:45:00+00:00,W006,water,0,1790653307.028448,1790653307.271675,1790653307.273283
2026-02-18 07:30:00+00:00,W002,water,0,1790653307.051769,1790653307.271675,1790653307.273283
2026-02-18 07:45:00+00:00,W007,water,0,1790653307.154001,1790653307.564232,1790653307.570681
2026-02-18 07:45:00+00:00,W003,water,1,1790653307.168986,1790653307.564232,1790653307.570681
2026-02-18 08:15:00+00:00,E008,electricity,1,1790653307.226230,1790653307.564232,1790653307.570681
2026-02-18 08:15:00+00:00,E005,electricity,0,1790653307.226480,1790653307.564232,1790653307.570681
2026-02-18 08:15:00+00:00,E003,electricity,0,1790653307.226536,1790653307.564232,1790653307.570681
2026-02-18 08:15:00+00:00,E007,electricity,1,1790653307.226579,1790653307.564232,1790653307.570681
2026-02-18 08:15:00+00:00,E002,electricity,0,1790653307.226636,1790653307.564232,1790653307.570681
2026-02-18 08:15:00+00:00,E009,electricity,0,1790653307.226672,1790653307.564232,1790653307.570681
2026-02-18 08:15:00+00:00,E001,electricity,0,1790653307.226704,1790653307.564232,1790653307.570681
2026-02-18 08:15:00+00:00,E004,electricity,1,1790653307.226758,1790653307.564232,1790653307.570681
2026-02-18 08:15:00+00:00,E000,electricity,0,1790653307.226794,1790653307.564232,1790653307.570681
2026-02-18 08:15:00+00:00,E006,electricity,0,1790653307.226822,1790653307.564232,1790653307.570681
2026-02-18 08:00:00+00:00,W005,water,0,1790653307.233990,1790653307.564232,1790653307.570681
2026-02-18 08:00:00+00:00,W008,water,1,1790653307.287333,1790653307.726623,1790653307.730113
2026-02-18 07:45:00+00:00,W004,water,0,1790653307.325678,1790653307.726623,1790653307.730113
2026-02-18 07:45:00+00:00,W009,water,0,1790653307.432338,1790653307.726623,1790653307.730113
2026-02-18 08:00:00+00:00,W001,water,1,1790653307.467331,1790653307.726623,1790653307.730113
2026-02-18 08:00:00+00:00,W000,water,0,1790653307.518459,1790653307.726623,1790653307.730113
2026-02-18 08:00:00+00:00,W002,water,0,1790653307.524335,1790653307.726623,1790653307.730113
2026-02-18 08:00:00+00:00,W003,water,0,1790653307.565675,1790653307.726623,1790653307.730113
2026-02-18 08:00:00+00:00,W006,water,0,1790653307.669009,1790653307.863464,1790653307.864803
2026-02-18 08:00:00+00:00,W007,water,0,1790653307.708990,1790653307.863464,1790653307.864803
2026-02-18 08:30:00+00:00,E006,electricity,0,1790653307.726215,1790653308.122805,1790653308.127037
2026-02-18 08:30:00+00:00,E000,electricity,0,1790653307.726376,1790653308.122805,1790653308.127037
2026-02-18 08:30:00+00:00,E001,electricity,0,1790653307.726427,1790653308.122805,1790653308.127037
2026-02-18 08:30:00+00:00,E002,electricity,0,1790653307.726474,1790653308.122805,1790653308.127037
2026-02-18 08:30:00+00:00,E005,electricity,0,1790653307.726501,1790653308.122805,1790653308.127037
2026-02-18 08:30:00+00:00,E003,electricity,0,1790653307.726531,1790653308.122805,1790653308.127037
2026-02-18 08:30:00+00:00,E008,electricity,1,1790653307.726556,1790653308.122805,1790653308.127037
2026-02-18 08:30:00+00:00,E009,electricity,0,1790653307.726581,1790653308.122805,1790653308.127037
2026-02-18 08:30:00+00:00,E007,electricity,0,1790653307.726604,1790653308.122805,1790653308.127037
2026-02-18 08:30:00+00:00,E004,electricity,1,1790653307.726627,1790653308.122805,1790653308.127037
2026-02-18 08:15:00+00:00,W001,water,0,1790653307.848462,1790653308.122805,1790653308.127037
2026-02-18 08:15:00+00:00,W005,water,0,1790653307.860675,1790653308.272513,1790653308.274828
2026-02-18 08:15:00+00:00,W002,water,0,1790653307.941772,1790653308.272513,1790653308.274828
2026-02-18 08:15:00+00:00,W008,water,0,1790653307.964543,1790653308.272513,1790653308.274828
2026-02-18 08:15:00+00:00,W007,water,0,1790653307.978982,1790653308.272513,1790653308.274828
2026-02-18 08:15:00+00:00,W004,water,0,1790653307.979484,1790653308.272513,1790653308.274828
2026-02-18 08:15:00+00:00,W006,water,0,1790653308.091201,1790653308.272513,1790653308.274828
2026-02-18 08:45:00+00:00,E008,electricity,1,1790653308.226223,1790653308.443169,1790653308.447297
2026-02-18 08:45:00+00:00,E006,electricity,0,1790653308.226460,1790653308.443169,1790653308.447297
2026-02-18 08:45:00+00:00,E001,electricity,0,1790653308.226509,1790653308.443169,1790653308.447297
2026-02-18 08:45:00+00:00,E000,electricity,0,1790653308.226552,1790653308.443169,1790653308.447297
2026-02-18 08:45:00+00:00,E009,electricity,0,1790653308.226579,1790653308.443169,1790653308.447297
2026-02-18 08:45:00+00:00,E007,electricity,0,1790653308.226610,1790653308.443169,1790653308.447297
2026-02-18 08:45:00+00:00,E004,electricity,1,1790653308.226635,1790653308.443169,1790653308.447297
2026-02-18 08:45:00+00:00,E005,electricity,0,1790653308.226686,1790653308.443169,1790653308.447297
2026-02-18 08:45:00+00:00,E003,electricity,0,1790653308.226711,1790653308.443169,1790653308.447297
2026-02-18 08:45:00+00:00,E002,electricity,0,1790653308.226734,1790653308.443169,1790653308.447297
2026-02-18 08:15:00+00:00,W000,water,0,1790653308.340651,1790653308.586141,1790653308.588217
2026-02-18 08:30:00+00:00,W004,water,0,1790653308.358989,1790653308.586141,1790653308.588217
2026-02-18 08:15:00+00:00,W009,water,0,1790653308.363989,1790653308.586141,1790653308.588217
2026-02-18 08:15:00+00:00,W003,water,0,1790653308.422886,1790653308.586141,1790653308.588217
2026-02-18 08:30:00+00:00,W007,water,0,1790653308.483439,1790653308.699875,1790653308.700909
2026-02-18 08:30:00+00:00,W006,water,0,1790653308.594541,1790653308.837327,1790653308.838509
2026-02-18 08:30:00+00:00,W005,water,0,1790653308.621203,1790653308.837327,1790653308.838509
2026-02-18 09:00:00+00:00,G009,gas,0,1790653308.726219,1790653309.069208,1790653309.073398
2026-02-18 09:00:00+00:00,G000,gas,0,1790653308.726408,1790653309.069208,1790653309.073398
2026-02-18 09:00:00+00:00,G007,gas,0,1790653308.726451,1790653309.069208,1790653309.073398
2026-02-18 09:00:00+00:00,E007,electricity,0,1790653308.726490,1790653309.069208,1790653309.073398
2026-02-18 09:00:00+00:00,E002,electricity,0,1790653308.726518,1790653309.069208,1790653309.073398
2026-02-18 09:00:00+00:00,G004,gas,0,1790653308.726544,1790653309.069208,1790653309.073398
2026-02-18 09:00:00+00:00,E003,electricity,0,1790653308.726580,1790653309.069208,1790653309.073398
2026-02-18 09:00:00+00:00,G003,gas,0,1790653308.726607,1790653309.069208,1790653309.073398
2026-02-18 09:00:00+00:00,G006,gas,0,1790653308.726630,1790653309.069208,1790653309.073398
2026-02-18 09:00:00+00:00,G008,gas,0,1790653308.726656,1790653309.069208,1790653309.073398
2026-02-18 09:00:00+00:00,E004,electricity,0,1790653308.726680,1790653309.069208,1790653309.073398
2026-02-18 09:00:00+00:00,E008,electricity,1,1790653308.726705,1790653309.069208,1790653309.073398
2026-02-18 09:00:00+00:00,G005,gas,0,1790653308.726729,1790653309.069208,1790653309.073398
2026-02-18 09:00:00+00:00,E001,electricity,0,1790653308.726752,1790653309.069208,1790653309.073398
2026-02-18 09:00:00+00:00,G002,gas,0,1790653308.726775,1790653309.069208,1790653309.073398
2026-02-18 09:00:00+00:00,E000,electricity,0,1790653308.726798,1790653309.069208,1790653309.073398
2026-02-18 09:00:00+00:00,E006,electricity,0,1790653308.726821,1790653309.069208,1790653309.073398
2026-02-18 09:00:00+00:00,E005,electricity,0,1790653308.726844,1790653309.069208,1790653309.073398
2026-02-18 09:00:00+00:00,E009,electricity,0,1790653308.726869,1790653309.069208,1790653309.073398
2026-02-18 09:00:00+00:00,G001,gas,0,1790653308.726893,1790653309.069208,1790653309.073398
2026-02-18 08:45:00+00:00,W004,water,0,1790653308.865105,1790653309.218442,1790653309.219817
2026-02-18 08:45:00+00:00,W006,water,0,1790653308.865641,1790653309.218442,1790653309.219817
2026-02-18 08:30:00+00:00,W008,water,0,1790653308.951234,1790653309.218442,1790653309.219817
2026-02-18 08:45:00+00:00,W005,water,0,1790653308.955653,1790653309.218442,1790653309.219817
2026-02-18 08:30:00+00:00,W001,water,0,1790653309.081217,1790653309.363241,1790653309.364599
2026-02-18 08:30:00+00:00,W002,water,0,1790653309.114548,1790653309.363241,1790653309.364599
2026-02-18 08:45:00+00:00,W009,water,0,1790653309.135652,1790653309.363241,1790653309.364599
2026-02-18 09:15:00+00:00,E005,electricity,0,1790653309.226215,1790653309.648438,1790653309.651597
2026-02-18 09:15:00+00:00,E006,electricity,0,1790653309.226399,1790653309.648438,1790653309.651597
2026-02-18 09:15:00+00:00,E008,electricity,1,1790653309.226443,1790653309.648438,1790653309.651597
2026-02-18 09:15:00+00:00,E004,electricity,0,1790653309.226475,1790653309.648438,1790653309.651597
2026-02-18 09:15:00+00:00,E001,electricity,0,1790653309.226504,1790653309.648438,1790653309.651597
2026-02-18 09:15:00+00:00,E003,electricity,0,1790653309.226537,1790653309.648438,1790653309.651597
2026-02-18 09:15:00+00:00,E007,electricity,0,1790653309.226564,1790653309.648438,1790653309.651597
2026-02-18 09:15:00+00:00,E002,electricity,0,1790653309.226588,1790653309.648438,1790653309.651597
2026-02-18 09:15:00+00:00,E000,electricity,0,1790653309.226611,1790653309.648438,1790653309.651597
2026-02-18 09:15:00+00:00,E009,electricity,0,1790653309.226642,1790653309.648438,1790653309.651597
2026-02-18 09:00:00+00:00,W006,water,0,1790653309.249539,1790653309.648438,1790653309.651597
2026-02-18 08:45:00+00:00,W000,water,0,1790653309.287320,1790653309.648438,1790653309.651597
2026-02-18 08:45:00+00:00,W003,water,0,1790653309.393441,1790653309.798584,1790653309.800584
2026-02-18 08:45:00+00:00,W007,water,0,1790653309.424549,1790653309.798584,1790653309.800584
2026-02-18 09:00:00+00:00,W005,water,0,1790653309.480656,1790653309.798584,1790653309.800584
2026-02-18 09:00:00+00:00,W008,water,0,1790653309.484535,1790653309.798584,1790653309.800584
2026-02-18 09:00:00+00:00,W004,water,0,1790653309.511212,1790653309.798584,1790653309.800584
2026-02-18 09:30:00+00:00,E004,electricity,0,1790653309.726219,1790653310.109019,1790653310.111269
2026-02-18 09:30:00+00:00,E001,electricity,0,1790653309.726407,1790653310.109019,1790653310.111269
2026-02-18 09:30:00+00:00,E009,electricity,0,1790653309.726454,1790653310.109019,1790653310.111269
2026-02-18 09:30:00+00:00,E005,electricity,0,1790653309.726487,1790653310.109019,1790653310.111269
2026-02-18 09:30:00+00:00,E006,electricity,0,1790653309.726526,1790653310.109019,1790653310.111269
2026-02-18 09:30:00+00:00,E002,electricity,0,1790653309.726572,1790653310.109019,1790653310.111269
2026-02-18 09:30:00+00:00,E008,electricity,0,1790653309.726598,1790653310.109019,1790653310.111269
2026-02-18 09:30:00+00:00,E000,electricity,0,1790653309.726623,1790653310.109019,1790653310.111269
2026-02-18 09:30:00+00:00,E007,electricity,0,1790653309.726648,1790653310.109019,1790653310.111269
2026-02-18 09:30:00+00:00,E003,electricity,0,1790653309.726680,1790653310.109019,1790653310.111269
2026-02-18 09:00:00+00:00,W009,water,0,1790653309.759003,1790653310.109019,1790653310.111269
2026-02-18 09:15:00+00:00,W000,water,0,1790653309.760647,1790653310.109019,1790653310.111269
2026-02-18 09:15:00+00:00,W006,water,0,1790653309.802885,1790653310.264773,1790653310.266403
2026-02-18 09:00:00+00:00,W002,water,0,1790653309.999507,1790653310.264773,1790653310.266403
2026-02-18 09:00:00+00:00,W001,water,0,1790653310.027316,1790653310.264773,1790653310.266403
2026-02-18 09:15:00+00:00,W003,water,0,1790653310.057876,1790653310.264773,1790653310.266403
2026-02-18 09:15:00+00:00,W005,water,0,1790653310.206774,1790653310.562637,1790653310.565116
2026-02-18 09:15:00+00:00,W008,water,0,1790653310.212465,1790653310.562637,1790653310.565116
2026-02-18 09:45:00+00:00,E005,electricity,0,1790653310.226203,1790653310.562637,1790653310.565116
2026-02-18 09:45:00+00:00,E004,electricity,0,1790653310.226322,1790653310.562637,1790653310.565116
2026-02-18 09:45:00+00:00,E000,electricity,0,1790653310.226362,1790653310.562637,1790653310.565116
2026-02-18 09:45:00+00:00,E009,electricity,0,1790653310.227048,1790653310.562637,1790653310.565116
2026-02-18 09:45:00+00:00,E008,electricity,0,1790653310.227093,1790653310.562637,1790653310.565116
2026-02-18 09:45:00+00:00,E003,electricity,0,1790653310.227122,1790653310.562637,1790653310.565116
2026-02-18 09:45:00+00:00,E006,electricity,0,1790653310.227156,1790653310.562637,1790653310.565116
2026-02-18 09:45:00+00:00,E007,electricity,0,1790653310.227180,1790653310.562637,1790653310.565116
2026-02-18 09:45:00+00:00,E001,electricity,0,1790653310.227204,1790653310.562637,1790653310.565116
2026-02-18 09:45:00+00:00,E002,electricity,0,1790653310.227233,1790653310.562637,1790653310.565116
2026-02-18 09:30:00+00:00,W006,water,0,1790653310.241756,1790653310.562637,1790653310.565116
2026-02-18 09:15:00+00:00,W004,water,0,1790653310.267321,1790653310.712169,1790653310.713464
2026-02-18 09:15:00+00:00,W007,water,0,1790653310.286758,1790653310.712169,1790653310.713464
2026-02-18 09:30:00+00:00,W002,water,0,1790653310.364545,1790653310.712169,1790653310.713464
2026-02-18 10:00:00+00:00,G005,gas,0,1790653310.726276,1790653311.037746,1790653311.040905
2026-02-18 10:00:00+00:00,G004,gas,0,1790653310.726618,1790653311.037746,1790653311.040905
2026-02-18 10:00:00+00:00,G001,gas,0,1790653310.726696,1790653311.037746,1790653311.040905
2026-02-18 10:00:00+00:00,G006,gas,0,1790653310.726763,1790653311.037746,1790653311.040905
2026-02-18 10:00:00+00:00,E000,electricity,0,1790653310.726801,1790653311.037746,1790653311.040905
2026-02-18 10:00:00+00:00,G003,gas,0,1790653310.726845,1790653311.037746,1790653311.040905
2026-02-18 10:00:00+00:00,G000,gas,0,1790653310.726879,1790653311.037746,1790653311.040905
2026-02-18 10:00:00+00:00,E007,electricity,0,1790653310.726912,1790653311.037746,1790653311.040905
2026-02-18 10:00:00+00:00,E003,electricity,0,1790653310.726943,1790653311.037746,1790653311.040905
2026-02-18 10:00:00+00:00,G007,gas,0,1790653310.726977,1790653311.037746,1790653311.040905
2026-02-18 10:00:00+00:00,E006,electricity,0,1790653310.727010,1790653311.037746,1790653311.040905
2026-02-18 10:00:00+00:00,G009,gas,0,1790653310.727041,1790653311.037746,1790653311.040905
2026-02-18 10:00:00+00:00,E001,electricity,0,1790653310.727074,1790653311.037746,1790653311.040905
2026-02-18 10:00:00+00:00,E005,electricity,0,1790653310.727107,1790653311.037746,1790653311.040905
2026-02-18 10:00:00+00:00,G008,gas,0,1790653310.727165,1790653311.037746,1790653311.040905
2026-02-18 10:00:00+00:00,E004,electricity,0,1790653310.727199,1790653311.037746,1790653311.040905
2026-02-18 10:00:00+00:00,E008,electricity,0,1790653310.727235,1790653311.037746,1790653311.040905
2026-02-18 10:00:00+00:00,E002,electricity,0,1790653310.727268,1790653311.037746,1790653311.040905
2026-02-18 10:00:00+00:00,G002,gas,0,1790653310.727300,1790653311.037746,1790653311.040905
2026-02-18 10:00:00+00:00,E009,electricity,0,1790653310.727339,1790653311.037746,1790653311.040905
2026-02-18 09:30:00+00:00,W009,water,0,1790653310.752334,1790653311.193881,1790653311.195826
2026-02-18 09:45:00+00:00,W004,water,0,1790653310.752595,1790653311.193881,1790653311.195826
2026-02-18 09:30:00+00:00,W001,water,0,1790653310.799177,1790653311.193881,1790653311.195826
2026-02-18 09:30:00+00:00,W000,water,0,1790653310.853451,1790653311.193881,1790653311.195826
2026-02-18 09:45:00+00:00,W002,water,0,1790653310.854537,1790653311.193881,1790653311.195826
2026-02-18 09:30:00+00:00,W005,water,0,1790653310.865666,1790653311.193881,1790653311.195826
2026-02-18 09:30:00+00:00,W003,water,0,1790653310.886210,1790653311.193881,1790653311.195826
2026-02-18 09:45:00+00:00,W007,water,0,1790653310.894541,1790653311.193881,1790653311.195826
2026-02-18 09:45:00+00:00,W006,water,0,1790653311.150651,1790653311.319059,1790653311.320408
2026-02-18 09:30:00+00:00,W008,water,0,1790653311.205096,1790653311.602606,1790653311.604795
2026-02-18 10:15:00+00:00,E000,electricity,0,1790653311.226198,1790653311.602606,1790653311.604795
2026-02-18 10:15:00+00:00,E008,electricity,0,1790653311.226305,1790653311.602606,1790653311.604795
2026-02-18 10:15:00+00:00,E009,electricity,0,1790653311.226347,1790653311.602606,1790653311.604795
2026-02-18 10:15:00+00:00,E003,electricity,0,1790653311.226384,1790653311.602606,1790653311.604795
2026-02-18 10:15:00+00:00,E002,electricity,0,1790653311.226418,1790653311.602606,1790653311.604795
2026-02-18 10:15:00+00:00,E007,electricity,0,1790653311.226457,1790653311.602606,1790653311.604795
2026-02-18 10:15:00+00:00,E006,electricity,0,1790653311.226483,1790653311.602606,1790653311.604795
2026-02-18 10:15:00+00:00,E004,electricity,0,1790653311.226509,1790653311.602606,1790653311.604795
2026-02-18 10:15:00+00:00,E001,electricity,0,1790653311.226533,1790653311.602606,1790653311.604795
2026-02-18 10:15:00+00:00,E005,electricity,0,1790653311.226568,1790653311.602606,1790653311.604795
2026-02-18 10:00:00+00:00,W007,water,0,1790653311.278987,1790653311.602606,1790653311.604795
2026-02-18 10:00:00+00:00,W004,water,0,1790653311.348987,1790653311.762830,1790653311.765470
2026-02-18 10:00:00+00:00,W001,water,1,1790653311.408985,1790653311.762830,1790653311.765470
2026-02-18 10:00:00+00:00,W009,water,0,1790653311.443444,1790653311.762830,1790653311.765470
2026-02-18 10:00:00+00:00,W006,water,0,1790653311.463424,1790653311.762830,1790653311.765470
2026-02-18 10:00:00+00:00,W005,water,0,1790653311.506760,1790653311.762830,1790653311.765470
2026-02-18 10:00:00+00:00,W000,water,0,1790653311.550647,1790653311.762830,1790653311.765470
2026-02-18 10:00:00+00:00,W003,water,1,1790653311.631760,1790653312.035161,1790653312.038379
2026-02-18 10:30:00+00:00,E007,electricity,0,1790653311.726225,1790653312.035161,1790653312.038379
2026-02-18 10:30:00+00:00,E005,electricity,0,1790653311.726399,1790653312.035161,1790653312.038379
2026-02-18 10:30:00+00:00,E006,electricity,0,1790653311.726454,1790653312.035161,1790653312.038379
2026-02-18 10:30:00+00:00,E001,electricity,0,1790653311.726483,1790653312.035161,1790653312.038379
2026-02-18 10:30:00+00:00,E009,electricity,0,1790653311.726509,1790653312.035161,1790653312.038379
2026-02-18 10:30:00+00:00,E000,electricity,0,1790653311.726533,1790653312.035161,1790653312.038379
2026-02-18 10:30:00+00:00,E002,electricity,0,1790653311.726587,1790653312.035161,1790653312.038379
2026-02-18 10:30:00+00:00,E008,electricity,0,1790653311.726610,1790653312.035161,1790653312.038379
2026-02-18 10:30:00+00:00,E003,electricity,0,1790653311.726634,1790653312.035161,1790653312.038379
2026-02-18 10:30:00+00:00,E004,electricity,0,1790653311.726657,1790653312.035161,1790653312.038379
2026-02-18 10:15:00+00:00,W006,water,0,1790653311.792879,1790653312.174453,1790653312.175759
2026-02-18 10:15:00+00:00,W003,water,0,1790653311.865106,1790653312.174453,1790653312.175759
2026-02-18 10:15:00+00:00,W001,water,0,1790653312.068992,1790653312.329986,1790653312.331411
2026-02-18 10:00:00+00:00,W008,water,0,1790653312.138423,1790653312.329986,1790653312.331411
2026-02-18 10:15:00+00:00,W004,water,0,1790653312.145647,1790653312.329986,1790653312.331411
2026-02-18 10:15:00+00:00,W009,water,0,1790653312.152309,1790653312.329986,1790653312.331411
2026-02-18 10:15:00+00:00,W007,water,0,1790653312.176769,1790653312.626233,1790653312.628757
2026-02-18 10:00:00+00:00,W002,water,0,1790653312.199490,1790653312.626233,1790653312.628757
2026-02-18 10:15:00+00:00,W000,water,0,1790653312.219486,1790653312.626233,1790653312.628757
2026-02-18 10:45:00+00:00,E000,electricity,0,1790653312.226201,1790653312.626233,1790653312.628757
2026-02-18 10:45:00+00:00,E005,electricity,0,1790653312.226285,1790653312.626233,1790653312.628757
2026-02-18 10:45:00+00:00,E007,electricity,0,1790653312.226329,1790653312.626233,1790653312.628757
2026-02-18 10:45:00+00:00,E004,electricity,0,1790653312.226359,1790653312.626233,1790653312.628757
2026-02-18 10:45:00+00:00,E003,electricity,0,1790653312.226386,1790653312.626233,1790653312.628757
2026-02-18 10:45:00+00:00,E001,electricity,0,1790653312.226424,1790653312.626233,1790653312.628757
2026-02-18 10:45:00+00:00,E006,electricity,0,1790653312.226448,1790653312.626233,1790653312.628757
2026-02-18 10:45:00+00:00,E002,electricity,0,1790653312.226471,1790653312.626233,1790653312.628757
2026-02-18 10:45:00+00:00,E008,electricity,0,1790653312.226493,1790653312.626233,1790653312.628757
2026-02-18 10:45:00+00:00,E009,electricity,0,1790653312.226516,1790653312.626233,1790653312.628757
2026-02-18 10:30:00+00:00,W008,water,0,1790653312.351769,1790653312.785971,1790653312.787589
2026-02-18 10:30:00+00:00,W004,water,0,1790653312.381210,1790653312.785971,1790653312.787589
2026-02-18 10:30:00+00:00,W002,water,0,1790653312.388428,1790653312.785971,1790653312.787589
2026-02-18 10:30:00+00:00,W009,water,0,1790653312.430649,1790653312.785971,1790653312.787589
2026-02-18 10:15:00+00:00,W005,water,0,1790653312.461207,1790653312.785971,1790653312.787589
2026-02-18 10:30:00+00:00,W006,water,0,1790653312.542885,1790653312.785971,1790653312.787589
2026-02-18 10:30:00+00:00,W001,water,0,1790653312.646212,1790653313.171822,1790653313.175214
2026-02-18 10:30:00+00:00,W003,water,0,1790653312.675092,1790653313.171822,1790653313.175214
2026-02-18 11:00:00+00:00,E006,electricity,0,1790653312.726202,1790653313.171822,1790653313.175214
2026-02-18 11:00:00+00:00,G001,gas,0,1790653312.726307,1790653313.171822,1790653313.175214
2026-02-18 11:00:00+00:00,G000,gas,0,1790653312.726347,1790653313.171822,1790653313.175214
2026-02-18 11:00:00+00:00,E005,electricity,0,1790653312.726377,1790653313.171822,1790653313.175214
2026-02-18 11:00:00+00:00,G008,gas,0,1790653312.726413,1790653313.171822,1790653313.175214
2026-02-18 11:00:00+00:00,E007,electricity,0,1790653312.726440,1790653313.171822,1790653313.175214
2026-02-18 11:00:00+00:00,E003,electricity,0,1790653312.726465,1790653313.171822,1790653313.175214
2026-02-18 11:00:00+00:00,E002,electricity,0,1790653312.726491,1790653313.171822,1790653313.175214
2026-02-18 11:00:00+00:00,E000,electricity,0,1790653312.726514,1790653313.171822,1790653313.175214
2026-02-18 11:00:00+00:00,G005,gas,0,1790653312.726537,1790653313.171822,1790653313.175214
2026-02-18 11:00:00+00:00,E009,electricity,0,1790653312.726569,1790653313.171822,1790653313.175214
2026-02-18 11:00:00+00:00,G009,gas,0,1790653312.726593,1790653313.171822,1790653313.175214
2026-02-18 11:00:00+00:00,G003,gas,0,1790653312.726616,1790653313.171822,1790653313.175214
2026-02-18 11:00:00+00:00,G002,gas,0,1790653312.726639,1790653313.171822,1790653313.175214
2026-02-18 11:00:00+00:00,E008,electricity,0,1790653312.726661,1790653313.171822,1790653313.175214
2026-02-18 11:00:00+00:00,G007,gas,0,1790653312.726686,1790653313.171822,1790653313.175214
2026-02-18 11:00:00+00:00,G004,gas,0,1790653312.726710,1790653313.171822,1790653313.175214
2026-02-18 11:00:00+00:00,G006,gas,0,1790653312.726732,1790653313.171822,1790653313.175214
2026-02-18 11:00:00+00:00,E001,electricity,0,1790653312.726758,1790653313.171822,1790653313.175214
2026-02-18 11:00:00+00:00,E004,electricity,0,1790653312.726781,1790653313.171822,1790653313.175214
2026-02-18 10:45:00+00:00,W008,water,0,1790653312.919007,1790653313.340122,1790653313.341829
2026-02-18 10:30:00+00:00,W000,water,0,1790653312.947336,1790653313.340122,1790653313.341829
2026-02-18 10:45:00+00:00,W003,water,0,1790653313.094011,1790653313.340122,1790653313.341829
2026-02-18 10:45:00+00:00,W009,water,0,1790653313.145663,1790653313.340122,1790653313.341829
2026-02-18 10:30:00+00:00,W007,water,0,1790653313.145842,1790653313.340122,1790653313.341829
2026-02-18 10:45:00+00:00,W004,water,0,1790653313.166775,1790653313.340122,1790653313.341829
2026-02-18 11:15:00+00:00,E002,electricity,0,1790653313.226225,1790653313.625537,1790653313.627868
2026-02-18 11:15:00+00:00,E005,electricity,0,1790653313.226394,1790653313.625537,1790653313.627868
2026-02-18 11:15:00+00:00,E006,electricity,0,1790653313.226457,1790653313.625537,1790653313.627868
2026-02-18 11:15:00+00:00,E009,electricity,0,1790653313.226487,1790653313.625537,1790653313.627868
2026-02-18 11:15:00+00:00,E008,electricity,0,1790653313.226513,1790653313.625537,1790653313.627868
2026-02-18 11:15:00+00:00,E000,electricity,0,1790653313.226539,1790653313.625537,1790653313.627868
2026-02-18 11:15:00+00:00,E001,electricity,0,1790653313.226563,1790653313.625537,1790653313.627868
2026-02-18 11:15:00+00:00,E004,electricity,0,1790653313.226585,1790653313.625537,1790653313.627868
2026-02-18 11:15:00+00:00,E007,electricity,0,1790653313.226607,1790653313.625537,1790653313.627868
2026-02-18 11:15:00+00:00,E003,electricity,0,1790653313.226629,1790653313.625537,1790653313.627868
2026-02-18 10:45:00+00:00,W002,water,0,1790653313.325664,1790653313.625537,1790653313.627868
2026-02-18 10:45:00+00:00,W005,water,0,1790653313.352318,1790653313.795998,1790653313.797579
2026-02-18 11:00:00+00:00,W009,water,0,1790653313.415106,1790653313.795998,1790653313.797579
2026-02-18 10:45:00+00:00,W006,water,0,1790653313.456778,1790653313.795998,1790653313.797579
2026-02-18 11:00:00+00:00,W007,water,0,1790653313.460116,1790653313.795998,1790653313.797579
2026-02-18 11:00:00+00:00,W000,water,0,1790653313.495665,1790653313.795998,1790653313.797579
2026-02-18 11:00:00+00:00,W008,water,0,1790653313.499014,1790653313.795998,1790653313.797579
2026-02-18 10:45:00+00:00,W001,water,0,1790653313.530101,1790653313.795998,1790653313.797579
2026-02-18 11:30:00+00:00,E002,electricity,0,1790653313.726211,1790653313.979049,1790653313.980975
2026-02-18 11:30:00+00:00,E009,electricity,0,1790653313.726386,1790653313.979049,1790653313.980975
2026-02-18 11:30:00+00:00,E008,electricity,0,1790653313.726436,1790653313.979049,1790653313.980975
2026-02-18 11:30:00+00:00,E000,electricity,0,1790653313.726465,1790653313.979049,1790653313.980975
2026-02-18 11:30:00+00:00,E006,electricity,0,1790653313.726501,1790653313.979049,1790653313.980975
2026-02-18 11:30:00+00:00,E007,electricity,0,1790653313.726526,1790653313.979049,1790653313.980975
2026-02-18 11:30:00+00:00,E004,electricity,0,1790653313.726550,1790653313.979049,1790653313.980975
2026-02-18 11:30:00+00:00,E001,electricity,0,1790653313.726575,1790653313.979049,1790653313.980975
2026-02-18 11:30:00+00:00,E005,electricity,0,1790653313.726599,1790653313.979049,1790653313.980975
2026-02-18 11:30:00+00:00,E003,electricity,0,1790653313.726621,1790653313.979049,1790653313.980975
2026-02-18 11:00:00+00:00,W004,water,0,1790653313.800099,1790653314.141733,1790653314.143337
2026-02-18 11:15:00+00:00,W007,water,0,1790653313.824542,1790653314.141733,1790653314.143337
2026-02-18 11:15:00+00:00,W002,water,0,1790653313.826196,1790653314.141733,1790653314.143337
2026-02-18 11:15:00+00:00,W000,water,0,1790653313.904544,1790653314.141733,1790653314.143337
2026-02-18 11:00:00+00:00,W003,water,0,1790653314.087330,1790653314.266554,1790653314.267558
2026-02-18 11:15:00+00:00,W006,water,0,1790653314.147875,1790653314.618632,1790653314.621130
2026-02-18 11:15:00+00:00,W008,water,0,1790653314.189544,1790653314.618632,1790653314.621130
2026-02-18 11:45:00+00:00,E009,electricity,0,1790653314.226197,1790653314.618632,1790653314.621130
2026-02-18 11:45:00+00:00,E005,electricity,0,1790653314.226243,1790653314.618632,1790653314.621130
2026-02-18 11:45:00+00:00,E008,electricity,0,1790653314.226274,1790653314.618632,1790653314.621130
2026-02-18 11:45:00+00:00,E001,electricity,0,1790653314.226299,1790653314.618632,1790653314.621130
2026-02-18 11:45:00+00:00,E007,electricity,0,1790653314.226332,1790653314.618632,1790653314.621130
2026-02-18 11:45:00+00:00,E004,electricity,0,1790653314.226357,1790653314.618632,1790653314.621130
2026-02-18 11:45:00+00:00,E000,electricity,0,1790653314.226380,1790653314.618632,1790653314.621130
2026-02-18 11:45:00+00:00,E006,electricity,0,1790653314.226403,1790653314.618632,1790653314.621130
2026-02-18 11:45:00+00:00,E002,electricity,0,1790653314.226439,1790653314.618632,1790653314.621130
2026-02-18 11:45:00+00:00,E003,electricity,0,1790653314.226470,1790653314.618632,1790653314.621130
2026-02-18 11:15:00+00:00,W005,water,0,1790653314.289548,1790653314.813746,1790653314.823207
2026-02-18 11:15:00+00:00,W001,water,0,1790653314.313987,1790653314.813746,1790653314.823207
2026-02-18 11:30:00+00:00,W003,water,0,1790653314.341763,1790653314.813746,1790653314.823207
2026-02-18 11:30:00+00:00,W007,water,0,1790653314.368432,1790653314.813746,1790653314.823207
2026-02-18 11:15:00+00:00,W009,water,0,1790653314.374030,1790653314.813746,1790653314.823207
2026-02-18 11:30:00+00:00,W008,water,0,1790653314.462883,1790653314.813746,1790653314.823207
2026-02-18 11:30:00+00:00,W002,water,0,1790653314.501784,1790653314.813746,1790653314.823207
2026-02-18 11:30:00+00:00,W004,water,0,1790653314.544549,1790653314.813746,1790653314.823207
2026-02-18 12:00:00+00:00,G005,gas,0,1790653314.726208,1790653315.250550,1790653315.255054
2026-02-18 12:00:00+00:00,G001,gas,0,1790653314.726417,1790653315.250550,1790653315.255054
2026-02-18 12:00:00+00:00,G006,gas,0,1790653314.726461,1790653315.250550,1790653315.255054
2026-02-18 12:00:00+00:00,E005,electricity,0,1790653314.726489,1790653315.250550,1790653315.255054
2026-02-18 12:00:00+00:00,E008,electricity,0,1790653314.726525,1790653315.250550,1790653315.255054
2026-02-18 12:00:00+00:00,E001,electricity,0,1790653314.726549,1790653315.250550,1790653315.255054
2026-02-18 12:00:00+00:00,G004,gas,0,1790653314.726573,1790653315.250550,1790653315.255054
2026-02-18 12:00:00+00:00,G003,gas,0,1790653314.726597,1790653315.250550,1790653315.255054
2026-02-18 12:00:00+00:00,G008,gas,0,1790653314.726631,1790653315.250550,1790653315.255054
2026-02-18 12:00:00+00:00,G007,gas,1,1790653314.726660,1790653315.250550,1790653315.255054
2026-02-18 12:00:00+00:00,E003,electricity,0,1790653314.726686,1790653315.250550,1790653315.255054
2026-02-18 12:00:00+00:00,G009,gas,0,1790653314.726710,1790653315.250550,1790653315.255054
2026-02-18 12:00:00+00:00,E007,electricity,0,1790653314.726732,1790653315.250550,1790653315.255054
2026-02-18 12:00:00+00:00,E004,electricity,0,1790653314.726755,1790653315.250550,1790653315.255054
2026-02-18 12:00:00+00:00,G002,gas,0,1790653314.726777,1790653315.250550,1790653315.255054
2026-02-18 12:00:00+00:00,G000,gas,0,1790653314.726799,1790653315.250550,1790653315.255054
2026-02-18 12:00:00+00:00,E000,electricity,0,1790653314.726843,1790653315.250550,1790653315.255054
2026-02-18 12:00:00+00:00,E009,electricity,0,1790653314.726866,1790653315.250550,1790653315.255054
2026-02-18 12:00:00+00:00,E006,electricity,0,1790653314.726892,1790653315.250550,1790653315.255054
2026-02-18 12:00:00+00:00,E002,electricity,0,1790653314.726915,1790653315.250550,1790653315.255054
2026-02-18 11:45:00+00:00,W004,water,0,1790653314.780140,1790653315.250550,1790653315.255054
2026-02-18 11:45:00+00:00,W009,water,0,1790653314.807420,1790653315.250550,1790653315.255054
2026-02-18 11:30:00+00:00,W006,water,0,1790653314.950676,1790653315.588814,1790653315.591593
2026-02-18 11:45:00+00:00,W001,water,0,1790653314.977883,1790653315.588814,1790653315.591593
2026-02-18 11:45:00+00:00,W005,water,0,1790653315.047872,1790653315.588814,1790653315.591593
2026-02-18 11:45:00+00:00,W002,water,0,1790653315.057314,1790653315.588814,1790653315.591593
2026-02-18 11:45:00+00:00,W007,water,0,1790653315.092869,1790653315.588814,1790653315.591593
2026-02-18 11:30:00+00:00,W000,water,0,1790653315.175096,1790653315.588814,1790653315.591593
2026-02-18 12:15:00+00:00,E007,electricity,0,1790653315.226218,1790653315.588814,1790653315.591593
2026-02-18 12:15:00+00:00,E009,electricity,0,1790653315.226414,1790653315.588814,1790653315.591593
2026-02-18 12:15:00+00:00,E001,electricity,0,1790653315.226481,1790653315.588814,1790653315.591593
2026-02-18 12:15:00+00:00,E000,electricity,0,1790653315.226515,1790653315.588814,1790653315.591593
2026-02-18 12:15:00+00:00,E004,electricity,0,1790653315.226542,1790653315.588814,1790653315.591593
2026-02-18 12:15:00+00:00,E003,electricity,0,1790653315.226568,1790653315.588814,1790653315.591593
2026-02-18 12:15:00+00:00,E006,electricity,0,1790653315.226592,1790653315.588814,1790653315.591593
2026-02-18 12:15:00+00:00,E008,electricity,0,1790653315.226615,1790653315.588814,1790653315.591593
2026-02-18 12:15:00+00:00,E005,electricity,0,1790653315.226639,1790653315.588814,1790653315.591593
2026-02-18 12:15:00+00:00,E002,electricity,0,1790653315.226662,1790653315.588814,1790653315.591593
2026-02-18 11:45:00+00:00,W008,water,0,1790653315.278438,1790653315.761142,1790653315.763009
2026-02-18 11:45:00+00:00,W003,water,0,1790653315.287318,1790653315.761142,1790653315.763009
2026-02-18 12:00:00+00:00,W009,water,0,1790653315.352338,1790653315.761142,1790653315.763009
2026-02-18 12:00:00+00:00,W002,water,0,1790653315.533442,1790653315.761142,1790653315.763009
2026-02-18 12:00:00+00:00,W000,water,0,1790653315.548432,1790653315.761142,1790653315.763009
2026-02-18 12:00:00+00:00,W007,water,0,1790653315.594553,1790653316.084637,1790653316.087418
2026-02-18 12:00:00+00:00,W005,water,0,1790653315.725655,1790653316.084637,1790653316.087418
2026-02-18 12:30:00+00:00,E005,electricity,0,1790653315.726197,1790653316.084637,1790653316.087418
2026-02-18 12:30:00+00:00,E000,electricity,0,1790653315.726248,1790653316.084637,1790653316.087418
2026-02-18 12:30:00+00:00,E008,electricity,0,1790653315.726280,1790653316.084637,1790653316.087418
2026-02-18 12:30:00+00:00,E004,electricity,0,1790653315.726319,1790653316.084637,1790653316.087418
2026-02-18 12:30:00+00:00,E002,electricity,0,1790653315.726344,1790653316.084637,1790653316.087418
2026-02-18 12:30:00+00:00,E009,electricity,0,1790653315.726368,1790653316.084637,1790653316.087418
2026-02-18 12:30:00+00:00,E007,electricity,0,1790653315.726392,1790653316.084637,1790653316.087418
2026-02-18 12:30:00+00:00,E006,electricity,0,1790653315.726414,1790653316.084637,1790653316.087418
2026-02-18 12:30:00+00:00,E003,electricity,0,1790653315.726437,1790653316.084637,1790653316.087418
2026-02-18 12:30:00+00:00,E001,electricity,0,1790653315.726460,1790653316.084637,1790653316.087418
2026-02-18 12:00:00+00:00,W001,water,0,1790653315.748432,1790653316.084637,1790653316.087418
2026-02-18 12:00:00+00:00,W006,water,0,1790653315.830127,1790653316.260257,1790653316.263141
2026-02-18 12:00:00+00:00,W004,water,0,1790653315.945662,1790653316.260257,1790653316.263141
2026-02-18 12:15:00+00:00,W007,water,0,1790653315.945862,1790653316.260257,1790653316.263141
2026-02-18 12:15:00+00:00,W002,water,0,1790653315.946201,1790653316.260257,1790653316.263141
2026-02-18 12:15:00+00:00,W003,water,1,1790653315.992877,1790653316.260257,1790653316.263141
2026-02-18 12:15:00+00:00,W000,water,0,1790653315.999496,1790653316.260257,1790653316.263141
2026-02-18 12:15:00+00:00,W005,water,0,1790653316.082889,1790653316.600147,1790653316.602591
2026-02-18 12:15:00+00:00,W008,water,0,1790653316.083977,1790653316.600147,1790653316.602591
2026-02-18 12:45:00+00:00,E003,electricity,0,1790653316.226218,1790653316.600147,1790653316.602591
2026-02-18 12:45:00+00:00,E005,electricity,0,1790653316.226416,1790653316.600147,1790653316.602591
2026-02-18 12:45:00+00:00,E002,electricity,0,1790653316.226461,1790653316.600147,1790653316.602591
2026-02-18 12:45:00+00:00,E000,electricity,0,1790653316.226492,1790653316.600147,1790653316.602591
2026-02-18 12:45:00+00:00,E001,electricity,0,1790653316.226519,1790653316.600147,1790653316.602591
2026-02-18 12:45:00+00:00,E006,electricity,0,1790653316.226544,1790653316.600147,1790653316.602591
2026-02-18 12:45:00+00:00,E007,electricity,0,1790653316.226569,1790653316.600147,1790653316.602591
2026-02-18 12:45:00+00:00,E009,electricity,0,1790653316.226605,1790653316.600147,1790653316.602591
2026-02-18 12:45:00+00:00,E004,electricity,0,1790653316.226643,1790653316.600147,1790653316.602591
2026-02-18 12:45:00+00:00,E008,electricity,0,1790653316.226668,1790653316.600147,1790653316.602591
2026-02-18 12:15:00+00:00,W009,water,0,1790653316.260670,1790653316.771288,1790653316.773193
2026-02-18 12:30:00+00:00,W007,water,0,1790653316.374544,1790653316.771288,1790653316.773193
2026-02-18 12:30:00+00:00,W008,water,0,1790653316.443443,1790653316.771288,1790653316.773193
2026-02-18 12:30:00+00:00,W006,water,0,1790653316.639503,1790653317.204255,1790653317.209229
2026-02-18 13:00:00+00:00,G008,gas,0,1790653316.726224,1790653317.204255,1790653317.209229
2026-02-18 13:00:00+00:00,G005,gas,0,1790653316.726430,1790653317.204255,1790653317.209229
2026-02-18 13:00:00+00:00,G003,gas,0,1790653316.726489,1790653317.204255,1790653317.209229
2026-02-18 13:00:00+00:00,E001,electricity,0,1790653316.726521,1790653317.204255,1790653317.209229
2026-02-18 13:00:00+00:00,E007,electricity,0,1790653316.726551,1790653317.204255,1790653317.209229
2026-02-18 13:00:00+00:00,E009,electricity,0,1790653316.726577,1790653317.204255,1790653317.209229
2026-02-18 13:00:00+00:00,G006,gas,0,1790653316.726601,1790653317.204255,1790653317.209229
2026-02-18 13:00:00+00:00,E000,electricity,0,1790653316.726625,1790653317.204255,1790653317.209229
2026-02-18 13:00:00+00:00,E006,electricity,0,1790653316.726648,1790653317.204255,1790653317.209229
2026-02-18 13:00:00+00:00,G007,gas,1,1790653316.726671,1790653317.204255,1790653317.209229
2026-02-18 13:00:00+00:00,G002,gas,0,1790653316.726694,1790653317.204255,1790653317.209229
2026-02-18 13:00:00+00:00,E002,electricity,0,1790653316.726717,1790653317.204255,1790653317.209229
2026-02-18 13:00:00+00:00,E003,electricity,0,1790653316.726758,1790653317.204255,1790653317.209229
2026-02-18 13:00:00+00:00,G000,gas,0,1790653316.726780,1790653317.204255,1790653317.209229
2026-02-18 13:00:00+00:00,E008,electricity,0,1790653316.726837,1790653317.204255,1790653317.209229
2026-02-18 13:00:00+00:00,G004,gas,0,1790653316.726865,1790653317.204255,1790653317.209229
2026-02-18 13:00:00+00:00,G009,gas,0,1790653316.726889,1790653317.204255,1790653317.209229
2026-02-18 13:00:00+00:00,E004,electricity,0,1790653316.726912,1790653317.204255,1790653317.209229
2026-02-18 13:00:00+00:00,G001,gas,0,1790653316.726941,1790653317.204255,1790653317.209229
2026-02-18 13:00:00+00:00,E005,electricity,0,1790653316.726968,1790653317.204255,1790653317.209229
2026-02-18 12:30:00+00:00,W001,water,0,1790653316.736762,1790653317.204255,1790653317.209229
2026-02-18 12:30:00+00:00,W000,water,0,1790653316.767332,1790653317.204255,1790653317.209229
2026-02-18 12:30:00+00:00,W002,water,0,1790653316.817349,1790653317.393820,1790653317.396042
2026-02-18 12:30:00+00:00,W004,water,0,1790653316.817544,1790653317.393820,1790653317.396042
2026-02-18 12:45:00+00:00,W008,water,0,1790653316.827869,1790653317.393820,1790653317.396042
2026-02-18 12:30:00+00:00,W003,water,0,1790653316.895111,1790653317.393820,1790653317.396042
2026-02-18 12:45:00+00:00,W009,water,0,1790653316.956782,1790653317.393820,1790653317.396042
2026-02-18 12:30:00+00:00,W005,water,0,1790653317.000674,1790653317.393820,1790653317.396042
2026-02-18 13:15:00+00:00,E002,electricity,0,1790653317.226231,1790653317.742950,1790653317.745763
2026-02-18 13:15:00+00:00,E008,electricity,0,1790653317.226422,1790653317.742950,1790653317.745763
2026-02-18 13:15:00+00:00,E009,electricity,0,1790653317.226464,1790653317.742950,1790653317.745763
2026-02-18 13:15:00+00:00,E004,electricity,0,1790653317.226495,1790653317.742950,1790653317.745763
2026-02-18 13:15:00+00:00,E006,electricity,0,1790653317.226522,1790653317.742950,1790653317.745763
2026-02-18 13:15:00+00:00,E000,electricity,0,1790653317.226547,1790653317.742950,1790653317.745763
2026-02-18 13:15:00+00:00,E001,electricity,0,1790653317.226570,1790653317.742950,1790653317.745763
2026-02-18 13:15:00+00:00,E005,electricity,0,1790653317.226593,1790653317.742950,1790653317.745763
2026-02-18 13:15:00+00:00,E007,electricity,0,1790653317.226624,1790653317.742950,1790653317.745763
2026-02-18 13:15:00+00:00,E003,electricity,0,1790653317.226691,1790653317.742950,1790653317.745763
2026-02-18 12:45:00+00:00,W007,water,0,1790653317.254545,1790653317.742950,1790653317.745763
2026-02-18 13:00:00+00:00,W009,water,0,1790653317.360102,1790653317.742950,1790653317.745763
2026-02-18 13:00:00+00:00,W004,water,0,1790653317.429003,1790653318.101912,1790653318.105041
2026-02-18 13:00:00+00:00,W005,water,0,1790653317.529652,1790653318.101912,1790653318.105041
2026-02-18 13:00:00+00:00,W001,water,0,1790653317.535645,1790653318.101912,1790653318.105041
2026-02-18 13:00:00+00:00,W003,water,0,1790653317.535762,1790653318.101912,1790653318.105041
2026-02-18 13:00:00+00:00,W000,water,0,1790653317.559548,1790653318.101912,1790653318.105041
2026-02-18 12:45:00+00:00,W006,water,0,1790653317.635664,1790653318.101912,1790653318.105041
2026-02-18 13:00:00+00:00,W008,water,0,1790653317.685652,1790653318.101912,1790653318.105041
2026-02-18 13:30:00+00:00,E003,electricity,0,1790653317.726221,1790653318.101912,1790653318.105041
2026-02-18 13:30:00+00:00,E001,electricity,0,1790653317.726436,1790653318.101912,1790653318.105041
2026-02-18 13:30:00+00:00,E000,electricity,0,1790653317.726479,1790653318.101912,1790653318.105041
2026-02-18 13:30:00+00:00,E009,electricity,0,1790653317.726523,1790653318.101912,1790653318.105041
2026-02-18 13:30:00+00:00,E004,electricity,0,1790653317.726551,1790653318.101912,1790653318.105041
2026-02-18 13:30:00+00:00,E008,electricity,0,1790653317.726583,1790653318.101912,1790653318.105041
2026-02-18 13:30:00+00:00,E002,electricity,0,1790653317.726611,1790653318.101912,1790653318.105041
2026-02-18 13:30:00+00:00,E006,electricity,0,1790653317.726634,1790653318.101912,1790653318.105041
2026-02-18 13:30:00+00:00,E005,electricity,0,1790653317.726657,1790653318.101912,1790653318.105041
2026-02-18 13:30:00+00:00,E007,electricity,0,1790653317.726680,1790653318.101912,1790653318.105041
2026-02-18 13:00:00+00:00,W002,water,0,1790653317.767888,1790653318.282469,1790653318.284183
2026-02-18 13:15:00+00:00,W004,water,0,1790653317.825670,1790653318.282469,1790653318.284183
2026-02-18 13:15:00+00:00,W005,water,0,1790653317.910666,1790653318.282469,1790653318.284183
2026-02-18 13:15:00+00:00,W003,water,0,1790653317.918425,1790653318.282469,1790653318.284183
2026-02-18 13:15:00+00:00,W007,water,0,1790653318.016773,1790653318.282469,1790653318.284183
2026-02-18 13:15:00+00:00,W001,water,0,1790653318.116205,1790653318.632142,1790653318.635034
2026-02-18 13:15:00+00:00,W000,water,0,1790653318.166215,1790653318.632142,1790653318.635034
2026-02-18 13:45:00+00:00,E002,electricity,0,1790653318.226218,1790653318.632142,1790653318.635034
2026-02-18 13:45:00+00:00,E009,electricity,0,1790653318.226360,1790653318.632142,1790653318.635034
2026-02-18 13:45:00+00:00,E003,electricity,0,1790653318.226398,1790653318.632142,1790653318.635034
2026-02-18 13:45:00+00:00,E007,electricity,0,1790653318.226427,1790653318.632142,1790653318.635034
2026-02-18 13:45:00+00:00,E008,electricity,0,1790653318.226453,1790653318.632142,1790653318.635034
2026-02-18 13:45:00+00:00,E000,electricity,0,1790653318.226488,1790653318.632142,1790653318.635034
2026-02-18 13:45:00+00:00,E005,electricity,0,1790653318.226513,1790653318.632142,1790653318.635034
2026-02-18 13:45:00+00:00,E004,electricity,0,1790653318.226555,1790653318.632142,1790653318.635034
2026-02-18 13:45:00+00:00,E001,electricity,0,1790653318.226582,1790653318.632142,1790653318.635034
2026-02-18 13:45:00+00:00,E006,electricity,0,1790653318.226606,1790653318.632142,1790653318.635034
2026-02-18 13:15:00+00:00,W006,water,0,1790653318.315677,1790653318.820527,1790653318.822335
2026-02-18 13:15:00+00:00,W008,water,0,1790653318.391226,1790653318.820527,1790653318.822335
2026-02-18 13:30:00+00:00,W005,water,0,1790653318.499497,1790653318.820527,1790653318.822335
2026-02-18 13:15:00+00:00,W009,water,0,1790653318.533989,1790653318.820527,1790653318.822335
2026-02-18 13:30:00+00:00,W004,water,0,1790653318.647320,1790653319.301174,1790653319.305025
2026-02-18 13:30:00+00:00,W007,water,0,1790653318.670100,1790653319.301174,1790653319.305025
2026-02-18 14:00:00+00:00,G006,gas,0,1790653318.726206,1790653319.301174,1790653319.305025
2026-02-18 14:00:00+00:00,E008,electricity,0,1790653318.726329,1790653319.301174,1790653319.305025
2026-02-18 14:00:00+00:00,E000,electricity,0,1790653318.726366,1790653319.301174,1790653319.305025
2026-02-18 14:00:00+00:00,G007,gas,0,1790653318.726393,1790653319.301174,1790653319.305025
2026-02-18 14:00:00+00:00,E002,electricity,0,1790653318.726420,1790653319.301174,1790653319.305025
2026-02-18 14:00:00+00:00,E006,electricity,0,1790653318.726445,1790653319.301174,1790653319.305025
2026-02-18 14:00:00+00:00,E007,electricity,0,1790653318.726469,1790653319.301174,1790653319.305025
2026-02-18 14:00:00+00:00,G009,gas,0,1790653318.726501,1790653319.301174,1790653319.305025
2026-02-18 14:00:00+00:00,G001,gas,0,1790653318.726528,1790653319.301174,1790653319.305025
2026-02-18 14:00:00+00:00,E003,electricity,0,1790653318.726568,1790653319.301174,1790653319.305025
2026-02-18 14:00:00+00:00,G004,gas,0,1790653318.726592,1790653319.301174,1790653319.305025
2026-02-18 14:00:00+00:00,G003,gas,0,1790653318.726615,1790653319.301174,1790653319.305025
2026-02-18 14:00:00+00:00,E001,electricity,0,1790653318.726645,1790653319.301174,1790653319.305025
2026-02-18 14:00:00+00:00,E005,electricity,0,1790653318.726669,1790653319.301174,1790653319.305025
2026-02-18 14:00:00+00:00,G002,gas,0,1790653318.726698,1790653319.301174,1790653319.305025
2026-02-18 14:00:00+00:00,E009,electricity,0,1790653318.726726,1790653319.301174,1790653319.305025
2026-02-18 14:00:00+00:00,E004,electricity,0,1790653318.726753,1790653319.301174,1790653319.305025
2026-02-18 14:00:00+00:00,G008,gas,0,1790653318.726776,1790653319.301174,1790653319.305025
2026-02-18 14:00:00+00:00,G005,gas,0,1790653318.726798,1790653319.301174,1790653319.305025
2026-02-18 14:00:00+00:00,G000,gas,0,1790653318.726820,1790653319.301174,1790653319.305025
2026-02-18 13:30:00+00:00,W000,water,0,1790653318.764550,1790653319.301174,1790653319.305025
2026-02-18 13:45:00+00:00,W006,water,0,1790653318.819536,1790653319.680533,1790653319.683511
2026-02-18 13:30:00+00:00,W003,water,0,1790653318.861220,1790653319.680533,1790653319.683511
2026-02-18 13:45:00+00:00,W007,water,0,1790653318.880105,1790653319.680533,1790653319.683511
2026-02-18 13:30:00+00:00,W001,water,0,1790653318.923452,1790653319.680533,1790653319.683511
2026-02-18 13:45:00+00:00,W008,water,0,1790653318.966229,1790653319.680533,1790653319.683511
2026-02-18 13:45:00+00:00,W009,water,0,1790653318.977893,1790653319.680533,1790653319.683511
2026-02-18 13:30:00+00:00,W002,water,0,1790653319.071799,1790653319.680533,1790653319.683511
2026-02-18 13:45:00+00:00,W005,water,0,1790653319.152931,1790653319.680533,1790653319.683511
2026-02-18 14:15:00+00:00,E003,electricity,0,1790653319.226233,1790653319.680533,1790653319.683511
2026-02-18 14:15:00+00:00,E006,electricity,0,1790653319.226428,1790653319.680533,1790653319.683511
2026-02-18 14:15:00+00:00,E007,electricity,0,1790653319.226496,1790653319.680533,1790653319.683511
2026-02-18 14:15:00+00:00,E005,electricity,0,1790653319.226526,1790653319.680533,1790653319.683511
2026-02-18 14:15:00+00:00,E001,electricity,0,1790653319.226552,1790653319.680533,1790653319.683511
2026-02-18 14:15:00+00:00,E000,electricity,0,1790653319.226578,1790653319.680533,1790653319.683511
2026-02-18 14:15:00+00:00,E002,electricity,0,1790653319.226601,1790653319.680533,1790653319.683511
2026-02-18 14:15:00+00:00,E004,electricity,0,1790653319.226632,1790653319.680533,1790653319.683511
2026-02-18 14:15:00+00:00,E009,electricity,0,1790653319.226659,1790653319.680533,1790653319.683511
2026-02-18 14:15:00+00:00,E008,electricity,0,1790653319.226683,1790653319.680533,1790653319.683511
2026-02-18 14:00:00+00:00,W007,water,0,1790653319.300668,1790653319.873358,1790653319.874995
2026-02-18 14:00:00+00:00,W008,water,0,1790653319.325111,1790653319.873358,1790653319.874995
2026-02-18 14:00:00+00:00,W009,water,0,1790653319.426772,1790653319.873358,1790653319.874995
2026-02-18 13:45:00+00:00,W004,water,0,1790653319.511778,1790653319.873358,1790653319.874995
2026-02-18 14:00:00+00:00,W006,water,0,1790653319.560094,1790653319.873358,1790653319.874995
2026-02-18 14:00:00+00:00,W001,water,0,1790653319.693981,1790653320.253757,1790653320.256901
2026-02-18 14:00:00+00:00,W005,water,0,1790653319.697868,1790653320.253757,1790653320.256901
2026-02-18 14:30:00+00:00,E000,electricity,0,1790653319.726198,1790653320.253757,1790653320.256901
2026-02-18 14:30:00+00:00,E007,electricity,0,1790653319.726322,1790653320.253757,1790653320.256901
2026-02-18 14:30:00+00:00,E004,electricity,0,1790653319.726358,1790653320.253757,1790653320.256901
2026-02-18 14:30:00+00:00,E002,electricity,0,1790653319.726393,1790653320.253757,1790653320.256901
2026-02-18 14:30:00+00:00,E003,electricity,0,1790653319.726419,1790653320.253757,1790653320.256901
2026-02-18 14:30:00+00:00,E008,electricity,0,1790653319.726444,1790653320.253757,1790653320.256901
2026-02-18 14:30:00+00:00,E009,electricity,0,1790653319.726468,1790653320.253757,1790653320.256901
2026-02-18 14:30:00+00:00,E001,electricity,0,1790653319.726491,1790653320.253757,1790653320.256901
2026-02-18 14:30:00+00:00,E006,electricity,0,1790653319.726521,1790653320.253757,1790653320.256901
2026-02-18 14:30:00+00:00,E005,electricity,0,1790653319.726547,1790653320.253757,1790653320.256901
2026-02-18 14:00:00+00:00,W000,water,0,1790653319.736754,1790653320.253757,1790653320.256901
2026-02-18 14:15:00+00:00,W006,water,0,1790653319.852341,1790653320.253757,1790653320.256901
2026-02-18 14:00:00+00:00,W003,water,0,1790653319.854541,1790653320.253757,1790653320.256901
2026-02-18 14:00:00+00:00,W002,water,0,1790653319.964002,1790653320.625768,1790653320.628330
2026-02-18 14:15:00+00:00,W005,water,0,1790653320.061772,1790653320.625768,1790653320.628330
2026-02-18 14:45:00+00:00,E001,electricity,0,1790653320.226216,1790653320.625768,1790653320.628330
2026-02-18 14:45:00+00:00,E007,electricity,0,1790653320.226401,1790653320.625768,1790653320.628330
2026-02-18 14:45:00+00:00,E004,electricity,0,1790653320.226454,1790653320.625768,1790653320.628330
2026-02-18 14:45:00+00:00,E009,electricity,0,1790653320.226484,1790653320.625768,1790653320.628330
2026-02-18 14:45:00+00:00,E003,electricity,0,1790653320.226509,1790653320.625768,1790653320.628330
2026-02-18 14:45:00+00:00,E000,electricity,0,1790653320.226546,1790653320.625768,1790653320.628330
2026-02-18 14:45:00+00:00,E006,electricity,0,1790653320.226571,1790653320.625768,1790653320.628330
2026-02-18 14:45:00+00:00,E002,electricity,0,1790653320.226605,1790653320.625768,1790653320.628330
2026-02-18 14:45:00+00:00,E005,electricity,0,1790653320.226629,1790653320.625768,1790653320.628330
2026-02-18 14:45:00+00:00,E008,electricity,0,1790653320.226660,1790653320.625768,1790653320.628330
2026-02-18 14:15:00+00:00,W007,water,0,1790653320.238432,1790653320.625768,1790653320.628330
2026-02-18 14:30:00+00:00,W000,water,0,1790653320.288439,1790653320.824544,1790653320.826593
2026-02-18 14:30:00+00:00,W005,water,0,1790653320.317878,1790653320.824544,1790653320.826593
2026-02-18 14:15:00+00:00,W009,water,0,1790653320.395104,1790653320.824544,1790653320.826593
2026-02-18 14:15:00+00:00,W008,water,0,1790653320.417320,1790653320.824544,1790653320.826593
2026-02-18 14:15:00+00:00,W004,water,0,1790653320.425646,1790653320.824544,1790653320.826593
2026-02-18 14:15:00+00:00,W001,water,0,1790653320.453980,1790653320.824544,1790653320.826593
2026-02-18 14:30:00+00:00,W006,water,0,1790653320.512323,1790653320.824544,1790653320.826593
2026-02-18 14:30:00+00:00,W003,water,0,1790653320.635659,1790653321.260463,1790653321.264789
2026-02-18 15:00:00+00:00,G005,gas,0,1790653320.726192,1790653321.260463,1790653321.264789
2026-02-18 15:00:00+00:00,E000,electricity,0,1790653320.726379,1790653321.260463,1790653321.264789
2026-02-18 15:00:00+00:00,G000,gas,0,1790653320.726431,1790653321.260463,1790653321.264789
2026-02-18 15:00:00+00:00,E002,electricity,0,1790653320.726474,1790653321.260463,1790653321.264789
2026-02-18 15:00:00+00:00,G008,gas,0,1790653320.726500,1790653321.260463,1790653321.264789
2026-02-18 15:00:00+00:00,E008,electricity,0,1790653320.726525,1790653321.260463,1790653321.264789
2026-02-18 15:00:00+00:00,E007,electricity,0,1790653320.726548,1790653321.260463,1790653321.264789
2026-02-18 15:00:00+00:00,G003,gas,0,1790653320.726571,1790653321.260463,1790653321.264789
2026-02-18 15:00:00+00:00,G001,gas,0,1790653320.726595,1790653321.260463,1790653321.264789
2026-02-18 15:00:00+00:00,G004,gas,0,1790653320.726623,1790653321.260463,1790653321.264789
2026-02-18 15:00:00+00:00,E003,electricity,0,1790653320.726649,1790653321.260463,1790653321.264789
2026-02-18 15:00:00+00:00,G006,gas,0,1790653320.726675,1790653321.260463,1790653321.264789
2026-02-18 15:00:00+00:00,G007,gas,0,1790653320.726701,1790653321.260463,1790653321.264789
2026-02-18 15:00:00+00:00,E009,electricity,0,1790653320.726724,1790653321.260463,1790653321.264789
2026-02-18 15:00:00+00:00,E006,electricity,0,1790653320.726747,1790653321.260463,1790653321.264789
2026-02-18 15:00:00+00:00,E001,electricity,0,1790653320.726770,1790653321.260463,1790653321.264789
2026-02-18 15:00:00+00:00,E005,electricity,0,1790653320.726793,1790653321.260463,1790653321.264789
2026-02-18 15:00:00+00:00,G009,gas,0,1790653320.726815,1790653321.260463,1790653321.264789
2026-02-18 15:00:00+00:00,G002,gas,0,1790653320.726841,1790653321.260463,1790653321.264789
2026-02-18 15:00:00+00:00,E004,electricity,0,1790653320.726863,1790653321.260463,1790653321.264789
2026-02-18 14:30:00+00:00,W002,water,0,1790653320.800104,1790653321.260463,1790653321.264789
2026-02-18 14:45:00+00:00,W006,water,0,1790653320.914550,1790653321.643320,1790653321.645794
2026-02-18 14:45:00+00:00,W007,water,0,1790653321.168992,1790653321.643320,1790653321.645794
2026-02-18 14:45:00+00:00,W000,water,0,1790653321.204549,1790653321.643320,1790653321.645794
2026-02-18 15:15:00+00:00,E002,electricity,0,1790653321.226204,1790653321.643320,1790653321.645794
2026-02-18 15:15:00+00:00,E006,electricity,0,1790653321.226322,1790653321.643320,1790653321.645794
2026-02-18 15:15:00+00:00,E003,electricity,0,1790653321.226362,1790653321.643320,1790653321.645794
2026-02-18 15:15:00+00:00,E000,electricity,0,1790653321.226393,1790653321.643320,1790653321.645794
2026-02-18 15:15:00+00:00,E007,electricity,0,1790653321.226420,1790653321.643320,1790653321.645794
2026-02-18 15:15:00+00:00,E008,electricity,0,1790653321.226446,1790653321.643320,1790653321.645794
2026-02-18 15:15:00+00:00,E001,electricity,0,1790653321.226508,1790653321.643320,1790653321.645794
2026-02-18 15:15:00+00:00,E009,electricity,0,1790653321.226533,1790653321.643320,1790653321.645794
2026-02-18 15:15:00+00:00,E005,electricity,0,1790653321.226559,1790653321.643320,1790653321.645794
2026-02-18 15:15:00+00:00,E004,electricity,0,1790653321.226583,1790653321.643320,1790653321.645794
2026-02-18 14:45:00+00:00,W004,water,0,1790653321.258426,1790653321.643320,1790653321.645794
2026-02-18 14:45:00+00:00,W003,water,0,1790653321.266761,1790653321.844574,1790653321.846273
2026-02-18 14:45:00+00:00,W009,water,0,1790653321.290651,1790653321.844574,1790653321.846273
2026-02-18 14:45:00+00:00,W005,water,0,1790653321.313424,1790653321.844574,1790653321.846273
2026-02-18 15:00:00+00:00,W006,water,0,1790653321.364537,1790653321.844574,1790653321.846273
2026-02-18 14:45:00+00:00,W008,water,0,1790653321.406204,1790653321.844574,1790653321.846273
2026-02-18 14:45:00+00:00,W001,water,0,1790653321.409529,1790653321.844574,1790653321.846273
2026-02-18 15:00:00+00:00,W007,water,0,1790653321.641767,1790653322.233848,1790653322.236212
2026-02-18 15:30:00+00:00,E006,electricity,0,1790653321.726213,1790653322.233848,1790653322.236212
2026-02-18 15:30:00+00:00,E008,electricity,0,1790653321.726394,1790653322.233848,1790653322.236212
2026-02-18 15:30:00+00:00,E005,electricity,0,1790653321.726437,1790653322.233848,1790653322.236212
2026-02-18 15:30:00+00:00,E009,electricity,0,1790653321.726467,1790653322.233848,1790653322.236212
2026-02-18 15:30:00+00:00,E001,electricity,0,1790653321.726494,1790653322.233848,1790653322.236212
2026-02-18 15:30:00+00:00,E007,electricity,0,1790653321.726519,1790653322.233848,1790653322.236212
2026-02-18 15:30:00+00:00,E003,electricity,0,1790653321.726543,1790653322.233848,1790653322.236212
2026-02-18 15:30:00+00:00,E004,electricity,0,1790653321.726567,1790653322.233848,1790653322.236212
2026-02-18 15:30:00+00:00,E000,electricity,0,1790653321.726589,1790653322.233848,1790653322.236212
2026-02-18 15:30:00+00:00,E002,electricity,0,1790653321.726616,1790653322.233848,1790653322.236212
2026-02-18 15:00:00+00:00,W002,water,0,1790653321.737869,1790653322.233848,1790653322.236212
2026-02-18 15:15:00+00:00,W009,water,0,1790653321.797344,1790653322.233848,1790653322.236212
2026-02-18 15:15:00+00:00,W007,water,0,1790653321.870106,1790653322.634992,1790653322.639457
2026-02-18 15:15:00+00:00,W004,water,0,1790653322.043439,1790653322.634992,1790653322.639457
2026-02-18 15:15:00+00:00,W001,water,0,1790653322.090655,1790653322.634992,1790653322.639457
2026-02-18 15:15:00+00:00,W005,water,0,1790653322.125091,1790653322.634992,1790653322.639457
2026-02-18 15:00:00+00:00,W000,water,0,1790653322.193428,1790653322.634992,1790653322.639457
2026-02-18 15:45:00+00:00,E004,electricity,1,1790653322.226207,1790653322.634992,1790653322.639457
2026-02-18 15:45:00+00:00,E008,electricity,0,1790653322.226340,1790653322.634992,1790653322.639457
2026-02-18 15:45:00+00:00,E001,electricity,0,1790653322.226380,1790653322.634992,1790653322.639457
2026-02-18 15:45:00+00:00,E009,electricity,1,1790653322.226410,1790653322.634992,1790653322.639457
2026-02-18 15:45:00+00:00,E005,electricity,0,1790653322.226436,1790653322.634992,1790653322.639457
2026-02-18 15:45:00+00:00,E003,electricity,0,1790653322.226460,1790653322.634992,1790653322.639457
2026-02-18 15:45:00+00:00,E007,electricity,0,1790653322.226484,1790653322.634992,1790653322.639457
2026-02-18 15:45:00+00:00,E002,electricity,0,1790653322.226516,1790653322.634992,1790653322.639457
2026-02-18 15:45:00+00:00,E006,electricity,0,1790653322.226542,1790653322.634992,1790653322.639457
2026-02-18 15:45:00+00:00,E000,electricity,0,1790653322.226566,1790653322.634992,1790653322.639457
2026-02-18 15:15:00+00:00,W006,water,0,1790653322.232184,1790653322.841678,1790653322.843582
2026-02-18 15:15:00+00:00,W003,water,0,1790653322.298426,1790653322.841678,1790653322.843582
2026-02-18 15:30:00+00:00,W000,water,0,1790653322.412870,1790653322.841678,1790653322.843582
2026-02-18 15:30:00+00:00,W004,water,0,1790653322.466771,1790653322.841678,1790653322.843582
2026-02-18 15:30:00+00:00,W005,water,0,1790653322.497872,1790653322.841678,1790653322.843582
2026-02-18 15:30:00+00:00,W007,water,0,1790653322.588438,1790653322.841678,1790653322.843582
2026-02-18 15:15:00+00:00,W008,water,0,1790653322.614539,1790653322.841678,1790653322.843582
2026-02-18 15:30:00+00:00,W001,water,0,1790653322.688451,1790653323.381841,1790653323.388528
2026-02-18 16:00:00+00:00,G004,gas,0,1790653322.726214,1790653323.381841,1790653323.388528
2026-02-18 16:00:00+00:00,G000,gas,0,1790653322.726365,1790653323.381841,1790653323.388528
2026-02-18 16:00:00+00:00,E006,electricity,0,1790653322.726417,1790653323.381841,1790653323.388528
2026-02-18 16:00:00+00:00,G001,gas,0,1790653322.726448,1790653323.381841,1790653323.388528
2026-02-18 16:00:00+00:00,E003,electricity,1,1790653322.726474,1790653323.381841,1790653323.388528
2026-02-18 16:00:00+00:00,E000,electricity,0,1790653322.726505,1790653323.381841,1790653323.388528
2026-02-18 16:00:00+00:00,E008,electricity,0,1790653322.726530,1790653323.381841,1790653323.388528
2026-02-18 16:00:00+00:00,E001,electricity,0,1790653322.726553,1790653323.381841,1790653323.388528
2026-02-18 16:00:00+00:00,G006,gas,0,1790653322.726576,1790653323.381841,1790653323.388528
2026-02-18 16:00:00+00:00,E004,electricity,0,1790653322.726600,1790653323.381841,1790653323.388528
2026-02-18 16:00:00+00:00,E007,electricity,0,1790653322.726635,1790653323.381841,1790653323.388528
2026-02-18 16:00:00+00:00,G008,gas,0,1790653322.726658,1790653323.381841,1790653323.388528
2026-02-18 16:00:00+00:00,G007,gas,0,1790653322.726681,1790653323.381841,1790653323.388528
2026-02-18 16:00:00+00:00,G009,gas,0,1790653322.726704,1790653323.381841,1790653323.388528
2026-02-18 16:00:00+00:00,E005,electricity,0,1790653322.726726,1790653323.381841,1790653323.388528
2026-02-18 16:00:00+00:00,G003,gas,0,1790653322.726756,1790653323.381841,1790653323.388528
2026-02-18 16:00:00+00:00,G002,gas,0,1790653322.726779,1790653323.381841,1790653323.388528
2026-02-18 16:00:00+00:00,E009,electricity,1,1790653322.726807,1790653323.381841,1790653323.388528
2026-02-18 16:00:00+00:00,E002,electricity,0,1790653322.726831,1790653323.381841,1790653323.388528
2026-02-18 16:00:00+00:00,G005,gas,0,1790653322.726855,1790653323.381841,1790653323.388528
2026-02-18 15:30:00+00:00,W002,water,0,1790653322.733981,1790653323.381841,1790653323.388528
2026-02-18 15:30:00+00:00,W009,water,0,1790653322.740645,1790653323.381841,1790653323.388528
2026-02-18 15:45:00+00:00,W005,water,0,1790653322.935664,1790653323.818696,1790653323.822755
2026-02-18 15:45:00+00:00,W006,water,0,1790653322.953987,1790653323.818696,1790653323.822755
2026-02-18 15:45:00+00:00,W003,water,0,1790653323.011777,1790653323.818696,1790653323.822755
2026-02-18 15:45:00+00:00,W000,water,0,1790653323.126215,1790653323.818696,1790653323.822755
2026-02-18 15:45:00+00:00,W008,water,0,1790653323.143977,1790653323.818696,1790653323.822755
2026-02-18 15:45:00+00:00,W004,water,0,1790653323.158435,1790653323.818696,1790653323.822755
2026-02-18 16:15:00+00:00,E009,electricity,0,1790653323.234657,1790653323.818696,1790653323.822755
2026-02-18 16:15:00+00:00,E007,electricity,1,1790653323.234984,1790653323.818696,1790653323.822755
2026-02-18 16:15:00+00:00,E006,electricity,0,1790653323.235054,1790653323.818696,1790653323.822755
2026-02-18 16:15:00+00:00,E000,electricity,0,1790653323.235095,1790653323.818696,1790653323.822755
2026-02-18 16:15:00+00:00,E004,electricity,0,1790653323.235185,1790653323.818696,1790653323.822755
2026-02-18 16:15:00+00:00,E003,electricity,1,1790653323.235226,1790653323.818696,1790653323.822755
2026-02-18 16:15:00+00:00,E008,electricity,0,1790653323.235264,1790653323.818696,1790653323.822755
2026-02-18 16:15:00+00:00,E005,electricity,0,1790653323.235307,1790653323.818696,1790653323.822755
2026-02-18 16:15:00+00:00,E002,electricity,0,1790653323.235343,1790653323.818696,1790653323.822755
2026-02-18 16:15:00+00:00,E001,electricity,0,1790653323.235393,1790653323.818696,1790653323.822755
2026-02-18 15:45:00+00:00,W007,water,0,1790653323.254742,1790653323.818696,1790653323.822755
2026-02-18 16:00:00+00:00,W002,water,0,1790653323.308472,1790653323.818696,1790653323.822755
2026-02-18 15:45:00+00:00,W001,water,0,1790653323.474005,1790653324.243610,1790653324.247011
2026-02-18 16:00:00+00:00,W006,water,0,1790653323.597319,1790653324.243610,1790653324.247011
2026-02-18 16:00:00+00:00,W009,water,0,1790653323.602318,1790653324.243610,1790653324.247011
2026-02-18 16:30:00+00:00,E008,electricity,0,1790653323.726222,1790653324.243610,1790653324.247011
2026-02-18 16:30:00+00:00,E005,electricity,0,1790653323.726431,1790653324.243610,1790653324.247011
2026-02-18 16:30:00+00:00,E001,electricity,0,1790653323.726475,1790653324.243610,1790653324.247011
2026-02-18 16:30:00+00:00,E004,electricity,0,1790653323.726520,1790653324.243610,1790653324.247011
2026-02-18 16:30:00+00:00,E000,electricity,0,1790653323.726547,1790653324.243610,1790653324.247011
2026-02-18 16:30:00+00:00,E006,electricity,0,1790653323.726580,1790653324.243610,1790653324.247011
2026-02-18 16:30:00+00:00,E009,electricity,0,1790653323.726605,1790653324.243610,1790653324.247011
2026-02-18 16:30:00+00:00,E007,electricity,0,1790653323.726629,1790653324.243610,1790653324.247011
2026-02-18 16:30:00+00:00,E003,electricity,1,1790653323.726653,1790653324.243610,1790653324.247011
2026-02-18 16:30:00+00:00,E002,electricity,0,1790653323.726677,1790653324.243610,1790653324.247011
2026-02-18 16:00:00+00:00,W005,water,0,1790653323.743428,1790653324.243610,1790653324.247011
2026-02-18 16:00:00+00:00,W004,water,0,1790653323.776769,1790653324.243610,1790653324.247011
2026-02-18 16:15:00+00:00,W002,water,0,1790653323.812883,1790653324.243610,1790653324.247011
2026-02-18 16:00:00+00:00,W008,water,0,1790653323.922324,1790653324.660922,1790653324.664064
2026-02-18 16:00:00+00:00,W003,water,0,1790653323.974571,1790653324.660922,1790653324.664064
2026-02-18 16:00:00+00:00,W000,water,0,1790653324.095667,1790653324.660922,1790653324.664064
2026-02-18 16:45:00+00:00,E000,electricity,0,1790653324.226217,1790653324.660922,1790653324.664064
2026-02-18 16:45:00+00:00,E001,electricity,0,1790653324.226406,1790653324.660922,1790653324.664064
2026-02-18 16:45:00+00:00,E008,electricity,0,1790653324.226449,1790653324.660922,1790653324.664064
2026-02-18 16:45:00+00:00,E005,electricity,0,1790653324.226478,1790653324.660922,1790653324.664064
2026-02-18 16:45:00+00:00,E002,electricity,0,1790653324.226504,1790653324.660922,1790653324.664064
2026-02-18 16:45:00+00:00,E004,electricity,0,1790653324.226529,1790653324.660922,1790653324.664064
2026-02-18 16:45:00+00:00,E007,electricity,0,1790653324.226553,1790653324.660922,1790653324.664064
2026-02-18 16:45:00+00:00,E003,electricity,1,1790653324.226576,1790653324.660922,1790653324.664064
2026-02-18 16:45:00+00:00,E009,electricity,0,1790653324.226600,1790653324.660922,1790653324.664064
2026-02-18 16:45:00+00:00,E006,electricity,0,1790653324.226623,1790653324.660922,1790653324.664064
2026-02-18 16:30:00+00:00,W003,water,0,1790653324.314574,1790653324.886126,1790653324.888438
2026-02-18 16:15:00+00:00,W001,water,0,1790653324.379558,1790653324.886126,1790653324.888438
2026-02-18 16:15:00+00:00,W009,water,0,1790653324.449013,1790653324.886126,1790653324.888438
2026-02-18 16:15:00+00:00,W006,water,0,1790653324.450686,1790653324.886126,1790653324.888438
2026-02-18 16:15:00+00:00,W007,water,0,1790653324.487323,1790653324.886126,1790653324.888438
2026-02-18 16:30:00+00:00,W005,water,0,1790653324.518438,1790653324.886126,1790653324.888438
2026-02-18 16:30:00+00:00,W004,water,0,1790653324.525645,1790653324.886126,1790653324.888438
2026-02-18 16:30:00+00:00,W002,water,0,1790653324.571217,1790653324.886126,1790653324.888438
2026-02-18 16:30:00+00:00,W000,water,0,1790653324.632332,1790653324.886126,1790653324.888438
2026-02-18 16:30:00+00:00,W008,water,0,1790653324.673996,1790653325.396819,1790653325.402074
2026-02-18 17:00:00+00:00,G001,gas,0,1790653324.726235,1790653325.396819,1790653325.402074
2026-02-18 17:00:00+00:00,G006,gas,0,1790653324.726429,1790653325.396819,1790653325.402074
2026-02-18 17:00:00+00:00,G004,gas,0,1790653324.726471,1790653325.396819,1790653325.402074
2026-02-18 17:00:00+00:00,G003,gas,0,1790653324.726500,1790653325.396819,1790653325.402074
2026-02-18 17:00:00+00:00,E009,electricity,0,1790653324.726557,1790653325.396819,1790653325.402074
2026-02-18 17:00:00+00:00,E001,electricity,0,1790653324.726602,1790653325.396819,1790653325.402074
2026-02-18 17:00:00+00:00,G007,gas,0,1790653324.726627,1790653325.396819,1790653325.402074
2026-02-18 17:00:00+00:00,E007,electricity,0,1790653324.726652,1790653325.396819,1790653325.402074
2026-02-18 17:00:00+00:00,G002,gas,0,1790653324.726675,1790653325.396819,1790653325.402074
2026-02-18 17:00:00+00:00,E005,electricity,0,1790653324.726698,1790653325.396819,1790653325.402074
2026-02-18 17:00:00+00:00,G000,gas,0,1790653324.726722,1790653325.396819,1790653325.402074
2026-02-18 17:00:00+00:00,G005,gas,0,1790653324.726745,1790653325.396819,1790653325.402074
2026-02-18 17:00:00+00:00,E006,electricity,0,1790653324.726768,1790653325.396819,1790653325.402074
2026-02-18 17:00:00+00:00,E003,electricity,1,1790653324.726797,1790653325.396819,1790653325.402074
2026-02-18 17:00:00+00:00,E004,electricity,0,1790653324.726820,1790653325.396819,1790653325.402074
2026-02-18 17:00:00+00:00,E008,electricity,0,1790653324.726842,1790653325.396819,1790653325.402074
2026-02-18 17:00:00+00:00,G009,gas,0,1790653324.726864,1790653325.396819,1790653325.402074
2026-02-18 17:00:00+00:00,E000,electricity,0,1790653324.726886,1790653325.396819,1790653325.402074
2026-02-18 17:00:00+00:00,G008,gas,0,1790653324.726908,1790653325.396819,1790653325.402074
2026-02-18 17:00:00+00:00,E002,electricity,0,1790653324.726931,1790653325.396819,1790653325.402074
2026-02-18 16:45:00+00:00,W009,water,0,1790653324.777889,1790653325.396819,1790653325.402074
2026-02-18 16:45:00+00:00,W005,water,0,1790653324.851810,1790653325.396819,1790653325.402074
2026-02-18 16:45:00+00:00,W002,water,0,1790653325.022334,1790653325.850826,1790653325.856899
2026-02-18 16:45:00+00:00,W001,water,0,1790653325.067327,1790653325.850826,1790653325.856899
2026-02-18 16:45:00+00:00,W003,water,0,1790653325.087876,1790653325.850826,1790653325.856899
2026-02-18 16:45:00+00:00,W000,water,0,1790653325.115657,1790653325.850826,1790653325.856899
2026-02-18 16:45:00+00:00,W006,water,0,1790653325.225093,1790653325.850826,1790653325.856899
2026-02-18 17:15:00+00:00,E005,electricity,0,1790653325.226196,1790653325.850826,1790653325.856899
2026-02-18 17:15:00+00:00,E009,electricity,1,1790653325.226252,1790653325.850826,1790653325.856899
2026-02-18 17:15:00+00:00,E004,electricity,0,1790653325.226292,1790653325.850826,1790653325.856899
2026-02-18 17:15:00+00:00,E000,electricity,0,1790653325.226320,1790653325.850826,1790653325.856899
2026-02-18 17:15:00+00:00,E003,electricity,1,1790653325.226347,1790653325.850826,1790653325.856899
2026-02-18 17:15:00+00:00,E001,electricity,0,1790653325.226375,1790653325.850826,1790653325.856899
2026-02-18 17:15:00+00:00,E002,electricity,0,1790653325.226409,1790653325.850826,1790653325.856899
2026-02-18 17:15:00+00:00,E007,electricity,0,1790653325.226434,1790653325.850826,1790653325.856899
2026-02-18 17:15:00+00:00,E006,electricity,0,1790653325.226458,1790653325.850826,1790653325.856899
2026-02-18 17:15:00+00:00,E008,electricity,0,1790653325.226482,1790653325.850826,1790653325.856899
2026-02-18 16:45:00+00:00,W007,water,0,1790653325.235646,1790653325.850826,1790653325.856899
2026-02-18 17:00:00+00:00,W001,water,0,1790653325.250092,1790653325.850826,1790653325.856899
2026-02-18 16:45:00+00:00,W008,water,0,1790653325.268984,1790653325.850826,1790653325.856899
2026-02-18 17:00:00+00:00,W009,water,0,1790653325.278422,1790653325.850826,1790653325.856899
2026-02-18 16:45:00+00:00,W004,water,1,1790653325.299542,1790653325.850826,1790653325.856899
2026-02-18 17:00:00+00:00,W003,water,0,1790653325.451776,1790653326.296552,1790653326.301488
2026-02-18 17:00:00+00:00,W005,water,0,1790653325.508425,1790653326.296552,1790653326.301488
2026-02-18 17:00:00+00:00,W000,water,0,1790653325.594548,1790653326.296552,1790653326.301488
2026-02-18 17:00:00+00:00,W002,water,0,1790653325.620659,1790653326.296552,1790653326.301488
2026-02-18 17:30:00+00:00,E006,electricity,1,1790653325.726223,1790653326.296552,1790653326.301488
2026-02-18 17:30:00+00:00,E001,electricity,0,1790653325.726435,1790653326.296552,1790653326.301488
2026-02-18 17:30:00+00:00,E003,electricity,1,1790653325.726480,1790653326.296552,1790653326.301488
2026-02-18 17:30:00+00:00,E009,electricity,0,1790653325.726511,1790653326.296552,1790653326.301488
2026-02-18 17:30:00+00:00,E000,electricity,0,1790653325.726540,1790653326.296552,1790653326.301488
2026-02-18 17:30:00+00:00,E007,electricity,0,1790653325.726592,1790653326.296552,1790653326.301488
2026-02-18 17:30:00+00:00,E008,electricity,0,1790653325.726619,1790653326.296552,1790653326.301488
2026-02-18 17:30:00+00:00,E004,electricity,0,1790653325.726644,1790653326.296552,1790653326.301488
2026-02-18 17:30:00+00:00,E002,electricity,0,1790653325.726667,1790653326.296552,1790653326.301488
2026-02-18 17:30:00+00:00,E005,electricity,0,1790653325.726690,1790653326.296552,1790653326.301488
2026-02-18 17:00:00+00:00,W006,water,0,1790653325.795663,1790653326.296552,1790653326.301488
2026-02-18 17:15:00+00:00,W008,water,0,1790653326.027896,1790653326.753861,1790653326.758098
2026-02-18 17:15:00+00:00,W009,water,0,1790653326.037872,1790653326.753861,1790653326.758098
2026-02-18 17:15:00+00:00,W002,water,0,1790653326.072313,1790653326.753861,1790653326.758098
2026-02-18 17:15:00+00:00,W007,water,0,1790653326.132870,1790653326.753861,1790653326.758098
2026-02-18 17:15:00+00:00,W005,water,0,1790653326.151200,1790653326.753861,1790653326.758098
2026-02-18 17:45:00+00:00,E007,electricity,0,1790653326.226205,1790653326.753861,1790653326.758098
2026-02-18 17:45:00+00:00,E001,electricity,0,1790653326.226326,1790653326.753861,1790653326.758098
2026-02-18 17:45:00+00:00,E006,electricity,0,1790653326.226366,1790653326.753861,1790653326.758098
2026-02-18 17:45:00+00:00,E003,electricity,1,1790653326.226395,1790653326.753861,1790653326.758098
2026-02-18 17:45:00+00:00,E002,electricity,0,1790653326.226422,1790653326.753861,1790653326.758098
2026-02-18 17:45:00+00:00,E004,electricity,0,1790653326.226447,1790653326.753861,1790653326.758098
2026-02-18 17:45:00+00:00,E009,electricity,0,1790653326.226478,1790653326.753861,1790653326.758098
2026-02-18 17:45:00+00:00,E005,electricity,0,1790653326.226503,1790653326.753861,1790653326.758098
2026-02-18 17:45:00+00:00,E000,electricity,0,1790653326.226530,1790653326.753861,1790653326.758098
2026-02-18 17:45:00+00:00,E008,electricity,0,1790653326.226554,1790653326.753861,1790653326.758098
2026-02-18 17:15:00+00:00,W004,water,0,1790653326.227313,1790653326.753861,1790653326.758098
2026-02-18 17:30:00+00:00,W008,water,0,1790653326.237873,1790653326.753861,1790653326.758098
2026-02-18 17:30:00+00:00,W006,water,0,1790653326.260094,1790653326.753861,1790653326.758098
2026-02-18 17:15:00+00:00,W001,water,0,1790653326.336785,1790653327.288759,1790653327.294344
2026-02-18 17:15:00+00:00,W000,water,0,1790653326.395655,1790653327.288759,1790653327.294344
2026-02-18 17:15:00+00:00,W003,water,0,1790653326.438432,1790653327.288759,1790653327.294344
2026-02-18 17:30:00+00:00,W002,water,0,1790653326.576204,1790653327.288759,1790653327.294344
2026-02-18 17:30:00+00:00,W005,water,0,1790653326.669543,1790653327.288759,1790653327.294344
2026-02-18 18:00:00+00:00,E002,electricity,0,1790653326.726208,1790653327.288759,1790653327.294344
2026-02-18 18:00:00+00:00,E004,electricity,0,1790653326.726365,1790653327.288759,1790653327.294344
2026-02-18 18:00:00+00:00,G008,gas,0,1790653326.726403,1790653327.288759,1790653327.294344
2026-02-18 18:00:00+00:00,G001,gas,0,1790653326.726433,1790653327.288759,1790653327.294344
2026-02-18 18:00:00+00:00,G000,gas,0,1790653326.726459,1790653327.288759,1790653327.294344
2026-02-18 18:00:00+00:00,G003,gas,0,1790653326.726483,1790653327.288759,1790653327.294344
2026-02-18 18:00:00+00:00,G009,gas,0,1790653326.726507,1790653327.288759,1790653327.294344
2026-02-18 18:00:00+00:00,E009,electricity,0,1790653326.726530,1790653327.288759,1790653327.294344
2026-02-18 18:00:00+00:00,E006,electricity,0,1790653326.726565,1790653327.288759,1790653327.294344
2026-02-18 18:00:00+00:00,E003,electricity,1,1790653326.726597,1790653327.288759,1790653327.294344
2026-02-18 18:00:00+00:00,G007,gas,0,1790653326.726622,1790653327.288759,1790653327.294344
2026-02-18 18:00:00+00:00,G005,gas,0,1790653326.726645,1790653327.288759,1790653327.294344
2026-02-18 18:00:00+00:00,G002,gas,0,1790653326.726667,1790653327.288759,1790653327.294344
2026-02-18 18:00:00+00:00,E005,electricity,0,1790653326.726690,1790653327.288759,1790653327.294344
2026-02-18 18:00:00+00:00,E000,electricity,0,1790653326.726712,1790653327.288759,1790653327.294344
2026-02-18 18:00:00+00:00,G004,gas,0,1790653326.726746,1790653327.288759,1790653327.294344
2026-02-18 18:00:00+00:00,E007,electricity,0,1790653326.726776,1790653327.288759,1790653327.294344
2026-02-18 18:00:00+00:00,E008,electricity,0,1790653326.726799,1790653327.288759,1790653327.294344
2026-02-18 18:00:00+00:00,G006,gas,0,1790653326.726825,1790653327.288759,1790653327.294344
2026-02-18 18:00:00+00:00,E001,electricity,0,1790653326.726849,1790653327.288759,1790653327.294344
2026-02-18 17:30:00+00:00,W009,water,0,1790653326.735096,1790653327.288759,1790653327.294344
2026-02-18 17:45:00+00:00,W008,water,0,1790653326.849544,1790653327.798910,1790653327.805482
2026-02-18 17:30:00+00:00,W007,water,0,1790653326.863990,1790653327.798910,1790653327.805482
2026-02-18 17:45:00+00:00,W001,water,0,1790653326.924552,1790653327.798910,1790653327.805482
2026-02-18 17:45:00+00:00,W000,water,1,1790653327.120664,1790653327.798910,1790653327.805482
2026-02-18 17:45:00+00:00,W002,water,0,1790653327.137317,1790653327.798910,1790653327.805482
2026-02-18 17:45:00+00:00,W004,water,1,1790653327.190666,1790653327.798910,1790653327.805482
2026-02-18 17:45:00+00:00,W006,water,0,1790653327.201206,1790653327.798910,1790653327.805482
2026-02-18 18:15:00+00:00,E003,electricity,1,1790653327.226208,1790653327.798910,1790653327.805482
2026-02-18 18:15:00+00:00,E004,electricity,0,1790653327.226354,1790653327.798910,1790653327.805482
2026-02-18 18:15:00+00:00,E002,electricity,0,1790653327.226398,1790653327.798910,1790653327.805482
2026-02-18 18:15:00+00:00,E006,electricity,0,1790653327.226426,1790653327.798910,1790653327.805482
2026-02-18 18:15:00+00:00,E000,electricity,1,1790653327.226452,1790653327.798910,1790653327.805482
2026-02-18 18:15:00+00:00,E008,electricity,0,1790653327.226477,1790653327.798910,1790653327.805482
2026-02-18 18:15:00+00:00,E001,electricity,0,1790653327.226501,1790653327.798910,1790653327.805482
2026-02-18 18:15:00+00:00,E009,electricity,0,1790653327.226524,1790653327.798910,1790653327.805482
2026-02-18 18:15:00+00:00,E007,electricity,0,1790653327.226568,1790653327.798910,1790653327.805482
2026-02-18 18:15:00+00:00,E005,electricity,0,1790653327.226593,1790653327.798910,1790653327.805482
2026-02-18 17:45:00+00:00,W003,water,0,1790653327.390688,1790653328.369970,1790653328.373596
2026-02-18 18:00:00+00:00,W008,water,0,1790653327.470163,1790653328.369970,1790653328.373596
2026-02-18 18:00:00+00:00,W004,water,0,1790653327.539582,1790653328.369970,1790653328.373596
2026-02-18 17:45:00+00:00,W005,water,0,1790653327.560652,1790653328.369970,1790653328.373596
2026-02-18 18:00:00+00:00,W009,water,0,1790653327.633996,1790653328.369970,1790653328.373596
2026-02-18 18:00:00+00:00,W000,water,0,1790653327.653431,1790653328.369970,1790653328.373596
2026-02-18 18:30:00+00:00,E008,electricity,0,1790653327.726214,1790653328.369970,1790653328.373596
2026-02-18 18:30:00+00:00,E003,electricity,1,1790653327.726396,1790653328.369970,1790653328.373596
2026-02-18 18:30:00+00:00,E002,electricity,0,1790653327.726443,1790653328.369970,1790653328.373596
2026-02-18 18:30:00+00:00,E005,electricity,0,1790653327.726478,1790653328.369970,1790653328.373596
2026-02-18 18:30:00+00:00,E001,electricity,0,1790653327.726519,1790653328.369970,1790653328.373596
2026-02-18 18:30:00+00:00,E006,electricity,0,1790653327.726553,1790653328.369970,1790653328.373596
2026-02-18 18:30:00+00:00,E000,electricity,0,1790653327.726583,1790653328.369970,1790653328.373596
2026-02-18 18:30:00+00:00,E004,electricity,0,1790653327.726610,1790653328.369970,1790653328.373596
2026-02-18 18:30:00+00:00,E007,electricity,0,1790653327.726633,1790653328.369970,1790653328.373596
2026-02-18 18:30:00+00:00,E009,electricity,0,1790653327.726656,1790653328.369970,1790653328.373596
2026-02-18 18:15:00+00:00,W003,water,1,1790653327.851773,1790653328.831307,1790653328.836796
2026-02-18 18:00:00+00:00,W001,water,0,1790653327.914545,1790653328.831307,1790653328.836796
2026-02-18 18:00:00+00:00,W006,water,0,1790653327.916197,1790653328.831307,1790653328.836796
2026-02-18 18:00:00+00:00,W007,water,0,1790653327.926755,1790653328.831307,1790653328.836796
2026-02-18 18:15:00+00:00,W008,water,0,1790653328.018440,1790653328.831307,1790653328.836796
2026-02-18 18:00:00+00:00,W002,water,0,1790653328.029536,1790653328.831307,1790653328.836796
2026-02-18 18:45:00+00:00,E000,electricity,0,1790653328.226223,1790653328.831307,1790653328.836796
2026-02-18 18:45:00+00:00,E005,electricity,0,1790653328.226433,1790653328.831307,1790653328.836796
2026-02-18 18:45:00+00:00,E009,electricity,0,1790653328.226644,1790653328.831307,1790653328.836796
2026-02-18 18:45:00+00:00,E008,electricity,0,1790653328.226680,1790653328.831307,1790653328.836796
2026-02-18 18:45:00+00:00,E003,electricity,1,1790653328.226721,1790653328.831307,1790653328.836796
2026-02-18 18:45:00+00:00,E004,electricity,0,1790653328.226749,1790653328.831307,1790653328.836796
2026-02-18 18:45:00+00:00,E007,electricity,0,1790653328.226774,1790653328.831307,1790653328.836796
2026-02-18 18:45:00+00:00,E006,electricity,0,1790653328.226803,1790653328.831307,1790653328.836796
2026-02-18 18:45:00+00:00,E001,electricity,0,1790653328.226829,1790653328.831307,1790653328.836796
2026-02-18 18:45:00+00:00,E002,electricity,0,1790653328.226853,1790653328.831307,1790653328.836796
2026-02-18 18:30:00+00:00,W001,water,0,1790653328.262338,1790653328.831307,1790653328.836796
2026-02-18 18:15:00+00:00,W000,water,0,1790653328.307328,1790653328.831307,1790653328.836796
2026-02-18 18:15:00+00:00,W005,water,0,1790653328.345662,1790653328.831307,1790653328.836796
2026-02-18 18:30:00+00:00,W003,water,0,1790653328.372329,1790653329.379531,1790653329.387009
2026-02-18 18:15:00+00:00,W009,water,0,1790653328.415099,1790653329.379531,1790653329.387009
2026-02-18 18:15:00+00:00,W004,water,1,1790653328.507867,1790653329.379531,1790653329.387009
2026-02-18 18:30:00+00:00,W008,water,0,1790653328.517315,1790653329.379531,1790653329.387009
2026-02-18 19:00:00+00:00,E007,electricity,0,1790653328.726202,1790653329.379531,1790653329.387009
2026-02-18 19:00:00+00:00,E009,electricity,0,1790653328.726342,1790653329.379531,1790653329.387009
2026-02-18 19:00:00+00:00,G006,gas,0,1790653328.726387,1790653329.379531,1790653329.387009
2026-02-18 19:00:00+00:00,E006,electricity,1,1790653328.726419,1790653329.379531,1790653329.387009
2026-02-18 19:00:00+00:00,G000,gas,0,1790653328.726448,1790653329.379531,1790653329.387009
2026-02-18 19:00:00+00:00,G009,gas,0,1790653328.726479,1790653329.379531,1790653329.387009
2026-02-18 19:00:00+00:00,E000,electricity,1,1790653328.726503,1790653329.379531,1790653329.387009
2026-02-18 19:00:00+00:00,E005,electricity,0,1790653328.726529,1790653329.379531,1790653329.387009
2026-02-18 19:00:00+00:00,G005,gas,0,1790653328.726559,1790653329.379531,1790653329.387009
2026-02-18 19:00:00+00:00,G004,gas,0,1790653328.726606,1790653329.379531,1790653329.387009
2026-02-18 19:00:00+00:00,E003,electricity,1,1790653328.726631,1790653329.379531,1790653329.387009
2026-02-18 19:00:00+00:00,G002,gas,0,1790653328.726655,1790653329.379531,1790653329.387009
2026-02-18 19:00:00+00:00,G003,gas,0,1790653328.726685,1790653329.379531,1790653329.387009
2026-02-18 19:00:00+00:00,G008,gas,0,1790653328.726708,1790653329.379531,1790653329.387009
2026-02-18 19:00:00+00:00,E001,electricity,0,1790653328.726731,1790653329.379531,1790653329.387009
2026-02-18 19:00:00+00:00,E008,electricity,0,1790653328.726757,1790653329.379531,1790653329.387009
2026-02-18 19:00:00+00:00,G001,gas,0,1790653328.726780,1790653329.379531,1790653329.387009
2026-02-18 19:00:00+00:00,G007,gas,0,1790653328.726805,1790653329.379531,1790653329.387009
2026-02-18 19:00:00+00:00,E002,electricity,0,1790653328.726828,1790653329.379531,1790653329.387009
2026-02-18 19:00:00+00:00,E004,electricity,1,1790653328.726851,1790653329.379531,1790653329.387009
2026-02-18 18:30:00+00:00,W006,water,0,1790653328.870657,1790653329.863999,1790653329.869130
2026-02-18 18:30:00+00:00,W002,water,0,1790653328.874659,1790653329.863999,1790653329.869130
2026-02-18 18:30:00+00:00,W007,water,0,1790653328.884535,1790653329.863999,1790653329.869130
2026-02-18 18:45:00+00:00,W008,water,0,1790653328.907314,1790653329.863999,1790653329.869130
2026-02-18 18:45:00+00:00,W003,water,0,1790653328.960092,1790653329.863999,1790653329.869130
2026-02-18 18:45:00+00:00,W000,water,0,1790653328.972866,1790653329.863999,1790653329.869130
2026-02-18 18:45:00+00:00,W001,water,0,1790653329.018978,1790653329.863999,1790653329.869130
2026-02-18 19:15:00+00:00,E007,electricity,0,1790653329.226201,1790653329.863999,1790653329.869130
2026-02-18 19:15:00+00:00,E008,electricity,0,1790653329.226302,1790653329.863999,1790653329.869130
2026-02-18 19:15:00+00:00,E004,electricity,0,1790653329.226341,1790653329.863999,1790653329.869130
2026-02-18 19:15:00+00:00,E006,electricity,0,1790653329.226370,1790653329.863999,1790653329.869130
2026-02-18 19:15:00+00:00,E001,electricity,0,1790653329.226395,1790653329.863999,1790653329.869130
2026-02-18 19:15:00+00:00,E002,electricity,0,1790653329.226430,1790653329.863999,1790653329.869130
2026-02-18 19:15:00+00:00,E003,electricity,1,1790653329.226454,1790653329.863999,1790653329.869130
2026-02-18 19:15:00+00:00,E009,electricity,0,1790653329.226478,1790653329.863999,1790653329.869130
2026-02-18 19:15:00+00:00,E005,electricity,0,1790653329.226501,1790653329.863999,1790653329.869130
2026-02-18 19:15:00+00:00,E000,electricity,0,1790653329.226524,1790653329.863999,1790653329.869130
2026-02-18 18:45:00+00:00,W009,water,0,1790653329.230086,1790653329.863999,1790653329.869130
2026-02-18 19:00:00+00:00,W003,water,0,1790653329.257312,1790653329.863999,1790653329.869130
2026-02-18 18:45:00+00:00,W004,water,0,1790653329.320651,1790653329.863999,1790653329.869130
2026-02-18 18:45:00+00:00,W005,water,0,1790653329.323974,1790653329.863999,1790653329.869130
2026-02-18 19:00:00+00:00,W006,water,0,1790653329.358424,1790653329.863999,1790653329.869130
2026-02-18 19:00:00+00:00,W000,water,0,1790653329.382893,1790653330.366516,1790653330.370993
2026-02-18 19:00:00+00:00,W001,water,0,1790653329.533989,1790653330.366516,1790653330.370993
2026-02-18 19:00:00+00:00,W008,water,0,1790653329.582873,1790653330.366516,1790653330.370993
2026-02-18 19:00:00+00:00,W007,water,0,1790653329.637871,1790653330.366516,1790653330.370993
2026-02-18 19:30:00+00:00,E002,electricity,0,1790653329.726198,1790653330.366516,1790653330.370993
2026-02-18 19:30:00+00:00,E003,electricity,1,1790653329.726252,1790653330.366516,1790653330.370993
2026-02-18 19:30:00+00:00,E006,electricity,0,1790653329.726284,1790653330.366516,1790653330.370993
2026-02-18 19:30:00+00:00,E005,electricity,1,1790653329.726312,1790653330.366516,1790653330.370993
2026-02-18 19:30:00+00:00,E007,electricity,0,1790653329.726349,1790653330.366516,1790653330.370993
2026-02-18 19:30:00+00:00,E001,electricity,0,1790653329.726373,1790653330.366516,1790653330.370993
2026-02-18 19:30:00+00:00,E009,electricity,0,1790653329.726397,1790653330.366516,1790653330.370993
2026-02-18 19:30:00+00:00,E004,electricity,0,1790653329.726424,1790653330.366516,1790653330.370993
2026-02-18 19:30:00+00:00,E008,electricity,0,1790653329.726448,1790653330.366516,1790653330.370993
2026-02-18 19:30:00+00:00,E000,electricity,0,1790653329.726475,1790653330.366516,1790653330.370993
2026-02-18 19:00:00+00:00,W002,water,0,1790653329.833982,1790653330.366516,1790653330.370993
2026-02-18 19:15:00+00:00,W006,water,0,1790653329.919505,1790653330.856722,1790653330.863201
2026-02-18 19:15:00+00:00,W004,water,1,1790653329.974554,1790653330.856722,1790653330.863201
2026-02-18 19:15:00+00:00,W007,water,0,1790653330.054553,1790653330.856722,1790653330.863201
2026-02-18 19:15:00+00:00,W009,water,0,1790653330.099546,1790653330.856722,1790653330.863201
2026-02-18 19:15:00+00:00,W001,water,0,1790653330.188977,1790653330.856722,1790653330.863201
2026-02-18 19:45:00+00:00,E009,electricity,0,1790653330.226801,1790653330.856722,1790653330.863201
2026-02-18 19:45:00+00:00,E000,electricity,0,1790653330.226990,1790653330.856722,1790653330.863201
2026-02-18 19:45:00+00:00,E004,electricity,0,1790653330.227051,1790653330.856722,1790653330.863201
2026-02-18 19:45:00+00:00,E002,electricity,0,1790653330.227099,1790653330.856722,1790653330.863201
2026-02-18 19:45:00+00:00,E003,electricity,1,1790653330.227141,1790653330.856722,1790653330.863201
2026-02-18 19:45:00+00:00,E001,electricity,0,1790653330.227182,1790653330.856722,1790653330.863201
2026-02-18 19:45:00+00:00,E008,electricity,0,1790653330.227221,1790653330.856722,1790653330.863201
2026-02-18 19:45:00+00:00,E005,electricity,0,1790653330.227260,1790653330.856722,1790653330.863201
2026-02-18 19:45:00+00:00,E007,electricity,1,1790653330.227299,1790653330.856722,1790653330.863201
2026-02-18 19:45:00+00:00,E006,electricity,0,1790653330.227335,1790653330.856722,1790653330.863201
2026-02-18 19:15:00+00:00,W005,water,0,1790653330.265661,1790653330.856722,1790653330.863201
2026-02-18 19:15:00+00:00,W000,water,0,1790653330.265843,1790653330.856722,1790653330.863201
2026-02-18 19:15:00+00:00,W008,water,0,1790653330.286691,1790653330.856722,1790653330.863201
2026-02-18 19:30:00+00:00,W006,water,0,1790653330.380666,1790653331.431239,1790653331.437946
2026-02-18 19:15:00+00:00,W003,water,0,1790653330.402876,1790653331.431239,1790653331.437946
2026-02-18 19:30:00+00:00,W004,water,0,1790653330.483436,1790653331.431239,1790653331.437946
2026-02-18 19:30:00+00:00,W001,water,0,1790653330.517325,1790653331.431239,1790653331.437946
2026-02-18 19:30:00+00:00,W007,water,0,1790653330.706215,1790653331.431239,1790653331.437946
2026-02-18 20:00:00+00:00,G006,gas,0,1790653330.726204,1790653331.431239,1790653331.437946
2026-02-18 20:00:00+00:00,G007,gas,0,1790653330.726335,1790653331.431239,1790653331.437946
2026-02-18 20:00:00+00:00,G005,gas,0,1790653330.726374,1790653331.431239,1790653331.437946
2026-02-18 20:00:00+00:00,E000,electricity,0,1790653330.726417,1790653331.431239,1790653331.437946
2026-02-18 20:00:00+00:00,E004,electricity,0,1790653330.726448,1790653331.431239,1790653331.437946
2026-02-18 20:00:00+00:00,G001,gas,0,1790653330.726474,1790653331.431239,1790653331.437946
2026-02-18 20:00:00+00:00,G003,gas,0,1790653330.726497,1790653331.431239,1790653331.437946
2026-02-18 20:00:00+00:00,G008,gas,0,1790653330.726520,1790653331.431239,1790653331.437946
2026-02-18 20:00:00+00:00,E008,electricity,0,1790653330.726542,1790653331.431239,1790653331.437946
2026-02-18 20:00:00+00:00,E003,electricity,1,1790653330.726565,1790653331.431239,1790653331.437946
2026-02-18 20:00:00+00:00,E002,electricity,0,1790653330.726589,1790653331.431239,1790653331.437946
2026-02-18 20:00:00+00:00,G004,gas,0,1790653330.726612,1790653331.431239,1790653331.437946
2026-02-18 20:00:00+00:00,G000,gas,0,1790653330.726641,1790653331.431239,1790653331.437946
2026-02-18 20:00:00+00:00,E001,electricity,0,1790653330.726665,1790653331.431239,1790653331.437946
2026-02-18 20:00:00+00:00,E007,electricity,0,1790653330.726696,1790653331.431239,1790653331.437946
2026-02-18 20:00:00+00:00,G009,gas,0,1790653330.726720,1790653331.431239,1790653331.437946
2026-02-18 20:00:00+00:00,G002,gas,0,1790653330.726742,1790653331.431239,1790653331.437946
2026-02-18 20:00:00+00:00,E005,electricity,0,1790653330.726765,1790653331.431239,1790653331.437946
2026-02-18 20:00:00+00:00,E006,electricity,0,1790653330.726798,1790653331.431239,1790653331.437946
2026-02-18 20:00:00+00:00,E009,electricity,0,1790653330.726821,1790653331.431239,1790653331.437946
2026-02-18 19:30:00+00:00,W002,water,0,1790653330.761764,1790653331.431239,1790653331.437946
2026-02-18 19:45:00+00:00,W004,water,0,1790653330.778426,1790653331.431239,1790653331.437946
2026-02-18 19:30:00+00:00,W009,water,0,1790653330.897882,1790653331.969085,1790653331.973977
2026-02-18 19:45:00+00:00,W003,water,0,1790653330.920652,1790653331.969085,1790653331.973977
2026-02-18 19:45:00+00:00,W000,water,0,1790653331.004012,1790653331.969085,1790653331.973977
2026-02-18 19:45:00+00:00,W007,water,0,1790653331.041771,1790653331.969085,1790653331.973977
2026-02-18 19:45:00+00:00,W008,water,0,1790653331.121772,1790653331.969085,1790653331.973977
2026-02-18 19:45:00+00:00,W001,water,0,1790653331.136759,1790653331.969085,1790653331.973977
2026-02-18 20:15:00+00:00,E000,electricity,0,1790653331.226211,1790653331.969085,1790653331.973977
2026-02-18 20:15:00+00:00,E004,electricity,0,1790653331.226397,1790653331.969085,1790653331.973977
2026-02-18 20:15:00+00:00,E005,electricity,0,1790653331.226441,1790653331.969085,1790653331.973977
2026-02-18 20:15:00+00:00,E003,electricity,1,1790653331.226471,1790653331.969085,1790653331.973977
2026-02-18 20:15:00+00:00,E009,electricity,0,1790653331.226499,1790653331.969085,1790653331.973977
2026-02-18 20:15:00+00:00,E006,electricity,0,1790653331.226524,1790653331.969085,1790653331.973977
2026-02-18 20:15:00+00:00,E008,electricity,0,1790653331.226548,1790653331.969085,1790653331.973977
2026-02-18 20:15:00+00:00,E001,electricity,0,1790653331.226607,1790653331.969085,1790653331.973977
2026-02-18 20:15:00+00:00,E007,electricity,0,1790653331.226641,1790653331.969085,1790653331.973977
2026-02-18 20:15:00+00:00,E002,electricity,0,1790653331.226666,1790653331.969085,1790653331.973977
2026-02-18 20:00:00+00:00,W004,water,0,1790653331.247876,1790653331.969085,1790653331.973977
2026-02-18 19:45:00+00:00,W006,water,0,1790653331.260089,1790653331.969085,1790653331.973977
2026-02-18 19:45:00+00:00,W005,water,0,1790653331.412887,1790653331.969085,1790653331.973977
2026-02-18 20:00:00+00:00,W009,water,0,1790653331.468436,1790653332.449559,1790653332.453563
2026-02-18 20:00:00+00:00,W002,water,0,1790653331.497322,1790653332.449559,1790653332.453563
2026-02-18 20:00:00+00:00,W007,water,0,1790653331.538984,1790653332.449559,1790653332.453563
2026-02-18 20:00:00+00:00,W003,water,0,1790653331.630104,1790653332.449559,1790653332.453563
2026-02-18 20:30:00+00:00,E008,electricity,0,1790653331.726262,1790653332.449559,1790653332.453563
2026-02-18 20:30:00+00:00,E009,electricity,0,1790653331.726418,1790653332.449559,1790653332.453563
2026-02-18 20:30:00+00:00,E000,electricity,0,1790653331.726467,1790653332.449559,1790653332.453563
2026-02-18 20:30:00+00:00,E002,electricity,0,1790653331.726542,1790653332.449559,1790653332.453563
2026-02-18 20:30:00+00:00,E003,electricity,1,1790653331.726577,1790653332.449559,1790653332.453563
2026-02-18 20:30:00+00:00,E004,electricity,0,1790653331.726628,1790653332.449559,1790653332.453563
2026-02-18 20:30:00+00:00,E006,electricity,0,1790653331.726661,1790653332.449559,1790653332.453563
2026-02-18 20:30:00+00:00,E005,electricity,0,1790653331.726694,1790653332.449559,1790653332.453563
2026-02-18 20:30:00+00:00,E001,electricity,0,1790653331.726728,1790653332.449559,1790653332.453563
2026-02-18 20:30:00+00:00,E007,electricity,0,1790653331.726773,1790653332.449559,1790653332.453563
2026-02-18 20:15:00+00:00,W005,water,0,1790653331.886775,1790653332.449559,1790653332.453563
2026-02-18 20:15:00+00:00,W004,water,0,1790653331.896760,1790653332.449559,1790653332.453563
2026-02-18 20:00:00+00:00,W000,water,0,1790653331.939495,1790653332.449559,1790653332.453563
2026-02-18 20:00:00+00:00,W008,water,0,1790653332.014545,1790653332.942777,1790653332.947986
2026-02-18 20:00:00+00:00,W001,water,0,1790653332.026758,1790653332.942777,1790653332.947986
2026-02-18 20:15:00+00:00,W002,water,0,1790653332.089537,1790653332.942777,1790653332.947986
2026-02-18 20:15:00+00:00,W006,water,0,1790653332.211217,1790653332.942777,1790653332.947986
2026-02-18 20:45:00+00:00,E008,electricity,0,1790653332.226206,1790653332.942777,1790653332.947986
2026-02-18 20:45:00+00:00,E005,electricity,0,1790653332.226318,1790653332.942777,1790653332.947986
2026-02-18 20:45:00+00:00,E009,electricity,0,1790653332.226357,1790653332.942777,1790653332.947986
2026-02-18 20:45:00+00:00,E006,electricity,0,1790653332.226405,1790653332.942777,1790653332.947986
2026-02-18 20:45:00+00:00,E000,electricity,0,1790653332.226438,1790653332.942777,1790653332.947986
2026-02-18 20:45:00+00:00,E004,electricity,0,1790653332.226463,1790653332.942777,1790653332.947986
2026-02-18 20:45:00+00:00,E007,electricity,0,1790653332.226487,1790653332.942777,1790653332.947986
2026-02-18 20:45:00+00:00,E003,electricity,1,1790653332.226511,1790653332.942777,1790653332.947986
2026-02-18 20:45:00+00:00,E002,electricity,0,1790653332.226534,1790653332.942777,1790653332.947986
2026-02-18 20:45:00+00:00,E001,electricity,0,1790653332.226564,1790653332.942777,1790653332.947986
2026-02-18 20:30:00+00:00,W004,water,0,1790653332.367880,1790653332.942777,1790653332.947986
2026-02-18 20:15:00+00:00,W009,water,1,1790653332.402324,1790653332.942777,1790653332.947986
2026-02-18 20:15:00+00:00,W003,water,0,1790653332.442323,1790653332.942777,1790653332.947986
2026-02-18 20:15:00+00:00,W007,water,0,1790653332.519501,1790653333.528425,1790653333.533331
2026-02-18 20:30:00+00:00,W002,water,0,1790653332.597877,1790653333.528425,1790653333.533331
2026-02-18 20:30:00+00:00,W005,water,0,1790653332.625651,1790653333.528425,1790653333.533331
2026-02-18 20:30:00+00:00,W006,water,0,1790653332.701226,1790653333.528425,1790653333.533331
2026-02-18 21:00:00+00:00,E001,electricity,0,1790653332.726207,1790653333.528425,1790653333.533331
2026-02-18 21:00:00+00:00,G007,gas,0,1790653332.726331,1790653333.528425,1790653333.533331
2026-02-18 21:00:00+00:00,G002,gas,0,1790653332.726371,1790653333.528425,1790653333.533331
2026-02-18 21:00:00+00:00,E002,electricity,0,1790653332.726417,1790653333.528425,1790653333.533331
2026-02-18 21:00:00+00:00,G008,gas,0,1790653332.726455,1790653333.528425,1790653333.533331
2026-02-18 21:00:00+00:00,G000,gas,0,1790653332.726480,1790653333.528425,1790653333.533331
2026-02-18 21:00:00+00:00,G004,gas,0,1790653332.726504,1790653333.528425,1790653333.533331
2026-02-18 21:00:00+00:00,E003,electricity,1,1790653332.726527,1790653333.528425,1790653333.533331
2026-02-18 21:00:00+00:00,G005,gas,0,1790653332.726554,1790653333.528425,1790653333.533331
2026-02-18 21:00:00+00:00,G006,gas,0,1790653332.726585,1790653333.528425,1790653333.533331
2026-02-18 21:00:00+00:00,G001,gas,0,1790653332.726608,1790653333.528425,1790653333.533331
2026-02-18 21:00:00+00:00,E004,electricity,0,1790653332.726631,1790653333.528425,1790653333.533331
2026-02-18 21:00:00+00:00,G003,gas,0,1790653332.726654,1790653333.528425,1790653333.533331
2026-02-18 21:00:00+00:00,E006,electricity,0,1790653332.726676,1790653333.528425,1790653333.533331
2026-02-18 21:00:00+00:00,E007,electricity,0,1790653332.726699,1790653333.528425,1790653333.533331
2026-02-18 21:00:00+00:00,E005,electricity,0,1790653332.726725,1790653333.528425,1790653333.533331
2026-02-18 21:00:00+00:00,E009,electricity,0,1790653332.726749,1790653333.528425,1790653333.533331
2026-02-18 21:00:00+00:00,E008,electricity,0,1790653332.726772,1790653333.528425,1790653333.533331
2026-02-18 21:00:00+00:00,E000,electricity,0,1790653332.726797,1790653333.528425,1790653333.533331
2026-02-18 21:00:00+00:00,G009,gas,0,1790653332.726821,1790653333.528425,1790653333.533331
2026-02-18 20:30:00+00:00,W008,water,0,1790653332.803991,1790653333.528425,1790653333.533331
2026-02-18 20:30:00+00:00,W000,water,0,1790653332.805645,1790653333.528425,1790653333.533331
2026-02-18 20:45:00+00:00,W007,water,0,1790653332.812310,1790653333.528425,1790653333.533331
2026-02-18 20:45:00+00:00,W005,water,0,1790653332.813975,1790653333.528425,1790653333.533331
2026-02-18 20:45:00+00:00,W003,water,0,1790653332.848424,1790653333.528425,1790653333.533331
2026-02-18 20:45:00+00:00,W002,water,0,1790653332.896224,1790653333.528425,1790653333.533331
2026-02-18 20:45:00+00:00,W004,water,0,1790653333.004547,1790653334.032598,1790653334.037522
2026-02-18 20:30:00+00:00,W001,water,0,1790653333.020089,1790653334.032598,1790653334.037522
2026-02-18 20:45:00+00:00,W009,water,0,1790653333.205650,1790653334.032598,1790653334.037522
2026-02-18 21:15:00+00:00,E000,electricity,0,1790653333.226201,1790653334.032598,1790653334.037522
2026-02-18 21:15:00+00:00,E009,electricity,0,1790653333.226294,1790653334.032598,1790653334.037522
2026-02-18 21:15:00+00:00,E004,electricity,0,1790653333.226347,1790653334.032598,1790653334.037522
2026-02-18 21:15:00+00:00,E003,electricity,1,1790653333.226380,1790653334.032598,1790653334.037522
2026-02-18 21:15:00+00:00,E002,electricity,0,1790653333.226408,1790653334.032598,1790653334.037522
2026-02-18 21:15:00+00:00,E008,electricity,0,1790653333.226437,1790653334.032598,1790653334.037522
2026-02-18 21:15:00+00:00,E001,electricity,0,1790653333.226461,1790653334.032598,1790653334.037522
2026-02-18 21:15:00+00:00,E006,electricity,0,1790653333.226484,1790653334.032598,1790653334.037522
2026-02-18 21:15:00+00:00,E005,electricity,0,1790653333.226517,1790653334.032598,1790653334.037522
2026-02-18 21:15:00+00:00,E007,electricity,0,1790653333.226540,1790653334.032598,1790653334.037522
2026-02-18 21:00:00+00:00,W000,water,0,1790653333.260646,1790653334.032598,1790653334.037522
2026-02-18 21:00:00+00:00,W004,water,0,1790653333.393427,1790653334.032598,1790653334.037522
2026-02-18 21:00:00+00:00,W005,water,0,1790653333.457872,1790653334.032598,1790653334.037522
2026-02-18 21:00:00+00:00,W002,water,0,1790653333.537892,1790653334.545675,1790653334.549873
2026-02-18 21:00:00+00:00,W003,water,0,1790653333.641769,1790653334.545675,1790653334.549873
2026-02-18 21:00:00+00:00,W001,water,0,1790653333.645651,1790653334.545675,1790653334.549873
2026-02-18 20:45:00+00:00,W006,water,0,1790653333.646196,1790653334.545675,1790653334.549873
2026-02-18 21:30:00+00:00,E008,electricity,0,1790653333.726210,1790653334.545675,1790653334.549873
2026-02-18 21:30:00+00:00,E004,electricity,0,1790653333.726374,1790653334.545675,1790653334.549873
2026-02-18 21:30:00+00:00,E006,electricity,0,1790653333.726414,1790653334.545675,1790653334.549873
2026-02-18 21:30:00+00:00,E007,electricity,0,1790653333.726444,1790653334.545675,1790653334.549873
2026-02-18 21:30:00+00:00,E005,electricity,0,1790653333.726470,1790653334.545675,1790653334.549873
2026-02-18 21:30:00+00:00,E009,electricity,0,1790653333.726496,1790653334.545675,1790653334.549873
2026-02-18 21:30:00+00:00,E002,electricity,0,1790653333.726520,1790653334.545675,1790653334.549873
2026-02-18 21:30:00+00:00,E003,electricity,1,1790653333.726553,1790653334.545675,1790653334.549873
2026-02-18 21:30:00+00:00,E000,electricity,0,1790653333.726579,1790653334.545675,1790653334.549873
2026-02-18 21:30:00+00:00,E001,electricity,0,1790653333.726603,1790653334.545675,1790653334.549873
2026-02-18 21:00:00+00:00,W008,water,0,1790653333.798991,1790653334.545675,1790653334.549873
2026-02-18 21:00:00+00:00,W007,water,0,1790653333.807312,1790653334.545675,1790653334.549873
2026-02-18 21:00:00+00:00,W009,water,0,1790653333.830652,1790653334.545675,1790653334.549873
2026-02-18 21:15:00+00:00,W000,water,0,1790653333.876767,1790653334.545675,1790653334.549873
2026-02-18 21:15:00+00:00,W004,water,0,1790653333.974524,1790653334.545675,1790653334.549873
2026-02-18 21:15:00+00:00,W006,water,0,1790653334.217327,1790653335.056585,1790653335.060729
2026-02-18 21:45:00+00:00,E006,electricity,0,1790653334.226203,1790653335.056585,1790653335.060729
2026-02-18 21:45:00+00:00,E002,electricity,0,1790653334.226310,1790653335.056585,1790653335.060729
2026-02-18 21:45:00+00:00,E008,electricity,0,1790653334.226348,1790653335.056585,1790653335.060729
2026-02-18 21:45:00+00:00,E003,electricity,1,1790653334.226378,1790653335.056585,1790653335.060729
2026-02-18 21:45:00+00:00,E007,electricity,0,1790653334.226405,1790653335.056585,1790653335.060729
2026-02-18 21:45:00+00:00,E005,electricity,0,1790653334.226431,1790653335.056585,1790653335.060729
2026-02-18 21:45:00+00:00,E000,electricity,0,1790653334.226454,1790653335.056585,1790653335.060729
2026-02-18 21:45:00+00:00,E001,electricity,0,1790653334.226479,1790653335.056585,1790653335.060729
2026-02-18 21:45:00+00:00,E009,electricity,0,1790653334.226502,1790653335.056585,1790653335.060729
2026-02-18 21:45:00+00:00,E004,electricity,0,1790653334.226532,1790653335.056585,1790653335.060729
2026-02-18 21:15:00+00:00,W005,water,0,1790653334.257314,1790653335.056585,1790653335.060729
2026-02-18 21:30:00+00:00,W000,water,0,1790653334.417325,1790653335.056585,1790653335.060729
2026-02-18 21:15:00+00:00,W003,water,0,1790653334.436762,1790653335.056585,1790653335.060729
2026-02-18 21:15:00+00:00,W002,water,0,1790653334.490108,1790653335.056585,1790653335.060729
2026-02-18 21:15:00+00:00,W001,water,0,1790653334.587322,1790653335.665094,1790653335.669593
2026-02-18 21:30:00+00:00,W004,water,0,1790653334.601202,1790653335.665094,1790653335.669593
2026-02-18 21:30:00+00:00,W008,water,0,1790653334.625091,1790653335.665094,1790653335.669593
2026-02-18 22:00:00+00:00,E002,electricity,0,1790653334.726208,1790653335.665094,1790653335.669593
2026-02-18 22:00:00+00:00,G006,gas,0,1790653334.726358,1790653335.665094,1790653335.669593
2026-02-18 22:00:00+00:00,G005,gas,0,1790653334.726399,1790653335.665094,1790653335.669593
2026-02-18 22:00:00+00:00,G008,gas,0,1790653334.726429,1790653335.665094,1790653335.669593
2026-02-18 22:00:00+00:00,G001,gas,0,1790653334.726456,1790653335.665094,1790653335.669593
2026-02-18 22:00:00+00:00,E008,electricity,0,1790653334.726480,1790653335.665094,1790653335.669593
2026-02-18 22:00:00+00:00,E001,electricity,0,1790653334.726504,1790653335.665094,1790653335.669593
2026-02-18 22:00:00+00:00,E005,electricity,0,1790653334.726562,1790653335.665094,1790653335.669593
2026-02-18 22:00:00+00:00,E009,electricity,0,1790653334.726586,1790653335.665094,1790653335.669593
2026-02-18 22:00:00+00:00,E004,electricity,0,1790653334.726609,1790653335.665094,1790653335.669593
2026-02-18 22:00:00+00:00,E007,electricity,0,1790653334.726632,1790653335.665094,1790653335.669593
2026-02-18 22:00:00+00:00,G000,gas,0,1790653334.726660,1790653335.665094,1790653335.669593
2026-02-18 22:00:00+00:00,G007,gas,0,1790653334.726683,1790653335.665094,1790653335.669593
2026-02-18 22:00:00+00:00,E006,electricity,0,1790653334.726706,1790653335.665094,1790653335.669593
2026-02-18 22:00:00+00:00,G003,gas,0,1790653334.726744,1790653335.665094,1790653335.669593
2026-02-18 22:00:00+00:00,E000,electricity,0,1790653334.726768,1790653335.665094,1790653335.669593
2026-02-18 22:00:00+00:00,G004,gas,0,1790653334.726790,1790653335.665094,1790653335.669593
2026-02-18 22:00:00+00:00,E003,electricity,1,1790653334.726821,1790653335.665094,1790653335.669593
2026-02-18 22:00:00+00:00,G002,gas,0,1790653334.726850,1790653335.665094,1790653335.669593
2026-02-18 22:00:00+00:00,G009,gas,0,1790653334.726873,1790653335.665094,1790653335.669593
2026-02-18 21:45:00+00:00,W000,water,0,1790653334.756763,1790653335.665094,1790653335.669593
2026-02-18 21:45:00+00:00,W003,water,0,1790653334.771201,1790653335.665094,1790653335.669593
2026-02-18 21:30:00+00:00,W009,water,0,1790653334.790091,1790653335.665094,1790653335.669593
2026-02-18 21:30:00+00:00,W006,water,0,1790653334.865127,1790653335.665094,1790653335.669593
2026-02-18 21:30:00+00:00,W007,water,0,1790653334.920657,1790653335.665094,1790653335.669593
2026-02-18 21:45:00+00:00,W004,water,0,1790653335.214490,1790653336.272269,1790653336.277694
2026-02-18 22:15:00+00:00,E008,electricity,0,1790653335.226204,1790653336.272269,1790653336.277694
2026-02-18 22:15:00+00:00,E004,electricity,0,1790653335.226305,1790653336.272269,1790653336.277694
2026-02-18 22:15:00+00:00,E009,electricity,0,1790653335.226348,1790653336.272269,1790653336.277694
2026-02-18 22:15:00+00:00,E007,electricity,0,1790653335.226377,1790653336.272269,1790653336.277694
2026-02-18 22:15:00+00:00,E002,electricity,0,1790653335.226402,1790653336.272269,1790653336.277694
2026-02-18 22:15:00+00:00,E003,electricity,1,1790653335.226425,1790653336.272269,1790653336.277694
2026-02-18 22:15:00+00:00,E001,electricity,0,1790653335.226466,1790653336.272269,1790653336.277694
2026-02-18 22:15:00+00:00,E000,electricity,0,1790653335.226491,1790653336.272269,1790653336.277694
2026-02-18 22:15:00+00:00,E006,electricity,0,1790653335.226517,1790653336.272269,1790653336.277694
2026-02-18 22:15:00+00:00,E005,electricity,0,1790653335.226554,1790653336.272269,1790653336.277694
2026-02-18 21:45:00+00:00,W002,water,0,1790653335.284537,1790653336.272269,1790653336.277694
2026-02-18 21:45:00+00:00,W005,water,0,1790653335.430095,1790653336.272269,1790653336.277694
2026-02-18 22:00:00+00:00,W004,water,0,1790653335.460606,1790653336.272269,1790653336.277694
2026-02-18 21:45:00+00:00,W001,water,0,1790653335.480644,1790653336.272269,1790653336.277694
2026-02-18 22:00:00+00:00,W007,water,1,1790653335.546204,1790653336.272269,1790653336.277694
2026-02-18 22:00:00+00:00,W006,water,0,1790653335.556756,1790653336.272269,1790653336.277694
2026-02-18 21:45:00+00:00,W008,water,0,1790653335.623440,1790653336.272269,1790653336.277694
2026-02-18 22:30:00+00:00,E006,electricity,0,1790653335.726220,1790653336.816576,1790653336.824523
2026-02-18 22:30:00+00:00,E002,electricity,0,1790653335.726410,1790653336.816576,1790653336.824523
2026-02-18 22:30:00+00:00,E001,electricity,0,1790653335.726454,1790653336.816576,1790653336.824523
2026-02-18 22:30:00+00:00,E005,electricity,0,1790653335.726485,1790653336.816576,1790653336.824523
2026-02-18 22:30:00+00:00,E009,electricity,0,1790653335.726520,1790653336.816576,1790653336.824523
2026-02-18 22:30:00+00:00,E000,electricity,0,1790653335.726573,1790653336.816576,1790653336.824523
2026-02-18 22:30:00+00:00,E004,electricity,0,1790653335.726599,1790653336.816576,1790653336.824523
2026-02-18 22:30:00+00:00,E007,electricity,0,1790653335.726623,1790653336.816576,1790653336.824523
2026-02-18 22:30:00+00:00,E003,electricity,1,1790653335.726647,1790653336.816576,1790653336.824523
2026-02-18 22:30:00+00:00,E008,electricity,0,1790653335.726672,1790653336.816576,1790653336.824523
2026-02-18 22:00:00+00:00,W009,water,0,1790653335.736202,1790653336.816576,1790653336.824523
2026-02-18 22:15:00+00:00,W001,water,0,1790653335.815194,1790653336.816576,1790653336.824523
2026-02-18 22:00:00+00:00,W003,water,0,1790653335.844939,1790653336.816576,1790653336.824523
2026-02-18 22:15:00+00:00,W002,water,0,1790653335.852131,1790653336.816576,1790653336.824523
2026-02-18 22:00:00+00:00,W000,water,0,1790653335.964557,1790653336.816576,1790653336.824523
2026-02-18 22:15:00+00:00,W007,water,1,1790653335.990098,1790653336.816576,1790653336.824523
2026-02-18 22:15:00+00:00,W004,water,0,1790653336.061203,1790653336.816576,1790653336.824523
2026-02-18 22:15:00+00:00,W005,water,0,1790653336.078422,1790653336.816576,1790653336.824523
2026-02-18 22:45:00+00:00,E006,electricity,0,1790653336.226205,1790653336.816576,1790653336.824523
2026-02-18 22:45:00+00:00,E003,electricity,1,1790653336.226321,1790653336.816576,1790653336.824523
2026-02-18 22:45:00+00:00,E001,electricity,0,1790653336.226367,1790653336.816576,1790653336.824523
2026-02-18 22:45:00+00:00,E008,electricity,0,1790653336.226402,1790653336.816576,1790653336.824523
2026-02-18 22:45:00+00:00,E009,electricity,0,1790653336.226429,1790653336.816576,1790653336.824523
2026-02-18 22:45:00+00:00,E007,electricity,0,1790653336.226461,1790653336.816576,1790653336.824523
2026-02-18 22:45:00+00:00,E004,electricity,0,1790653336.226486,1790653336.816576,1790653336.824523
2026-02-18 22:45:00+00:00,E000,electricity,0,1790653336.226510,1790653336.816576,1790653336.824523
2026-02-18 22:45:00+00:00,E005,electricity,0,1790653336.226551,1790653336.816576,1790653336.824523
2026-02-18 22:45:00+00:00,E002,electricity,0,1790653336.226574,1790653336.816576,1790653336.824523
2026-02-18 22:15:00+00:00,W006,water,0,1790653336.235092,1790653336.816576,1790653336.824523
2026-02-18 22:30:00+00:00,W000,water,0,1790653336.235186,1790653336.816576,1790653336.824523
2026-02-18 22:30:00+00:00,W005,water,0,1790653336.330654,1790653337.435071,1790653337.440845
2026-02-18 22:15:00+00:00,W008,water,0,1790653336.482869,1790653337.435071,1790653337.440845
2026-02-18 22:30:00+00:00,W002,water,0,1790653336.512873,1790653337.435071,1790653337.440845
2026-02-18 22:30:00+00:00,W009,water,0,1790653336.659497,1790653337.435071,1790653337.440845
2026-02-18 22:30:00+00:00,W004,water,0,1790653336.698984,1790653337.435071,1790653337.440845
2026-02-18 22:30:00+00:00,W003,water,0,1790653336.712312,1790653337.435071,1790653337.440845
2026-02-18 23:00:00+00:00,G008,gas,0,1790653336.726203,1790653337.435071,1790653337.440845
2026-02-18 23:00:00+00:00,E006,electricity,0,1790653336.726298,1790653337.435071,1790653337.440845
2026-02-18 23:00:00+00:00,G002,gas,0,1790653336.726347,1790653337.435071,1790653337.440845
2026-02-18 23:00:00+00:00,G001,gas,0,1790653336.726387,1790653337.435071,1790653337.440845
2026-02-18 23:00:00+00:00,E002,electricity,0,1790653336.726429,1790653337.435071,1790653337.440845
2026-02-18 23:00:00+00:00,G004,gas,0,1790653336.726483,1790653337.435071,1790653337.440845
2026-02-18 23:00:00+00:00,E004,electricity,0,1790653336.726519,1790653337.435071,1790653337.440845
2026-02-18 23:00:00+00:00,E000,electricity,0,1790653336.726555,1790653337.435071,1790653337.440845
2026-02-18 23:00:00+00:00,E007,electricity,0,1790653336.726587,1790653337.435071,1790653337.440845
2026-02-18 23:00:00+00:00,E001,electricity,0,1790653336.726618,1790653337.435071,1790653337.440845
2026-02-18 23:00:00+00:00,E005,electricity,0,1790653336.726652,1790653337.435071,1790653337.440845
2026-02-18 23:00:00+00:00,G009,gas,0,1790653336.726680,1790653337.435071,1790653337.440845
2026-02-18 23:00:00+00:00,E003,electricity,1,1790653336.726781,1790653337.435071,1790653337.440845
2026-02-18 23:00:00+00:00,G000,gas,0,1790653336.726808,1790653337.435071,1790653337.440845
2026-02-18 23:00:00+00:00,G005,gas,0,1790653336.726831,1790653337.435071,1790653337.440845
2026-02-18 23:00:00+00:00,E009,electricity,0,1790653336.726853,1790653337.435071,1790653337.440845
2026-02-18 23:00:00+00:00,G006,gas,0,1790653336.726876,1790653337.435071,1790653337.440845
2026-02-18 23:00:00+00:00,G003,gas,0,1790653336.726902,1790653337.435071,1790653337.440845
2026-02-18 23:00:00+00:00,E008,electricity,0,1790653336.726924,1790653337.435071,1790653337.440845
2026-02-18 23:00:00+00:00,G007,gas,0,1790653336.726949,1790653337.435071,1790653337.440845
2026-02-18 22:45:00+00:00,W008,water,0,1790653336.734535,1790653337.435071,1790653337.440845
2026-02-18 22:30:00+00:00,W007,water,0,1790653336.757316,1790653337.435071,1790653337.440845
2026-02-18 22:45:00+00:00,W002,water,0,1790653336.801208,1790653337.435071,1790653337.440845
2026-02-18 22:45:00+00:00,W009,water,0,1790653336.828993,1790653337.962295,1790653337.966747
2026-02-18 22:45:00+00:00,W000,water,0,1790653336.857316,1790653337.962295,1790653337.966747
2026-02-18 22:30:00+00:00,W001,water,0,1790653336.882874,1790653337.962295,1790653337.966747
2026-02-18 22:45:00+00:00,W003,water,0,1790653336.917318,1790653337.962295,1790653337.966747
2026-02-18 22:45:00+00:00,W006,water,0,1790653337.107877,1790653337.962295,1790653337.966747
2026-02-18 22:45:00+00:00,W005,water,0,1790653337.201784,1790653337.962295,1790653337.966747
2026-02-18 23:15:00+00:00,E004,electricity,0,1790653337.226203,1790653337.962295,1790653337.966747
2026-02-18 23:15:00+00:00,E006,electricity,0,1790653337.226334,1790653337.962295,1790653337.966747
2026-02-18 23:15:00+00:00,E000,electricity,0,1790653337.226372,1790653337.962295,1790653337.966747
2026-02-18 23:15:00+00:00,E007,electricity,0,1790653337.226422,1790653337.962295,1790653337.966747
2026-02-18 23:15:00+00:00,E009,electricity,0,1790653337.226460,1790653337.962295,1790653337.966747
2026-02-18 23:15:00+00:00,E002,electricity,0,1790653337.226485,1790653337.962295,1790653337.966747
2026-02-18 23:15:00+00:00,E001,electricity,0,1790653337.226509,1790653337.962295,1790653337.966747
2026-02-18 23:15:00+00:00,E008,electricity,0,1790653337.226531,1790653337.962295,1790653337.966747
2026-02-18 23:15:00+00:00,E003,electricity,1,1790653337.226554,1790653337.962295,1790653337.966747
2026-02-18 23:15:00+00:00,E005,electricity,0,1790653337.226578,1790653337.962295,1790653337.966747
2026-02-18 22:45:00+00:00,W004,water,0,1790653337.232869,1790653337.962295,1790653337.966747
2026-02-18 23:00:00+00:00,W003,water,0,1790653337.277321,1790653337.962295,1790653337.966747
2026-02-18 23:00:00+00:00,W007,water,0,1790653337.365109,1790653337.962295,1790653337.966747
2026-02-18 23:00:00+00:00,W000,water,0,1790653337.431213,1790653337.962295,1790653337.966747
2026-02-18 23:00:00+00:00,W009,water,0,1790653337.442327,1790653338.490330,1790653338.494122
2026-02-18 23:00:00+00:00,W008,water,0,1790653337.446753,1790653338.490330,1790653338.494122
2026-02-18 23:00:00+00:00,W001,water,0,1790653337.527879,1790653338.490330,1790653338.494122
2026-02-18 23:00:00+00:00,W002,water,0,1790653337.541759,1790653338.490330,1790653338.494122
2026-02-18 23:00:00+00:00,W006,water,0,1790653337.551717,1790653338.490330,1790653338.494122
2026-02-18 23:30:00+00:00,E006,electricity,0,1790653337.726215,1790653338.490330,1790653338.494122
2026-02-18 23:30:00+00:00,E004,electricity,0,1790653337.726402,1790653338.490330,1790653338.494122
2026-02-18 23:30:00+00:00,E000,electricity,0,1790653337.726442,1790653338.490330,1790653338.494122
2026-02-18 23:30:00+00:00,E008,electricity,0,1790653337.726470,1790653338.490330,1790653338.494122
2026-02-18 23:30:00+00:00,E007,electricity,0,1790653337.726496,1790653338.490330,1790653338.494122
2026-02-18 23:30:00+00:00,E002,electricity,0,1790653337.726521,1790653338.490330,1790653338.494122
2026-02-18 23:30:00+00:00,E005,electricity,0,1790653337.726544,1790653338.490330,1790653338.494122
2026-02-18 23:30:00+00:00,E009,electricity,0,1790653337.726567,1790653338.490330,1790653338.494122
2026-02-18 23:30:00+00:00,E001,electricity,0,1790653337.726590,1790653338.490330,1790653338.494122
2026-02-18 23:30:00+00:00,E003,electricity,1,1790653337.726625,1790653338.490330,1790653338.494122
2026-02-18 23:15:00+00:00,W003,water,0,1790653337.755107,1790653338.490330,1790653338.494122
2026-02-18 23:00:00+00:00,W005,water,0,1790653337.766777,1790653338.490330,1790653338.494122
2026-02-18 23:15:00+00:00,W006,water,0,1790653337.844541,1790653338.490330,1790653338.494122
2026-02-18 23:15:00+00:00,W004,water,0,1790653338.018451,1790653339.014433,1790653339.018273
2026-02-18 23:15:00+00:00,W000,water,0,1790653338.087885,1790653339.014433,1790653339.018273
2026-02-18 23:15:00+00:00,W008,water,0,1790653338.135653,1790653339.014433,1790653339.018273
2026-02-18 23:15:00+00:00,W007,water,0,1790653338.143425,1790653339.014433,1790653339.018273
2026-02-18 23:15:00+00:00,W002,water,0,1790653338.225913,1790653339.014433,1790653339.018273
2026-02-18 23:45:00+00:00,E000,electricity,0,1790653338.226201,1790653339.014433,1790653339.018273
2026-02-18 23:45:00+00:00,E009,electricity,0,1790653338.226257,1790653339.014433,1790653339.018273
2026-02-18 23:45:00+00:00,E003,electricity,1,1790653338.226290,1790653339.014433,1790653339.018273
2026-02-18 23:45:00+00:00,E006,electricity,0,1790653338.226317,1790653339.014433,1790653339.018273
2026-02-18 23:45:00+00:00,E008,electricity,0,1790653338.226343,1790653339.014433,1790653339.018273
2026-02-18 23:45:00+00:00,E004,electricity,0,1790653338.226392,1790653339.014433,1790653339.018273
2026-02-18 23:45:00+00:00,E002,electricity,0,1790653338.226418,1790653339.014433,1790653339.018273
2026-02-18 23:45:00+00:00,E005,electricity,0,1790653338.226441,1790653339.014433,1790653339.018273
2026-02-18 23:45:00+00:00,E001,electricity,0,1790653338.226465,1790653339.014433,1790653339.018273
2026-02-18 23:45:00+00:00,E007,electricity,0,1790653338.226490,1790653339.014433,1790653339.018273
2026-02-18 23:30:00+00:00,W004,water,0,1790653338.274037,1790653339.014433,1790653339.018273
2026-02-18 23:15:00+00:00,W001,water,0,1790653338.341771,1790653339.014433,1790653339.018273
2026-02-18 23:15:00+00:00,W009,water,0,1790653338.379498,1790653339.014433,1790653339.018273
2026-02-18 23:30:00+00:00,W006,water,0,1790653338.434545,1790653339.014433,1790653339.018273
2026-02-18 23:30:00+00:00,W002,water,0,1790653338.636211,1790653339.623914,1790653339.629151
2026-02-18 23:30:00+00:00,W003,water,0,1790653338.697320,1790653339.623914,1790653339.629151
2026-02-19 00:00:00+00:00,G007,gas,0,1790653338.726210,1790653339.623914,1790653339.629151
2026-02-19 00:00:00+00:00,E004,electricity,0,1790653338.726373,1790653339.623914,1790653339.629151
2026-02-19 00:00:00+00:00,G002,gas,0,1790653338.726417,1790653339.623914,1790653339.629151
2026-02-19 00:00:00+00:00,G009,gas,0,1790653338.726448,1790653339.623914,1790653339.629151
2026-02-19 00:00:00+00:00,E003,electricity,1,1790653338.726475,1790653339.623914,1790653339.629151
2026-02-19 00:00:00+00:00,G003,gas,0,1790653338.726505,1790653339.623914,1790653339.629151
2026-02-19 00:00:00+00:00,G008,gas,0,1790653338.726529,1790653339.623914,1790653339.629151
2026-02-19 00:00:00+00:00,E002,electricity,0,1790653338.726553,1790653339.623914,1790653339.629151
2026-02-19 00:00:00+00:00,E005,electricity,0,1790653338.726576,1790653339.623914,1790653339.629151
2026-02-19 00:00:00+00:00,G000,gas,0,1790653338.726614,1790653339.623914,1790653339.629151
2026-02-19 00:00:00+00:00,E000,electricity,0,1790653338.726639,1790653339.623914,1790653339.629151
2026-02-19 00:00:00+00:00,G001,gas,0,1790653338.726662,1790653339.623914,1790653339.629151
2026-02-19 00:00:00+00:00,E009,electricity,0,1790653338.726692,1790653339.623914,1790653339.629151
2026-02-19 00:00:00+00:00,E006,electricity,0,1790653338.726717,1790653339.623914,1790653339.629151
2026-02-19 00:00:00+00:00,E007,electricity,0,1790653338.726741,1790653339.623914,1790653339.629151
2026-02-19 00:00:00+00:00,E008,electricity,0,1790653338.726768,1790653339.623914,1790653339.629151
2026-02-19 00:00:00+00:00,G005,gas,0,1790653338.726793,1790653339.623914,1790653339.629151
2026-02-19 00:00:00+00:00,G006,gas,0,1790653338.726839,1790653339.623914,1790653339.629151
2026-02-19 00:00:00+00:00,G004,gas,0,1790653338.726863,1790653339.623914,1790653339.629151
2026-02-19 00:00:00+00:00,E001,electricity,0,1790653338.726886,1790653339.623914,1790653339.629151
2026-02-18 23:30:00+00:00,W007,water,0,1790653338.834552,1790653339.623914,1790653339.629151
2026-02-18 23:30:00+00:00,W005,water,0,1790653338.875107,1790653339.623914,1790653339.629151
2026-02-18 23:45:00+00:00,W003,water,0,1790653338.897872,1790653339.623914,1790653339.629151
2026-02-18 23:30:00+00:00,W000,water,0,1790653338.945652,1790653339.623914,1790653339.629151
2026-02-18 23:30:00+00:00,W008,water,0,1790653338.961208,1790653339.623914,1790653339.629151
2026-02-18 23:45:00+00:00,W009,water,0,1790653339.030102,1790653340.191051,1790653340.195515
2026-02-18 23:45:00+00:00,W001,water,0,1790653339.045648,1790653340.191051,1790653340.195515
2026-02-18 23:45:00+00:00,W004,water,0,1790653339.054531,1790653340.191051,1790653340.195515
2026-02-19 00:15:00+00:00,E000,electricity,0,1790653339.226201,1790653340.191051,1790653340.195515
2026-02-19 00:15:00+00:00,E004,electricity,0,1790653339.226300,1790653340.191051,1790653340.195515
2026-02-19 00:15:00+00:00,E007,electricity,0,1790653339.226357,1790653340.191051,1790653340.195515
2026-02-19 00:15:00+00:00,E002,electricity,0,1790653339.226391,1790653340.191051,1790653340.195515
2026-02-19 00:15:00+00:00,E009,electricity,0,1790653339.226421,1790653340.191051,1790653340.195515
2026-02-19 00:15:00+00:00,E003,electricity,1,1790653339.226458,1790653340.191051,1790653340.195515
2026-02-19 00:15:00+00:00,E006,electricity,0,1790653339.226483,1790653340.191051,1790653340.195515
2026-02-19 00:15:00+00:00,E001,electricity,0,1790653339.226506,1790653340.191051,1790653340.195515
2026-02-19 00:15:00+00:00,E008,electricity,0,1790653339.226529,1790653340.191051,1790653340.195515
2026-02-19 00:15:00+00:00,E005,electricity,0,1790653339.226552,1790653340.191051,1790653340.195515
2026-02-19 00:00:00+00:00,W007,water,0,1790653339.258978,1790653340.191051,1790653340.195515
2026-02-19 00:00:00+00:00,W008,water,0,1790653339.297312,1790653340.191051,1790653340.195515
2026-02-19 00:00:00+00:00,W009,water,0,1790653339.325089,1790653340.191051,1790653340.195515
2026-02-18 23:45:00+00:00,W006,water,0,1790653339.401205,1790653340.191051,1790653340.195515
2026-02-19 00:00:00+00:00,W001,water,0,1790653339.401753,1790653340.191051,1790653340.195515
2026-02-19 00:00:00+00:00,W000,water,0,1790653339.421199,1790653340.191051,1790653340.195515
2026-02-18 23:45:00+00:00,W002,water,0,1790653339.616205,1790653340.191051,1790653340.195515
2026-02-19 00:30:00+00:00,E003,electricity,1,1790653339.726200,1790653340.743790,1790653340.747298
2026-02-19 00:30:00+00:00,E005,electricity,0,1790653339.726310,1790653340.743790,1790653340.747298
2026-02-19 00:30:00+00:00,E001,electricity,0,1790653339.726351,1790653340.743790,1790653340.747298
2026-02-19 00:30:00+00:00,E009,electricity,0,1790653339.726381,1790653340.743790,1790653340.747298
2026-02-19 00:30:00+00:00,E008,electricity,0,1790653339.726414,1790653340.743790,1790653340.747298
2026-02-19 00:30:00+00:00,E000,electricity,0,1790653339.726447,1790653340.743790,1790653340.747298
2026-02-19 00:30:00+00:00,E006,electricity,0,1790653339.726476,1790653340.743790,1790653340.747298
2026-02-19 00:30:00+00:00,E007,electricity,0,1790653339.726500,1790653340.743790,1790653340.747298
2026-02-19 00:30:00+00:00,E004,electricity,0,1790653339.726523,1790653340.743790,1790653340.747298
2026-02-19 00:30:00+00:00,E002,electricity,0,1790653339.726546,1790653340.743790,1790653340.747298
2026-02-19 00:15:00+00:00,W007,water,0,1790653339.738428,1790653340.743790,1790653340.747298
2026-02-19 00:15:00+00:00,W006,water,0,1790653339.750647,1790653340.743790,1790653340.747298
2026-02-19 00:00:00+00:00,W005,water,0,1790653339.778978,1790653340.743790,1790653340.747298
2026-02-19 00:00:00+00:00,W003,water,0,1790653339.875702,1790653340.743790,1790653340.747298
2026-02-19 00:15:00+00:00,W001,water,0,1790653339.945126,1790653340.743790,1790653340.747298
2026-02-19 00:15:00+00:00,W009,water,0,1790653339.973435,1790653340.743790,1790653340.747298
2026-02-19 00:00:00+00:00,W004,water,0,1790653339.977312,1790653340.743790,1790653340.747298
2026-02-19 00:15:00+00:00,W002,water,0,1790653339.981760,1790653340.743790,1790653340.747298
2026-02-19 00:15:00+00:00,W000,water,0,1790653340.082876,1790653340.743790,1790653340.747298
2026-02-19 00:45:00+00:00,E009,electricity,0,1790653340.226223,1790653341.389994,1790653341.396291
2026-02-19 00:45:00+00:00,E001,electricity,0,1790653340.226428,1790653341.389994,1790653341.396291
2026-02-19 00:45:00+00:00,E000,electricity,0,1790653340.226475,1790653341.389994,1790653341.396291
2026-02-19 00:45:00+00:00,E002,electricity,0,1790653340.226505,1790653341.389994,1790653341.396291
2026-02-19 00:45:00+00:00,E003,electricity,1,1790653340.226532,1790653341.389994,1790653341.396291
2026-02-19 00:45:00+00:00,E006,electricity,0,1790653340.226558,1790653341.389994,1790653341.396291
2026-02-19 00:45:00+00:00,E005,electricity,0,1790653340.226589,1790653341.389994,1790653341.396291
2026-02-19 00:45:00+00:00,E004,electricity,0,1790653340.226624,1790653341.389994,1790653341.396291
2026-02-19 00:45:00+00:00,E008,electricity,0,1790653340.226648,1790653341.389994,1790653341.396291
2026-02-19 00:45:00+00:00,E007,electricity,0,1790653340.226670,1790653341.389994,1790653341.396291
2026-02-19 00:30:00+00:00,W003,water,0,1790653340.270658,1790653341.389994,1790653341.396291
2026-02-19 00:15:00+00:00,W008,water,0,1790653340.281205,1790653341.389994,1790653341.396291
2026-02-19 00:30:00+00:00,W001,water,0,1790653340.404546,1790653341.389994,1790653341.396291
2026-02-19 00:30:00+00:00,W006,water,0,1790653340.410165,1790653341.389994,1790653341.396291
2026-02-19 00:30:00+00:00,W007,water,0,1790653340.414530,1790653341.389994,1790653341.396291
2026-02-19 00:30:00+00:00,W002,water,0,1790653340.455091,1790653341.389994,1790653341.396291
2026-02-19 00:30:00+00:00,W009,water,0,1790653340.578979,1790653341.389994,1790653341.396291
2026-02-19 00:30:00+00:00,W005,water,0,1790653340.715107,1790653341.389994,1790653341.396291
2026-02-19 01:00:00+00:00,E006,electricity,0,1790653340.726203,1790653341.389994,1790653341.396291
2026-02-19 01:00:00+00:00,G005,gas,0,1790653340.726330,1790653341.389994,1790653341.396291
2026-02-19 01:00:00+00:00,E005,electricity,0,1790653340.726371,1790653341.389994,1790653341.396291
2026-02-19 01:00:00+00:00,G000,gas,0,1790653340.726409,1790653341.389994,1790653341.396291
2026-02-19 01:00:00+00:00,E004,electricity,0,1790653340.726438,1790653341.389994,1790653341.396291
2026-02-19 01:00:00+00:00,G007,gas,0,1790653340.726464,1790653341.389994,1790653341.396291
2026-02-19 01:00:00+00:00,E008,electricity,0,1790653340.726488,1790653341.389994,1790653341.396291
2026-02-19 01:00:00+00:00,G004,gas,0,1790653340.726515,1790653341.389994,1790653341.396291
2026-02-19 01:00:00+00:00,G009,gas,0,1790653340.726549,1790653341.389994,1790653341.396291
2026-02-19 01:00:00+00:00,G008,gas,0,1790653340.726592,1790653341.389994,1790653341.396291
2026-02-19 01:00:00+00:00,E001,electricity,0,1790653340.726616,1790653341.389994,1790653341.396291
2026-02-19 01:00:00+00:00,G002,gas,0,1790653340.726639,1790653341.389994,1790653341.396291
2026-02-19 01:00:00+00:00,E003,electricity,0,1790653340.726662,1790653341.389994,1790653341.396291
2026-02-19 01:00:00+00:00,E000,electricity,0,1790653340.726686,1790653341.389994,1790653341.396291
2026-02-19 01:00:00+00:00,E007,electricity,0,1790653340.726709,1790653341.389994,1790653341.396291
2026-02-19 01:00:00+00:00,G006,gas,0,1790653340.726732,1790653341.389994,1790653341.396291
2026-02-19 01:00:00+00:00,G001,gas,0,1790653340.726762,1790653341.389994,1790653341.396291
2026-02-19 01:00:00+00:00,G003,gas,0,1790653340.726785,1790653341.389994,1790653341.396291
2026-02-19 01:00:00+00:00,E002,electricity,0,1790653340.726807,1790653341.389994,1790653341.396291
2026-02-19 01:00:00+00:00,E009,electricity,0,1790653340.726837,1790653341.389994,1790653341.396291
2026-02-19 00:30:00+00:00,W004,water,0,1790653340.758434,1790653341.938865,1790653341.942350
2026-02-19 00:45:00+00:00,W003,water,0,1790653340.800098,1790653341.938865,1790653341.942350
2026-02-19 00:45:00+00:00,W008,water,0,1790653340.937879,1790653341.938865,1790653341.942350
2026-02-19 00:45:00+00:00,W002,water,0,1790653341.027848,1790653341.938865,1790653341.942350
2026-02-19 00:30:00+00:00,W000,water,0,1790653341.050648,1790653341.938865,1790653341.942350
2026-02-19 00:45:00+00:00,W007,water,0,1790653341.138430,1790653341.938865,1790653341.942350
2026-02-19 00:45:00+00:00,W001,water,0,1790653341.150108,1790653341.938865,1790653341.942350
2026-02-19 00:45:00+00:00,W009,water,0,1790653341.187868,1790653341.938865,1790653341.942350
2026-02-19 01:15:00+00:00,E004,electricity,0,1790653341.226203,1790653341.938865,1790653341.942350
2026-02-19 01:15:00+00:00,E000,electricity,0,1790653341.226324,1790653341.938865,1790653341.942350
2026-02-19 01:15:00+00:00,E005,electricity,0,1790653341.226385,1790653341.938865,1790653341.942350
2026-02-19 01:15:00+00:00,E007,electricity,0,1790653341.226415,1790653341.938865,1790653341.942350
2026-02-19 01:15:00+00:00,E002,electricity,0,1790653341.226441,1790653341.938865,1790653341.942350
2026-02-19 01:15:00+00:00,E001,electricity,0,1790653341.226467,1790653341.938865,1790653341.942350
2026-02-19 01:15:00+00:00,E009,electricity,0,1790653341.226490,1790653341.938865,1790653341.942350
2026-02-19 01:15:00+00:00,E008,electricity,0,1790653341.226514,1790653341.938865,1790653341.942350
2026-02-19 01:15:00+00:00,E003,electricity,0,1790653341.226537,1790653341.938865,1790653341.942350
2026-02-19 01:15:00+00:00,E006,electricity,0,1790653341.226560,1790653341.938865,1790653341.942350
2026-02-19 01:00:00+00:00,W003,water,0,1790653341.243421,1790653341.938865,1790653341.942350
2026-02-19 00:45:00+00:00,W006,water,0,1790653341.262311,1790653341.938865,1790653341.942350
2026-02-19 01:00:00+00:00,W007,water,0,1790653341.305662,1790653341.938865,1790653341.942350
2026-02-19 01:00:00+00:00,W001,water,0,1790653341.363425,1790653341.938865,1790653341.942350
2026-02-19 00:45:00+00:00,W005,water,0,1790653341.430099,1790653342.478486,1790653342.481296
2026-02-19 01:00:00+00:00,W004,water,0,1790653341.541758,1790653342.478486,1790653342.481296
2026-02-19 01:30:00+00:00,E007,electricity,0,1790653341.726210,1790653342.478486,1790653342.481296
2026-02-19 01:30:00+00:00,E002,electricity,0,1790653341.726378,1790653342.478486,1790653342.481296
2026-02-19 01:30:00+00:00,E000,electricity,0,1790653341.726422,1790653342.478486,1790653342.481296
2026-02-19 01:30:00+00:00,E004,electricity,0,1790653341.726462,1790653342.478486,1790653342.481296
2026-02-19 01:30:00+00:00,E003,electricity,0,1790653341.726490,1790653342.478486,1790653342.481296
2026-02-19 01:30:00+00:00,E008,electricity,0,1790653341.726516,1790653342.478486,1790653342.481296
2026-02-19 01:30:00+00:00,E001,electricity,0,1790653341.726551,1790653342.478486,1790653342.481296
2026-02-19 01:30:00+00:00,E009,electricity,0,1790653341.726576,1790653342.478486,1790653342.481296
2026-02-19 01:30:00+00:00,E006,electricity,0,1790653341.726605,1790653342.478486,1790653342.481296
2026-02-19 01:30:00+00:00,E005,electricity,0,1790653341.726628,1790653342.478486,1790653342.481296
2026-02-19 01:15:00+00:00,W007,water,0,1790653341.746760,1790653342.478486,1790653342.481296
2026-02-19 01:00:00+00:00,W000,water,0,1790653341.803429,1790653342.478486,1790653342.481296
2026-02-19 01:15:00+00:00,W006,water,0,1790653341.838982,1790653342.478486,1790653342.481296
2026-02-19 01:15:00+00:00,W001,water,0,1790653341.903155,1790653342.478486,1790653342.481296
2026-02-19 01:15:00+00:00,W005,water,0,1790653341.938432,1790653343.024056,1790653343.027073
2026-02-19 01:00:00+00:00,W002,water,0,1790653341.973416,1790653343.024056,1790653343.027073
2026-02-19 01:00:00+00:00,W008,water,0,1790653341.987872,1790653343.024056,1790653343.027073
2026-02-19 01:00:00+00:00,W009,water,0,1790653342.084534,1790653343.024056,1790653343.027073
2026-02-19 01:15:00+00:00,W004,water,0,1790653342.129530,1790653343.024056,1790653343.027073
2026-02-19 01:45:00+00:00,E000,electricity,0,1790653342.226212,1790653343.024056,1790653343.027073
2026-02-19 01:45:00+00:00,E008,electricity,0,1790653342.226388,1790653343.024056,1790653343.027073
2026-02-19 01:45:00+00:00,E002,electricity,0,1790653342.226445,1790653343.024056,1790653343.027073
2026-02-19 01:45:00+00:00,E003,electricity,0,1790653342.226475,1790653343.024056,1790653343.027073
2026-02-19 01:45:00+00:00,E006,electricity,0,1790653342.226503,1790653343.024056,1790653343.027073
2026-02-19 01:45:00+00:00,E009,electricity,0,1790653342.226527,1790653343.024056,1790653343.027073
2026-02-19 01:45:00+00:00,E004,electricity,0,1790653342.226555,1790653343.024056,1790653343.027073
2026-02-19 01:45:00+00:00,E007,electricity,0,1790653342.226597,1790653343.024056,1790653343.027073
2026-02-19 01:45:00+00:00,E005,electricity,0,1790653342.226661,1790653343.024056,1790653343.027073
2026-02-19 01:45:00+00:00,E001,electricity,0,1790653342.226691,1790653343.024056,1790653343.027073
2026-02-19 01:30:00+00:00,W001,water,0,1790653342.272876,1790653343.024056,1790653343.027073
2026-02-19 01:30:00+00:00,W007,water,0,1790653342.352326,1790653343.024056,1790653343.027073
2026-02-19 01:30:00+00:00,W002,water,0,1790653342.435139,1790653343.024056,1790653343.027073
2026-02-19 01:30:00+00:00,W009,water,0,1790653342.465653,1790653343.024056,1790653343.027073
2026-02-19 01:30:00+00:00,W008,water,0,1790653342.488427,1790653343.682566,1790653343.689370
2026-02-19 01:30:00+00:00,W000,water,0,1790653342.537318,1790653343.682566,1790653343.689370
2026-02-19 01:15:00+00:00,W003,water,0,1790653342.569536,1790653343.682566,1790653343.689370
2026-02-19 01:30:00+00:00,W006,water,0,1790653342.661211,1790653343.682566,1790653343.689370
2026-02-19 01:30:00+00:00,W005,water,0,1790653342.678426,1790653343.682566,1790653343.689370
2026-02-19 02:00:00+00:00,G008,gas,0,1790653342.726205,1790653343.682566,1790653343.689370
2026-02-19 02:00:00+00:00,E007,electricity,0,1790653342.726323,1790653343.682566,1790653343.689370
2026-02-19 02:00:00+00:00,G002,gas,0,1790653342.726385,1790653343.682566,1790653343.689370
2026-02-19 02:00:00+00:00,E002,electricity,0,1790653342.726416,1790653343.682566,1790653343.689370
2026-02-19 02:00:00+00:00,G001,gas,0,1790653342.726442,1790653343.682566,1790653343.689370
2026-02-19 02:00:00+00:00,G009,gas,0,1790653342.726472,1790653343.682566,1790653343.689370
2026-02-19 02:00:00+00:00,E005,electricity,0,1790653342.726496,1790653343.682566,1790653343.689370
2026-02-19 02:00:00+00:00,E009,electricity,0,1790653342.726520,1790653343.682566,1790653343.689370
2026-02-19 02:00:00+00:00,G000,gas,0,1790653342.726544,1790653343.682566,1790653343.689370
2026-02-19 02:00:00+00:00,G007,gas,0,1790653342.726567,1790653343.682566,1790653343.689370
2026-02-19 02:00:00+00:00,E001,electricity,0,1790653342.726603,1790653343.682566,1790653343.689370
2026-02-19 02:00:00+00:00,E003,electricity,0,1790653342.726628,1790653343.682566,1790653343.689370
2026-02-19 02:00:00+00:00,G005,gas,0,1790653342.726651,1790653343.682566,1790653343.689370
2026-02-19 02:00:00+00:00,E008,electricity,0,1790653342.726674,1790653343.682566,1790653343.689370
2026-02-19 02:00:00+00:00,E004,electricity,0,1790653342.726698,1790653343.682566,1790653343.689370
2026-02-19 02:00:00+00:00,G006,gas,0,1790653342.726723,1790653343.682566,1790653343.689370
2026-02-19 02:00:00+00:00,G004,gas,0,1790653342.726749,1790653343.682566,1790653343.689370
2026-02-19 02:00:00+00:00,E000,electricity,0,1790653342.726772,1790653343.682566,1790653343.689370
2026-02-19 02:00:00+00:00,E006,electricity,0,1790653342.726795,1790653343.682566,1790653343.689370
2026-02-19 02:00:00+00:00,G003,gas,0,1790653342.726818,1790653343.682566,1790653343.689370
2026-02-19 01:45:00+00:00,W009,water,0,1790653342.901220,1790653343.682566,1790653343.689370
2026-02-19 01:45:00+00:00,W007,water,0,1790653343.001218,1790653343.682566,1790653343.689370
2026-02-19 01:30:00+00:00,W004,water,0,1790653343.026779,1790653344.287987,1790653344.291658
2026-02-19 01:45:00+00:00,W001,water,0,1790653343.028989,1790653344.287987,1790653344.291658
2026-02-19 01:45:00+00:00,W002,water,0,1790653343.080122,1790653344.287987,1790653344.291658
2026-02-19 01:45:00+00:00,W008,water,0,1790653343.199494,1790653344.287987,1790653344.291658
2026-02-19 02:15:00+00:00,E004,electricity,0,1790653343.226202,1790653344.287987,1790653344.291658
2026-02-19 02:15:00+00:00,E005,electricity,0,1790653343.226332,1790653344.287987,1790653344.291658
2026-02-19 02:15:00+00:00,E006,electricity,0,1790653343.226374,1790653344.287987,1790653344.291658
2026-02-19 02:15:00+00:00,E001,electricity,0,1790653343.226403,1790653344.287987,1790653344.291658
2026-02-19 02:15:00+00:00,E003,electricity,0,1790653343.226429,1790653344.287987,1790653344.291658
2026-02-19 02:15:00+00:00,E000,electricity,0,1790653343.226454,1790653344.287987,1790653344.291658
2026-02-19 02:15:00+00:00,E002,electricity,0,1790653343.226477,1790653344.287987,1790653344.291658
2026-02-19 02:15:00+00:00,E008,electricity,0,1790653343.226500,1790653344.287987,1790653344.291658
2026-02-19 02:15:00+00:00,E009,electricity,0,1790653343.226528,1790653344.287987,1790653344.291658
2026-02-19 02:15:00+00:00,E007,electricity,0,1790653343.226572,1790653344.287987,1790653344.291658
2026-02-19 01:45:00+00:00,W005,water,0,1790653343.238423,1790653344.287987,1790653344.291658
2026-02-19 01:45:00+00:00,W006,water,0,1790653343.340108,1790653344.287987,1790653344.291658
2026-02-19 02:00:00+00:00,W002,water,0,1790653343.501771,1790653344.287987,1790653344.291658
2026-02-19 01:45:00+00:00,W000,water,0,1790653343.514257,1790653344.287987,1790653344.291658
2026-02-19 01:45:00+00:00,W003,water,0,1790653343.556204,1790653344.287987,1790653344.291658
2026-02-19 02:00:00+00:00,W001,water,0,1790653343.582870,1790653344.287987,1790653344.291658
2026-02-19 02:00:00+00:00,W007,water,0,1790653343.637323,1790653344.287987,1790653344.291658
2026-02-19 02:30:00+00:00,E006,electricity,0,1790653343.735150,1790653344.835765,1790653344.840163
2026-02-19 02:30:00+00:00,E002,electricity,0,1790653343.735456,1790653344.835765,1790653344.840163
2026-02-19 02:30:00+00:00,E003,electricity,0,1790653343.735824,1790653344.835765,1790653344.840163
2026-02-19 02:30:00+00:00,E007,electricity,0,1790653343.735869,1790653344.835765,1790653344.840163
2026-02-19 02:30:00+00:00,E009,electricity,0,1790653343.735907,1790653344.835765,1790653344.840163
2026-02-19 02:30:00+00:00,E001,electricity,0,1790653343.735960,1790653344.835765,1790653344.840163
2026-02-19 02:30:00+00:00,E005,electricity,0,1790653343.735994,1790653344.835765,1790653344.840163
2026-02-19 02:30:00+00:00,E008,electricity,0,1790653343.736028,1790653344.835765,1790653344.840163
2026-02-19 02:30:00+00:00,E004,electricity,0,1790653343.736061,1790653344.835765,1790653344.840163
2026-02-19 02:30:00+00:00,E000,electricity,0,1790653343.736092,1790653344.835765,1790653344.840163
2026-02-19 02:00:00+00:00,W009,water,0,1790653343.736130,1790653344.835765,1790653344.840163
2026-02-19 02:15:00+00:00,W002,water,0,1790653343.755136,1790653344.835765,1790653344.840163
2026-02-19 02:15:00+00:00,W000,water,0,1790653343.758483,1790653344.835765,1790653344.840163
2026-02-19 02:15:00+00:00,W006,water,0,1790653343.775267,1790653344.835765,1790653344.840163
2026-02-19 02:15:00+00:00,W005,water,0,1790653343.896768,1790653344.835765,1790653344.840163
2026-02-19 02:00:00+00:00,W004,water,0,1790653343.927881,1790653344.835765,1790653344.840163
2026-02-19 02:15:00+00:00,W003,water,0,1790653343.936207,1790653344.835765,1790653344.840163
2026-02-19 02:00:00+00:00,W008,water,0,1790653344.014547,1790653344.835765,1790653344.840163
2026-02-19 02:15:00+00:00,W007,water,0,1790653344.139502,1790653344.835765,1790653344.840163
2026-02-19 02:45:00+00:00,E004,electricity,0,1790653344.226214,1790653344.835765,1790653344.840163
2026-02-19 02:45:00+00:00,E000,electricity,0,1790653344.226360,1790653344.835765,1790653344.840163
2026-02-19 02:45:00+00:00,E007,electricity,0,1790653344.226409,1790653344.835765,1790653344.840163
2026-02-19 02:45:00+00:00,E002,electricity,0,1790653344.226438,1790653344.835765,1790653344.840163
2026-02-19 02:45:00+00:00,E005,electricity,0,1790653344.226463,1790653344.835765,1790653344.840163
2026-02-19 02:45:00+00:00,E009,electricity,0,1790653344.226499,1790653344.835765,1790653344.840163
2026-02-19 02:45:00+00:00,E001,electricity,0,1790653344.226527,1790653344.835765,1790653344.840163
2026-02-19 02:45:00+00:00,E008,electricity,0,1790653344.226554,1790653344.835765,1790653344.840163
2026-02-19 02:45:00+00:00,E003,electricity,0,1790653344.226577,1790653344.835765,1790653344.840163
2026-02-19 02:45:00+00:00,E006,electricity,0,1790653344.226600,1790653344.835765,1790653344.840163
2026-02-19 02:30:00+00:00,W002,water,0,1790653344.231757,1790653344.835765,1790653344.840163
2026-02-19 02:30:00+00:00,W008,water,0,1790653344.307325,1790653345.485509,1790653345.490315
2026-02-19 02:15:00+00:00,W001,water,0,1790653344.333430,1790653345.485509,1790653345.490315
2026-02-19 02:30:00+00:00,W007,water,0,1790653344.365091,1790653345.485509,1790653345.490315
2026-02-19 02:30:00+00:00,W004,water,0,1790653344.400646,1790653345.485509,1790653345.490315
2026-02-19 02:30:00+00:00,W009,water,0,1790653344.666768,1790653345.485509,1790653345.490315
2026-02-19 02:30:00+00:00,W005,water,0,1790653344.688986,1790653345.485509,1790653345.490315
2026-02-19 02:30:00+00:00,W000,water,0,1790653344.705097,1790653345.485509,1790653345.490315
2026-02-19 02:30:00+00:00,W006,water,0,1790653344.715647,1790653345.485509,1790653345.490315
2026-02-19 03:00:00+00:00,E008,electricity,0,1790653344.726228,1790653345.485509,1790653345.490315
2026-02-19 03:00:00+00:00,E003,electricity,0,1790653344.726338,1790653345.485509,1790653345.490315
2026-02-19 03:00:00+00:00,G005,gas,0,1790653344.726387,1790653345.485509,1790653345.490315
2026-02-19 03:00:00+00:00,G008,gas,0,1790653344.726433,1790653345.485509,1790653345.490315
2026-02-19 03:00:00+00:00,E004,electricity,0,1790653344.726461,1790653345.485509,1790653345.490315
2026-02-19 03:00:00+00:00,G006,gas,0,1790653344.726487,1790653345.485509,1790653345.490315
2026-02-19 03:00:00+00:00,E009,electricity,0,1790653344.726511,1790653345.485509,1790653345.490315
2026-02-19 03:00:00+00:00,G001,gas,0,1790653344.726542,1790653345.485509,1790653345.490315
2026-02-19 03:00:00+00:00,G007,gas,0,1790653344.726565,1790653345.485509,1790653345.490315
2026-02-19 03:00:00+00:00,E002,electricity,0,1790653344.726588,1790653345.485509,1790653345.490315
2026-02-19 03:00:00+00:00,G003,gas,0,1790653344.726612,1790653345.485509,1790653345.490315
2026-02-19 03:00:00+00:00,G000,gas,0,1790653344.726638,1790653345.485509,1790653345.490315
2026-02-19 03:00:00+00:00,E007,electricity,0,1790653344.726662,1790653345.485509,1790653345.490315
2026-02-19 03:00:00+00:00,G009,gas,0,1790653344.726684,1790653345.485509,1790653345.490315
2026-02-19 03:00:00+00:00,E001,electricity,0,1790653344.726707,1790653345.485509,1790653345.490315
2026-02-19 03:00:00+00:00,E005,electricity,0,1790653344.726736,1790653345.485509,1790653345.490315
2026-02-19 03:00:00+00:00,E000,electricity,0,1790653344.726759,1790653345.485509,1790653345.490315
2026-02-19 03:00:00+00:00,G002,gas,0,1790653344.726782,1790653345.485509,1790653345.490315
2026-02-19 03:00:00+00:00,E006,electricity,0,1790653344.726805,1790653345.485509,1790653345.490315
2026-02-19 03:00:00+00:00,G004,gas,0,1790653344.726828,1790653345.485509,1790653345.490315
2026-02-19 02:30:00+00:00,W003,water,0,1790653344.835093,1790653345.485509,1790653345.490315
2026-02-19 02:45:00+00:00,W007,water,0,1790653344.948427,1790653346.037101,1790653346.040166
2026-02-19 02:45:00+00:00,W009,water,0,1790653344.978430,1790653346.037101,1790653346.040166
2026-02-19 02:45:00+00:00,W000,water,0,1790653344.998981,1790653346.037101,1790653346.040166
2026-02-19 02:45:00+00:00,W005,water,0,1790653345.021205,1790653346.037101,1790653346.040166
2026-02-19 02:45:00+00:00,W004,water,0,1790653345.051208,1790653346.037101,1790653346.040166
2026-02-19 02:45:00+00:00,W002,water,0,1790653345.081757,1790653346.037101,1790653346.040166
2026-02-19 02:45:00+00:00,W006,water,0,1790653345.108422,1790653346.037101,1790653346.040166
2026-02-19 02:45:00+00:00,W008,water,0,1790653345.139490,1790653346.037101,1790653346.040166
2026-02-19 02:45:00+00:00,W001,water,0,1790653345.161759,1790653346.037101,1790653346.040166
2026-02-19 03:15:00+00:00,E001,electricity,0,1790653345.226200,1790653346.037101,1790653346.040166
2026-02-19 03:15:00+00:00,E000,electricity,0,1790653345.226300,1790653346.037101,1790653346.040166
2026-02-19 03:15:00+00:00,E009,electricity,0,1790653345.226337,1790653346.037101,1790653346.040166
2026-02-19 03:15:00+00:00,E004,electricity,0,1790653345.226367,1790653346.037101,1790653346.040166
2026-02-19 03:15:00+00:00,E005,electricity,0,1790653345.226392,1790653346.037101,1790653346.040166
2026-02-19 03:15:00+00:00,E006,electricity,0,1790653345.226424,1790653346.037101,1790653346.040166
2026-02-19 03:15:00+00:00,E003,electricity,0,1790653345.226448,1790653346.037101,1790653346.040166
2026-02-19 03:15:00+00:00,E002,electricity,0,1790653345.226472,1790653346.037101,1790653346.040166
2026-02-19 03:15:00+00:00,E007,electricity,0,1790653345.226496,1790653346.037101,1790653346.040166
2026-02-19 03:15:00+00:00,E008,electricity,0,1790653345.226519,1790653346.037101,1790653346.040166
2026-02-19 03:00:00+00:00,W004,water,0,1790653345.552328,1790653346.584181,1790653346.587070
2026-02-19 03:00:00+00:00,W002,water,0,1790653345.570649,1790653346.584181,1790653346.587070
2026-02-19 03:00:00+00:00,W003,water,0,1790653345.607871,1790653346.584181,1790653346.587070
2026-02-19 03:00:00+00:00,W006,water,0,1790653345.651220,1790653346.584181,1790653346.587070
2026-02-19 03:00:00+00:00,W007,water,0,1790653345.667887,1790653346.584181,1790653346.587070
2026-02-19 03:30:00+00:00,E003,electricity,0,1790653345.726213,1790653346.584181,1790653346.587070
2026-02-19 03:30:00+00:00,E002,electricity,0,1790653345.726381,1790653346.584181,1790653346.587070
2026-02-19 03:30:00+00:00,E000,electricity,0,1790653345.726430,1790653346.584181,1790653346.587070
2026-02-19 03:30:00+00:00,E007,electricity,0,1790653345.726460,1790653346.584181,1790653346.587070
2026-02-19 03:30:00+00:00,E004,electricity,0,1790653345.726485,1790653346.584181,1790653346.587070
2026-02-19 03:30:00+00:00,E009,electricity,0,1790653345.726509,1790653346.584181,1790653346.587070
2026-02-19 03:30:00+00:00,E008,electricity,0,1790653345.726533,1790653346.584181,1790653346.587070
2026-02-19 03:30:00+00:00,E006,electricity,0,1790653345.726556,1790653346.584181,1790653346.587070
2026-02-19 03:30:00+00:00,E005,electricity,0,1790653345.726583,1790653346.584181,1790653346.587070
2026-02-19 03:30:00+00:00,E001,electricity,0,1790653345.726607,1790653346.584181,1790653346.587070
2026-02-19 03:00:00+00:00,W000,water,0,1790653345.749542,1790653346.584181,1790653346.587070
2026-02-19 03:00:00+00:00,W005,water,0,1790653345.834548,1790653346.584181,1790653346.587070
2026-02-19 03:15:00+00:00,W004,water,0,1790653345.905667,1790653346.584181,1790653346.587070
2026-02-19 03:00:00+00:00,W001,water,0,1790653345.968462,1790653346.584181,1790653346.587070
2026-02-19 03:00:00+00:00,W009,water,0,1790653346.073443,1790653347.135227,1790653347.138018
2026-02-19 03:00:00+00:00,W008,water,0,1790653346.128427,1790653347.135227,1790653347.138018
2026-02-19 03:15:00+00:00,W007,water,0,1790653346.195091,1790653347.135227,1790653347.138018
2026-02-19 03:15:00+00:00,W003,water,0,1790653346.207869,1790653347.135227,1790653347.138018
2026-02-19 03:45:00+00:00,E002,electricity,0,1790653346.226204,1790653347.135227,1790653347.138018
2026-02-19 03:45:00+00:00,E006,electricity,0,1790653346.226328,1790653347.135227,1790653347.138018
2026-02-19 03:45:00+00:00,E004,electricity,0,1790653346.226369,1790653347.135227,1790653347.138018
2026-02-19 03:45:00+00:00,E007,electricity,0,1790653346.226398,1790653347.135227,1790653347.138018
2026-02-19 03:45:00+00:00,E008,electricity,0,1790653346.226423,1790653347.135227,1790653347.138018
2026-02-19 03:45:00+00:00,E000,electricity,0,1790653346.226448,1790653347.135227,1790653347.138018
2026-02-19 03:45:00+00:00,E005,electricity,0,1790653346.226475,1790653347.135227,1790653347.138018
2026-02-19 03:45:00+00:00,E001,electricity,0,1790653346.226498,1790653347.135227,1790653347.138018
2026-02-19 03:45:00+00:00,E009,electricity,0,1790653346.226521,1790653347.135227,1790653347.138018
2026-02-19 03:45:00+00:00,E003,electricity,0,1790653346.226544,1790653347.135227,1790653347.138018
2026-02-19 03:15:00+00:00,W002,water,0,1790653346.226755,1790653347.135227,1790653347.138018
2026-02-19 03:30:00+00:00,W007,water,0,1790653346.363996,1790653347.135227,1790653347.138018
2026-02-19 03:30:00+00:00,W003,water,0,1790653346.500655,1790653347.135227,1790653347.138018
2026-02-19 03:15:00+00:00,W006,water,0,1790653346.550098,1790653347.135227,1790653347.138018
2026-02-19 03:30:00+00:00,W009,water,0,1790653346.612317,1790653347.870225,1790653347.876703
2026-02-19 03:30:00+00:00,W000,water,0,1790653346.653427,1790653347.870225,1790653347.876703
2026-02-19 04:00:00+00:00,G002,gas,0,1790653346.726207,1790653347.870225,1790653347.876703
2026-02-19 04:00:00+00:00,E006,electricity,0,1790653346.726347,1790653347.870225,1790653347.876703
2026-02-19 04:00:00+00:00,E005,electricity,0,1790653346.726398,1790653347.870225,1790653347.876703
2026-02-19 04:00:00+00:00,G000,gas,0,1790653346.726430,1790653347.870225,1790653347.876703
2026-02-19 04:00:00+00:00,G004,gas,0,1790653346.726486,1790653347.870225,1790653347.876703
2026-02-19 04:00:00+00:00,G007,gas,0,1790653346.726513,1790653347.870225,1790653347.876703
2026-02-19 04:00:00+00:00,E008,electricity,0,1790653346.726546,1790653347.870225,1790653347.876703
2026-02-19 04:00:00+00:00,G009,gas,0,1790653346.726570,1790653347.870225,1790653347.876703
2026-02-19 04:00:00+00:00,E000,electricity,0,1790653346.726594,1790653347.870225,1790653347.876703
2026-02-19 04:00:00+00:00,G005,gas,1,1790653346.726619,1790653347.870225,1790653347.876703
2026-02-19 04:00:00+00:00,G003,gas,0,1790653346.726643,1790653347.870225,1790653347.876703
2026-02-19 04:00:00+00:00,G001,gas,0,1790653346.726667,1790653347.870225,1790653347.876703
2026-02-19 04:00:00+00:00,G006,gas,0,1790653346.726690,1790653347.870225,1790653347.876703
2026-02-19 04:00:00+00:00,E004,electricity,0,1790653346.726712,1790653347.870225,1790653347.876703
2026-02-19 04:00:00+00:00,G008,gas,0,1790653346.726745,1790653347.870225,1790653347.876703
2026-02-19 04:00:00+00:00,E002,electricity,0,1790653346.726769,1790653347.870225,1790653347.876703
2026-02-19 04:00:00+00:00,E003,electricity,0,1790653346.726791,1790653347.870225,1790653347.876703
2026-02-19 04:00:00+00:00,E009,electricity,0,1790653346.726816,1790653347.870225,1790653347.876703
2026-02-19 04:00:00+00:00,E001,electricity,0,1790653346.726840,1790653347.870225,1790653347.876703
2026-02-19 04:00:00+00:00,E007,electricity,0,1790653346.726862,1790653347.870225,1790653347.876703
2026-02-19 03:30:00+00:00,W004,water,0,1790653346.747322,1790653347.870225,1790653347.876703
2026-02-19 03:30:00+00:00,W008,water,0,1790653346.803988,1790653347.870225,1790653347.876703
2026-02-19 03:30:00+00:00,W001,water,0,1790653346.905112,1790653347.870225,1790653347.876703
2026-02-19 03:45:00+00:00,W009,water,0,1790653346.946770,1790653347.870225,1790653347.876703
2026-02-19 03:45:00+00:00,W002,water,0,1790653346.994545,1790653347.870225,1790653347.876703
2026-02-19 03:30:00+00:00,W005,water,0,1790653347.017317,1790653347.870225,1790653347.876703
2026-02-19 03:45:00+00:00,W007,water,0,1790653347.035650,1790653347.870225,1790653347.876703
2026-02-19 03:45:00+00:00,W000,water,0,1790653347.081213,1790653347.870225,1790653347.876703
2026-02-19 03:45:00+00:00,W006,water,0,1790653347.095649,1790653347.870225,1790653347.876703
2026-02-19 03:45:00+00:00,W003,water,0,1790653347.175649,1790653348.437236,1790653348.442050
2026-02-19 04:15:00+00:00,E007,electricity,0,1790653347.226207,1790653348.437236,1790653348.442050
2026-02-19 04:15:00+00:00,E008,electricity,0,1790653347.226352,1790653348.437236,1790653348.442050
2026-02-19 04:15:00+00:00,E006,electricity,0,1790653347.226392,1790653348.437236,1790653348.442050
2026-02-19 04:15:00+00:00,E004,electricity,0,1790653347.226421,1790653348.437236,1790653348.442050
2026-02-19 04:15:00+00:00,E005,electricity,0,1790653347.226447,1790653348.437236,1790653348.442050
2026-02-19 04:15:00+00:00,E001,electricity,0,1790653347.226472,1790653348.437236,1790653348.442050
2026-02-19 04:15:00+00:00,E003,electricity,0,1790653347.226496,1790653348.437236,1790653348.442050
2026-02-19 04:15:00+00:00,E000,electricity,0,1790653347.226520,1790653348.437236,1790653348.442050
2026-02-19 04:15:00+00:00,E002,electricity,0,1790653347.226543,1790653348.437236,1790653348.442050
2026-02-19 04:15:00+00:00,E009,electricity,0,1790653347.226576,1790653348.437236,1790653348.442050
2026-02-19 04:00:00+00:00,W004,water,0,1790653347.234534,1790653348.437236,1790653348.442050
2026-02-19 04:00:00+00:00,W000,water,0,1790653347.323435,1790653348.437236,1790653348.442050
2026-02-19 04:00:00+00:00,W001,water,0,1790653347.389554,1790653348.437236,1790653348.442050
2026-02-19 04:00:00+00:00,W009,water,0,1790653347.473998,1790653348.437236,1790653348.442050
2026-02-19 04:00:00+00:00,W002,water,0,1790653347.601204,1790653348.437236,1790653348.442050
2026-02-19 04:30:00+00:00,E001,electricity,0,1790653347.731714,1790653348.437236,1790653348.442050
2026-02-19 04:30:00+00:00,E005,electricity,0,1790653347.732135,1790653348.437236,1790653348.442050
2026-02-19 04:30:00+00:00,E000,electricity,0,1790653347.732214,1790653348.437236,1790653348.442050
2026-02-19 04:30:00+00:00,E007,electricity,0,1790653347.732256,1790653348.437236,1790653348.442050
2026-02-19 04:30:00+00:00,E002,electricity,0,1790653347.732295,1790653348.437236,1790653348.442050
2026-02-19 04:30:00+00:00,E008,electricity,0,1790653347.732332,1790653348.437236,1790653348.442050
2026-02-19 04:30:00+00:00,E006,electricity,0,1790653347.732367,1790653348.437236,1790653348.442050
2026-02-19 04:30:00+00:00,E004,electricity,0,1790653347.732402,1790653348.437236,1790653348.442050
2026-02-19 04:30:00+00:00,E009,electricity,0,1790653347.732438,1790653348.437236,1790653348.442050
2026-02-19 04:30:00+00:00,E003,electricity,0,1790653347.732473,1790653348.437236,1790653348.442050
2026-02-19 04:00:00+00:00,W003,water,0,1790653347.755064,1790653348.437236,1790653348.442050
2026-02-19 04:15:00+00:00,W001,water,0,1790653347.755357,1790653348.437236,1790653348.442050
2026-02-19 04:00:00+00:00,W005,water,0,1790653347.757351,1790653348.437236,1790653348.442050
2026-02-19 04:00:00+00:00,W007,water,0,1790653347.861792,1790653348.437236,1790653348.442050
2026-02-19 04:00:00+00:00,W006,water,0,1790653347.896776,1790653348.998250,1790653349.001203
2026-02-19 04:15:00+00:00,W009,water,0,1790653347.951219,1790653348.998250,1790653349.001203
2026-02-19 04:15:00+00:00,W000,water,0,1790653347.998989,1790653348.998250,1790653349.001203
2026-02-19 04:15:00+00:00,W002,water,0,1790653348.015094,1790653348.998250,1790653349.001203
2026-02-19 04:00:00+00:00,W008,water,0,1790653348.034538,1790653348.998250,1790653349.001203
2026-02-19 04:45:00+00:00,E000,electricity,0,1790653348.226223,1790653348.998250,1790653349.001203
2026-02-19 04:45:00+00:00,E002,electricity,0,1790653348.226421,1790653348.998250,1790653349.001203
2026-02-19 04:45:00+00:00,E006,electricity,0,1790653348.226463,1790653348.998250,1790653349.001203
2026-02-19 04:45:00+00:00,E007,electricity,0,1790653348.226493,1790653348.998250,1790653349.001203
2026-02-19 04:45:00+00:00,E008,electricity,0,1790653348.226521,1790653348.998250,1790653349.001203
2026-02-19 04:45:00+00:00,E005,electricity,0,1790653348.226547,1790653348.998250,1790653349.001203
2026-02-19 04:45:00+00:00,E009,electricity,0,1790653348.226572,1790653348.998250,1790653349.001203
2026-02-19 04:45:00+00:00,E003,electricity,0,1790653348.226596,1790653348.998250,1790653349.001203
2026-02-19 04:45:00+00:00,E004,electricity,0,1790653348.226618,1790653348.998250,1790653349.001203
2026-02-19 04:45:00+00:00,E001,electricity,0,1790653348.226641,1790653348.998250,1790653349.001203
2026-02-19 04:30:00+00:00,W001,water,0,1790653348.295663,1790653348.998250,1790653349.001203
2026-02-19 04:30:00+00:00,W007,water,0,1790653348.341753,1790653348.998250,1790653349.001203
2026-02-19 04:15:00+00:00,W004,water,0,1790653348.345095,1790653348.998250,1790653349.001203
2026-02-19 04:30:00+00:00,W008,water,0,1790653348.430691,1790653348.998250,1790653349.001203
2026-02-19 04:30:00+00:00,W006,water,0,1790653348.432873,1790653348.998250,1790653349.001203
2026-02-19 04:30:00+00:00,W009,water,0,1790653348.611770,1790653349.670986,1790653349.676479
2026-02-19 04:30:00+00:00,W005,water,0,1790653348.690675,1790653349.670986,1790653349.676479
2026-02-19 05:00:00+00:00,G006,gas,0,1790653348.726207,1790653349.670986,1790653349.676479
2026-02-19 05:00:00+00:00,E006,electricity,0,1790653348.726356,1790653349.670986,1790653349.676479
2026-02-19 05:00:00+00:00,E008,electricity,0,1790653348.726396,1790653349.670986,1790653349.676479
2026-02-19 05:00:00+00:00,G008,gas,0,1790653348.726425,1790653349.670986,1790653349.676479
2026-02-19 05:00:00+00:00,G002,gas,0,1790653348.726452,1790653349.670986,1790653349.676479
2026-02-19 05:00:00+00:00,G004,gas,0,1790653348.726477,1790653349.670986,1790653349.676479
2026-02-19 05:00:00+00:00,G009,gas,0,1790653348.726501,1790653349.670986,1790653349.676479
2026-02-19 05:00:00+00:00,E004,electricity,0,1790653348.726525,1790653349.670986,1790653349.676479
2026-02-19 05:00:00+00:00,E009,electricity,0,1790653348.726549,1790653349.670986,1790653349.676479
2026-02-19 05:00:00+00:00,G000,gas,0,1790653348.726573,1790653349.670986,1790653349.676479
2026-02-19 05:00:00+00:00,E007,electricity,0,1790653348.726596,1790653349.670986,1790653349.676479
2026-02-19 05:00:00+00:00,G003,gas,0,1790653348.726618,1790653349.670986,1790653349.676479
2026-02-19 05:00:00+00:00,G005,gas,1,1790653348.726641,1790653349.670986,1790653349.676479
2026-02-19 05:00:00+00:00,E000,electricity,0,1790653348.726663,1790653349.670986,1790653349.676479
2026-02-19 05:00:00+00:00,E003,electricity,0,1790653348.726686,1790653349.670986,1790653349.676479
2026-02-19 05:00:00+00:00,E002,electricity,0,1790653348.726708,1790653349.670986,1790653349.676479
2026-02-19 05:00:00+00:00,G001,gas,0,1790653348.726730,1790653349.670986,1790653349.676479
2026-02-19 05:00:00+00:00,E005,electricity,0,1790653348.726754,1790653349.670986,1790653349.676479
2026-02-19 05:00:00+00:00,G007,gas,0,1790653348.726777,1790653349.670986,1790653349.676479
2026-02-19 05:00:00+00:00,E001,electricity,0,1790653348.726801,1790653349.670986,1790653349.676479
2026-02-19 04:30:00+00:00,W003,water,0,1790653348.742313,1790653349.670986,1790653349.676479
2026-02-19 04:45:00+00:00,W009,water,0,1790653348.806206,1790653349.670986,1790653349.676479
2026-02-19 04:45:00+00:00,W008,water,0,1790653348.821760,1790653349.670986,1790653349.676479
2026-02-19 04:45:00+00:00,W001,water,0,1790653348.878432,1790653349.670986,1790653349.676479
2026-02-19 04:45:00+00:00,W007,water,0,1790653348.903425,1790653349.670986,1790653349.676479
2026-02-19 04:45:00+00:00,W004,water,0,1790653348.958438,1790653349.670986,1790653349.676479
2026-02-19 04:30:00+00:00,W000,water,0,1790653348.986210,1790653349.670986,1790653349.676479
2026-02-19 04:30:00+00:00,W002,water,0,1790653349.007317,1790653350.262391,1790653350.265391
2026-02-19 04:45:00+00:00,W006,water,0,1790653349.022870,1790653350.262391,1790653350.265391
2026-02-19 04:45:00+00:00,W005,water,0,1790653349.220601,1790653350.262391,1790653350.265391
2026-02-19 05:15:00+00:00,E007,electricity,0,1790653349.226509,1790653350.262391,1790653350.265391
2026-02-19 05:15:00+00:00,E001,electricity,0,1790653349.226623,1790653350.262391,1790653350.265391
2026-02-19 05:15:00+00:00,E009,electricity,0,1790653349.226660,1790653350.262391,1790653350.265391
2026-02-19 05:15:00+00:00,E008,electricity,0,1790653349.226690,1790653350.262391,1790653350.265391
2026-02-19 05:15:00+00:00,E000,electricity,0,1790653349.226717,1790653350.262391,1790653350.265391
2026-02-19 05:15:00+00:00,E003,electricity,0,1790653349.226744,1790653350.262391,1790653350.265391
2026-02-19 05:15:00+00:00,E002,electricity,0,1790653349.226768,1790653350.262391,1790653350.265391
2026-02-19 05:15:00+00:00,E005,electricity,0,1790653349.226792,1790653350.262391,1790653350.265391
2026-02-19 05:15:00+00:00,E004,electricity,0,1790653349.226825,1790653350.262391,1790653350.265391
2026-02-19 05:15:00+00:00,E006,electricity,0,1790653349.226849,1790653350.262391,1790653350.265391
2026-02-19 05:00:00+00:00,W002,water,0,1790653349.396762,1790653350.262391,1790653350.265391
2026-02-19 05:00:00+00:00,W009,water,0,1790653349.407743,1790653350.262391,1790653350.265391
2026-02-19 05:00:00+00:00,W008,water,0,1790653349.567883,1790653350.262391,1790653350.265391
2026-02-19 05:00:00+00:00,W004,water,0,1790653349.611208,1790653350.262391,1790653350.265391
2026-02-19 05:00:00+00:00,W000,water,0,1790653349.717866,1790653350.836877,1790653350.841203
2026-02-19 05:30:00+00:00,E008,electricity,0,1790653349.726199,1790653350.836877,1790653350.841203
2026-02-19 05:30:00+00:00,E005,electricity,0,1790653349.726283,1790653350.836877,1790653350.841203
2026-02-19 05:30:00+00:00,E002,electricity,0,1790653349.726321,1790653350.836877,1790653350.841203
2026-02-19 05:30:00+00:00,E007,electricity,0,1790653349.726350,1790653350.836877,1790653350.841203
2026-02-19 05:30:00+00:00,E003,electricity,0,1790653349.726377,1790653350.836877,1790653350.841203
2026-02-19 05:30:00+00:00,E004,electricity,0,1790653349.726402,1790653350.836877,1790653350.841203
2026-02-19 05:30:00+00:00,E000,electricity,0,1790653349.726426,1790653350.836877,1790653350.841203
2026-02-19 05:30:00+00:00,E006,electricity,0,1790653349.726448,1790653350.836877,1790653350.841203
2026-02-19 05:30:00+00:00,E009,electricity,0,1790653349.726472,1790653350.836877,1790653350.841203
2026-02-19 05:30:00+00:00,E001,electricity,0,1790653349.726495,1790653350.836877,1790653350.841203
2026-02-19 05:00:00+00:00,W001,water,0,1790653349.791768,1790653350.836877,1790653350.841203
2026-02-19 05:00:00+00:00,W007,water,0,1790653349.862408,1790653350.836877,1790653350.841203
2026-02-19 05:00:00+00:00,W006,water,0,1790653349.875656,1790653350.836877,1790653350.841203
2026-02-19 05:00:00+00:00,W005,water,0,1790653349.958441,1790653350.836877,1790653350.841203
2026-02-19 05:15:00+00:00,W009,water,0,1790653350.035660,1790653350.836877,1790653350.841203
2026-02-19 05:00:00+00:00,W003,water,0,1790653350.069542,1790653350.836877,1790653350.841203
2026-02-19 05:45:00+00:00,E008,electricity,0,1790653350.226221,1790653350.836877,1790653350.841203
2026-02-19 05:45:00+00:00,E007,electricity,0,1790653350.226419,1790653350.836877,1790653350.841203
2026-02-19 05:45:00+00:00,E001,electricity,0,1790653350.226463,1790653350.836877,1790653350.841203
2026-02-19 05:45:00+00:00,E009,electricity,0,1790653350.226493,1790653350.836877,1790653350.841203
2026-02-19 05:45:00+00:00,E004,electricity,0,1790653350.226520,1790653350.836877,1790653350.841203
2026-02-19 05:45:00+00:00,E003,electricity,0,1790653350.226546,1790653350.836877,1790653350.841203
2026-02-19 05:45:00+00:00,E006,electricity,0,1790653350.226570,1790653350.836877,1790653350.841203
2026-02-19 05:45:00+00:00,E002,electricity,0,1790653350.226593,1790653350.836877,1790653350.841203
2026-02-19 05:45:00+00:00,E005,electricity,0,1790653350.226616,1790653350.836877,1790653350.841203
2026-02-19 05:45:00+00:00,E000,electricity,0,1790653350.226649,1790653350.836877,1790653350.841203
2026-02-19 05:15:00+00:00,W004,water,0,1790653350.286771,1790653351.663593,1790653351.669736
2026-02-19 05:15:00+00:00,W000,water,0,1790653350.308429,1790653351.663593,1790653351.669736
2026-02-19 05:15:00+00:00,W008,water,0,1790653350.504549,1790653351.663593,1790653351.669736
2026-02-19 05:15:00+00:00,W002,water,0,1790653350.521765,1790653351.663593,1790653351.669736
2026-02-19 05:30:00+00:00,W009,water,0,1790653350.522865,1790653351.663593,1790653351.669736
2026-02-19 05:30:00+00:00,W003,water,0,1790653350.561207,1790653351.663593,1790653351.669736
2026-02-19 05:30:00+00:00,W006,water,0,1790653350.626760,1790653351.663593,1790653351.669736
2026-02-19 06:00:00+00:00,E001,electricity,0,1790653350.726204,1790653351.663593,1790653351.669736
2026-02-19 06:00:00+00:00,G002,gas,0,1790653350.726312,1790653351.663593,1790653351.669736
2026-02-19 06:00:00+00:00,G006,gas,0,1790653350.726349,1790653351.663593,1790653351.669736
2026-02-19 06:00:00+00:00,E004,electricity,0,1790653350.726377,1790653351.663593,1790653351.669736
2026-02-19 06:00:00+00:00,E005,electricity,0,1790653350.726405,1790653351.663593,1790653351.669736
2026-02-19 06:00:00+00:00,G005,gas,1,1790653350.726431,1790653351.663593,1790653351.669736
2026-02-19 06:00:00+00:00,E006,electricity,0,1790653350.726455,1790653351.663593,1790653351.669736
2026-02-19 06:00:00+00:00,E008,electricity,0,1790653350.726478,1790653351.663593,1790653351.669736
2026-02-19 06:00:00+00:00,E002,electricity,0,1790653350.726501,1790653351.663593,1790653351.669736
2026-02-19 06:00:00+00:00,E000,electricity,0,1790653350.726524,1790653351.663593,1790653351.669736
2026-02-19 06:00:00+00:00,G001,gas,0,1790653350.726547,1790653351.663593,1790653351.669736
2026-02-19 06:00:00+00:00,G004,gas,0,1790653350.726569,1790653351.663593,1790653351.669736
2026-02-19 06:00:00+00:00,G009,gas,0,1790653350.726592,1790653351.663593,1790653351.669736
2026-02-19 06:00:00+00:00,E007,electricity,0,1790653350.726615,1790653351.663593,1790653351.669736
2026-02-19 06:00:00+00:00,G007,gas,0,1790653350.726638,1790653351.663593,1790653351.669736
2026-02-19 06:00:00+00:00,G000,gas,0,1790653350.726660,1790653351.663593,1790653351.669736
2026-02-19 06:00:00+00:00,E009,electricity,0,1790653350.726682,1790653351.663593,1790653351.669736
2026-02-19 06:00:00+00:00,G003,gas,0,1790653350.726705,1790653351.663593,1790653351.669736
2026-02-19 06:00:00+00:00,E003,electricity,0,1790653350.726727,1790653351.663593,1790653351.669736
2026-02-19 06:00:00+00:00,G008,gas,0,1790653350.726749,1790653351.663593,1790653351.669736
2026-02-19 05:30:00+00:00,W001,water,0,1790653350.781208,1790653351.663593,1790653351.669736
2026-02-19 05:30:00+00:00,W007,water,0,1790653350.808428,1790653351.663593,1790653351.669736
2026-02-19 05:30:00+00:00,W005,water,0,1790653350.830654,1790653351.663593,1790653351.669736
2026-02-19 05:45:00+00:00,W008,water,0,1790653350.975663,1790653352.281421,1790653352.284525
2026-02-19 05:45:00+00:00,W004,water,0,1790653351.200094,1790653352.281421,1790653352.284525
2026-02-19 06:15:00+00:00,E007,electricity,0,1790653351.226203,1790653352.281421,1790653352.284525
2026-02-19 06:15:00+00:00,E002,electricity,0,1790653351.226319,1790653352.281421,1790653352.284525
2026-02-19 06:15:00+00:00,E006,electricity,0,1790653351.226358,1790653352.281421,1790653352.284525
2026-02-19 06:15:00+00:00,E008,electricity,0,1790653351.226388,1790653352.281421,1790653352.284525
2026-02-19 06:15:00+00:00,E005,electricity,0,1790653351.226415,1790653352.281421,1790653352.284525
2026-02-19 06:15:00+00:00,E003,electricity,0,1790653351.226439,1790653352.281421,1790653352.284525
2026-02-19 06:15:00+00:00,E009,electricity,0,1790653351.226463,1790653352.281421,1790653352.284525
2026-02-19 06:15:00+00:00,E001,electricity,0,1790653351.226488,1790653352.281421,1790653352.284525
2026-02-19 06:15:00+00:00,E000,electricity,0,1790653351.226511,1790653352.281421,1790653352.284525
2026-02-19 06:15:00+00:00,E004,electricity,0,1790653351.226534,1790653352.281421,1790653352.284525
2026-02-19 06:00:00+00:00,W001,water,0,1790653351.230084,1790653352.281421,1790653352.284525
2026-02-19 05:45:00+00:00,W009,water,0,1790653351.250087,1790653352.281421,1790653352.284525
2026-02-19 05:45:00+00:00,W002,water,0,1790653351.256759,1790653352.281421,1790653352.284525
2026-02-19 06:00:00+00:00,W008,water,0,1790653351.426217,1790653352.281421,1790653352.284525
2026-02-19 05:45:00+00:00,W006,water,0,1790653351.505647,1790653352.281421,1790653352.284525
2026-02-19 05:45:00+00:00,W003,water,0,1790653351.513980,1790653352.281421,1790653352.284525
2026-02-19 05:45:00+00:00,W000,water,0,1790653351.605103,1790653352.281421,1790653352.284525
2026-02-19 06:00:00+00:00,W007,water,0,1790653351.704548,1790653352.875371,1790653352.881749
2026-02-19 06:30:00+00:00,E005,electricity,0,1790653351.726206,1790653352.875371,1790653352.881749
2026-02-19 06:30:00+00:00,E000,electricity,0,1790653351.726332,1790653352.875371,1790653352.881749
2026-02-19 06:30:00+00:00,E009,electricity,0,1790653351.726371,1790653352.875371,1790653352.881749
2026-02-19 06:30:00+00:00,E002,electricity,0,1790653351.726399,1790653352.875371,1790653352.881749
2026-02-19 06:30:00+00:00,E007,electricity,0,1790653351.726426,1790653352.875371,1790653352.881749
2026-02-19 06:30:00+00:00,E004,electricity,0,1790653351.726452,1790653352.875371,1790653352.881749
2026-02-19 06:30:00+00:00,E006,electricity,0,1790653351.726476,1790653352.875371,1790653352.881749
2026-02-19 06:30:00+00:00,E008,electricity,0,1790653351.726500,1790653352.875371,1790653352.881749
2026-02-19 06:30:00+00:00,E003,electricity,0,1790653351.726523,1790653352.875371,1790653352.881749
2026-02-19 06:30:00+00:00,E001,electricity,0,1790653351.726547,1790653352.875371,1790653352.881749
2026-02-19 06:15:00+00:00,W002,water,0,1790653351.732459,1790653352.875371,1790653352.881749
2026-02-19 06:15:00+00:00,W000,water,0,1790653351.806763,1790653352.875371,1790653352.881749
2026-02-19 06:00:00+00:00,W004,water,0,1790653351.858483,1790653352.875371,1790653352.881749
2026-02-19 06:00:00+00:00,W005,water,0,1790653351.951789,1790653352.875371,1790653352.881749
2026-02-19 06:15:00+00:00,W006,water,1,1790653352.007863,1790653352.875371,1790653352.881749
2026-02-19 06:15:00+00:00,W003,water,0,1790653352.126756,1790653352.875371,1790653352.881749
2026-02-19 06:15:00+00:00,W008,water,0,1790653352.132426,1790653352.875371,1790653352.881749
2026-02-19 06:15:00+00:00,W001,water,0,1790653352.188978,1790653352.875371,1790653352.881749
2026-02-19 06:45:00+00:00,E008,electricity,0,1790653352.226213,1790653352.875371,1790653352.881749
2026-02-19 06:45:00+00:00,E001,electricity,0,1790653352.226326,1790653352.875371,1790653352.881749
2026-02-19 06:45:00+00:00,E002,electricity,0,1790653352.226365,1790653352.875371,1790653352.881749
2026-02-19 06:45:00+00:00,E006,electricity,0,1790653352.226395,1790653352.875371,1790653352.881749
2026-02-19 06:45:00+00:00,E005,electricity,0,1790653352.226422,1790653352.875371,1790653352.881749
2026-02-19 06:45:00+00:00,E003,electricity,1,1790653352.226448,1790653352.875371,1790653352.881749
2026-02-19 06:45:00+00:00,E007,electricity,0,1790653352.226472,1790653352.875371,1790653352.881749
2026-02-19 06:45:00+00:00,E000,electricity,0,1790653352.226542,1790653352.875371,1790653352.881749
2026-02-19 06:45:00+00:00,E004,electricity,0,1790653352.226567,1790653352.875371,1790653352.881749
2026-02-19 06:45:00+00:00,E009,electricity,0,1790653352.226591,1790653352.875371,1790653352.881749
2026-02-19 06:15:00+00:00,W009,water,0,1790653352.258428,1790653352.875371,1790653352.881749
2026-02-19 06:30:00+00:00,W008,water,0,1790653352.406770,1790653353.613565,1790653353.621347
2026-02-19 06:30:00+00:00,W006,water,0,1790653352.407865,1790653353.613565,1790653353.621347
2026-02-19 06:30:00+00:00,W000,water,0,1790653352.417870,1790653353.613565,1790653353.621347
2026-02-19 06:15:00+00:00,W007,water,0,1790653352.466762,1790653353.613565,1790653353.621347
2026-02-19 06:30:00+00:00,W001,water,1,1790653352.567882,1790653353.613565,1790653353.621347
2026-02-19 06:30:00+00:00,W002,water,0,1790653352.660663,1790653353.613565,1790653353.621347
2026-02-19 06:30:00+00:00,W003,water,0,1790653352.678981,1790653353.613565,1790653353.621347
2026-02-19 07:00:00+00:00,G002,gas,0,1790653352.726205,1790653353.613565,1790653353.621347
2026-02-19 07:00:00+00:00,G000,gas,0,1790653352.726334,1790653353.613565,1790653353.621347
2026-02-19 07:00:00+00:00,E008,electricity,0,1790653352.726374,1790653353.613565,1790653353.621347
2026-02-19 07:00:00+00:00,G004,gas,0,1790653352.726404,1790653353.613565,1790653353.621347
2026-02-19 07:00:00+00:00,G003,gas,0,1790653352.726431,1790653353.613565,1790653353.621347
2026-02-19 07:00:00+00:00,E000,electricity,0,1790653352.726457,1790653353.613565,1790653353.621347
2026-02-19 07:00:00+00:00,E002,electricity,0,1790653352.726480,1790653353.613565,1790653353.621347
2026-02-19 07:00:00+00:00,E004,electricity,0,1790653352.726504,1790653353.613565,1790653353.621347
2026-02-19 07:00:00+00:00,G008,gas,0,1790653352.726527,1790653353.613565,1790653353.621347
2026-02-19 07:00:00+00:00,E005,electricity,0,1790653352.726551,1790653353.613565,1790653353.621347
2026-02-19 07:00:00+00:00,G001,gas,0,1790653352.726575,1790653353.613565,1790653353.621347
2026-02-19 07:00:00+00:00,E003,electricity,0,1790653352.726608,1790653353.613565,1790653353.621347
2026-02-19 07:00:00+00:00,E001,electricity,0,1790653352.726632,1790653353.613565,1790653353.621347
2026-02-19 07:00:00+00:00,G009,gas,0,1790653352.726656,1790653353.613565,1790653353.621347
2026-02-19 07:00:00+00:00,E006,electricity,0,1790653352.726679,1790653353.613565,1790653353.621347
2026-02-19 07:00:00+00:00,E009,electricity,0,1790653352.726701,1790653353.613565,1790653353.621347
2026-02-19 07:00:00+00:00,G005,gas,1,1790653352.726725,1790653353.613565,1790653353.621347
2026-02-19 07:00:00+00:00,G007,gas,0,1790653352.726749,1790653353.613565,1790653353.621347
2026-02-19 07:00:00+00:00,E007,electricity,0,1790653352.726773,1790653353.613565,1790653353.621347
2026-02-19 07:00:00+00:00,G006,gas,0,1790653352.726796,1790653353.613565,1790653353.621347
2026-02-19 06:45:00+00:00,W009,water,0,1790653352.811777,1790653353.613565,1790653353.621347
2026-02-19 06:30:00+00:00,W005,water,0,1790653352.825094,1790653353.613565,1790653353.621347
2026-02-19 06:45:00+00:00,W007,water,1,1790653352.866767,1790653353.613565,1790653353.621347
2026-02-19 06:45:00+00:00,W001,water,0,1790653352.887884,1790653354.232564,1790653354.241677
2026-02-19 06:45:00+00:00,W003,water,1,1790653352.892313,1790653354.232564,1790653354.241677
2026-02-19 06:45:00+00:00,W000,water,1,1790653352.963438,1790653354.232564,1790653354.241677
2026-02-19 06:30:00+00:00,W004,water,0,1790653353.114544,1790653354.232564,1790653354.241677
2026-02-19 07:15:00+00:00,E005,electricity,0,1790653353.226205,1790653354.232564,1790653354.241677
2026-02-19 07:15:00+00:00,E004,electricity,0,1790653353.226380,1790653354.232564,1790653354.241677
2026-02-19 07:15:00+00:00,E002,electricity,0,1790653353.226420,1790653354.232564,1790653354.241677
2026-02-19 07:15:00+00:00,E003,electricity,1,1790653353.226451,1790653354.232564,1790653354.241677
2026-02-19 07:15:00+00:00,E007,electricity,0,1790653353.226478,1790653354.232564,1790653354.241677
2026-02-19 07:15:00+00:00,E008,electricity,0,1790653353.226502,1790653354.232564,1790653354.241677
2026-02-19 07:15:00+00:00,E009,electricity,0,1790653353.226526,1790653354.232564,1790653354.241677
2026-02-19 07:15:00+00:00,E006,electricity,0,1790653353.226550,1790653354.232564,1790653354.241677
2026-02-19 07:15:00+00:00,E001,electricity,0,1790653353.226573,1790653354.232564,1790653354.241677
2026-02-19 07:15:00+00:00,E000,electricity,0,1790653353.226596,1790653354.232564,1790653354.241677
2026-02-19 06:45:00+00:00,W002,water,1,1790653353.249540,1790653354.232564,1790653354.241677
2026-02-19 06:45:00+00:00,W006,water,1,1790653353.325102,1790653354.232564,1790653354.241677
2026-02-19 06:45:00+00:00,W008,water,1,1790653353.356768,1790653354.232564,1790653354.241677
2026-02-19 07:00:00+00:00,W007,water,0,1790653353.435655,1790653354.232564,1790653354.241677
2026-02-19 07:00:00+00:00,W009,water,0,1790653353.442873,1790653354.232564,1790653354.241677
2026-02-19 07:00:00+00:00,W001,water,0,1790653353.630665,1790653354.852602,1790653354.859056
2026-02-19 07:00:00+00:00,W003,water,0,1790653353.666214,1790653354.852602,1790653354.859056
2026-02-19 07:00:00+00:00,W004,water,0,1790653353.695646,1790653354.852602,1790653354.859056
2026-02-19 07:30:00+00:00,E008,electricity,0,1790653353.726208,1790653354.852602,1790653354.859056
2026-02-19 07:30:00+00:00,E000,electricity,0,1790653353.726334,1790653354.852602,1790653354.859056
2026-02-19 07:30:00+00:00,E003,electricity,0,1790653353.726373,1790653354.852602,1790653354.859056
2026-02-19 07:30:00+00:00,E009,electricity,0,1790653353.726402,1790653354.852602,1790653354.859056
2026-02-19 07:30:00+00:00,E006,electricity,0,1790653353.726429,1790653354.852602,1790653354.859056
2026-02-19 07:30:00+00:00,E005,electricity,0,1790653353.726454,1790653354.852602,1790653354.859056
2026-02-19 07:30:00+00:00,E001,electricity,0,1790653353.726478,1790653354.852602,1790653354.859056
2026-02-19 07:30:00+00:00,E007,electricity,0,1790653353.726503,1790653354.852602,1790653354.859056
2026-02-19 07:30:00+00:00,E002,electricity,0,1790653353.726526,1790653354.852602,1790653354.859056
2026-02-19 07:30:00+00:00,E004,electricity,0,1790653353.726548,1790653354.852602,1790653354.859056
2026-02-19 07:00:00+00:00,W005,water,0,1790653353.732208,1790653354.852602,1790653354.859056
2026-02-19 07:15:00+00:00,W002,water,1,1790653353.768988,1790653354.852602,1790653354.859056
2026-02-19 07:00:00+00:00,W000,water,0,1790653353.871217,1790653354.852602,1790653354.859056
2026-02-19 07:15:00+00:00,W007,water,0,1790653353.908996,1790653354.852602,1790653354.859056
2026-02-19 07:15:00+00:00,W004,water,1,1790653353.910093,1790653354.852602,1790653354.859056
2026-02-19 07:15:00+00:00,W006,water,0,1790653353.916758,1790653354.852602,1790653354.859056
2026-02-19 07:15:00+00:00,W003,water,0,1790653353.969550,1790653354.852602,1790653354.859056
2026-02-19 07:15:00+00:00,W008,water,0,1790653354.005095,1790653354.852602,1790653354.859056
2026-02-19 07:15:00+00:00,W009,water,0,1790653354.006754,1790653354.852602,1790653354.859056
2026-02-19 07:15:00+00:00,W001,water,0,1790653354.112869,1790653354.852602,1790653354.859056
2026-02-19 07:45:00+00:00,E009,electricity,0,1790653354.226214,1790653354.852602,1790653354.859056
2026-02-19 07:45:00+00:00,E001,electricity,0,1790653354.226387,1790653354.852602,1790653354.859056
2026-02-19 07:45:00+00:00,E006,electricity,0,1790653354.226426,1790653354.852602,1790653354.859056
2026-02-19 07:45:00+00:00,E004,electricity,0,1790653354.226455,1790653354.852602,1790653354.859056
2026-02-19 07:45:00+00:00,E007,electricity,0,1790653354.226481,1790653354.852602,1790653354.859056
2026-02-19 07:45:00+00:00,E005,electricity,0,1790653354.226505,1790653354.852602,1790653354.859056
2026-02-19 07:45:00+00:00,E000,electricity,0,1790653354.226527,1790653354.852602,1790653354.859056
2026-02-19 07:45:00+00:00,E002,electricity,0,1790653354.226550,1790653354.852602,1790653354.859056
2026-02-19 07:45:00+00:00,E003,electricity,0,1790653354.226573,1790653354.852602,1790653354.859056
2026-02-19 07:45:00+00:00,E008,electricity,0,1790653354.226597,1790653354.852602,1790653354.859056
2026-02-19 07:30:00+00:00,W007,water,0,1790653354.272338,1790653355.589522,1790653355.596640
2026-02-19 07:30:00+00:00,W005,water,1,1790653354.324008,1790653355.589522,1790653355.596640
2026-02-19 07:30:00+00:00,W008,water,0,1790653354.332316,1790653355.589522,1790653355.596640
2026-02-19 07:30:00+00:00,W009,water,0,1790653354.409007,1790653355.589522,1790653355.596640
2026-02-19 07:30:00+00:00,W006,water,1,1790653354.534553,1790653355.589522,1790653355.596640
2026-02-19 07:30:00+00:00,W000,water,0,1790653354.631231,1790653355.589522,1790653355.596640
2026-02-19 07:30:00+00:00,W002,water,0,1790653354.694554,1790653355.589522,1790653355.596640
2026-02-19 08:00:00+00:00,G004,gas,0,1790653354.726204,1790653355.589522,1790653355.596640
2026-02-19 08:00:00+00:00,E007,electricity,0,1790653354.726323,1790653355.589522,1790653355.596640
2026-02-19 08:00:00+00:00,G002,gas,0,1790653354.726364,1790653355.589522,1790653355.596640
2026-02-19 08:00:00+00:00,E006,electricity,0,1790653354.726397,1790653355.589522,1790653355.596640
2026-02-19 08:00:00+00:00,E002,electricity,0,1790653354.726425,1790653355.589522,1790653355.596640
2026-02-19 08:00:00+00:00,G001,gas,0,1790653354.726449,1790653355.589522,1790653355.596640
2026-02-19 08:00:00+00:00,E008,electricity,0,1790653354.726476,1790653355.589522,1790653355.596640
2026-02-19 08:00:00+00:00,E000,electricity,0,1790653354.726501,1790653355.589522,1790653355.596640
2026-02-19 08:00:00+00:00,G005,gas,1,1790653354.726525,1790653355.589522,1790653355.596640
2026-02-19 08:00:00+00:00,G006,gas,0,1790653354.726549,1790653355.589522,1790653355.596640
2026-02-19 08:00:00+00:00,E004,electricity,0,1790653354.726572,1790653355.589522,1790653355.596640
2026-02-19 08:00:00+00:00,E003,electricity,0,1790653354.726595,1790653355.589522,1790653355.596640
2026-02-19 08:00:00+00:00,G000,gas,0,1790653354.726618,1790653355.589522,1790653355.596640
2026-02-19 08:00:00+00:00,G008,gas,0,1790653354.726641,1790653355.589522,1790653355.596640
2026-02-19 08:00:00+00:00,E005,electricity,0,1790653354.726664,1790653355.589522,1790653355.596640
2026-02-19 08:00:00+00:00,E001,electricity,0,1790653354.726686,1790653355.589522,1790653355.596640
2026-02-19 08:00:00+00:00,E009,electricity,0,1790653354.726709,1790653355.589522,1790653355.596640
2026-02-19 08:00:00+00:00,G009,gas,0,1790653354.726732,1790653355.589522,1790653355.596640
2026-02-19 08:00:00+00:00,G007,gas,0,1790653354.726755,1790653355.589522,1790653355.596640
2026-02-19 08:00:00+00:00,G003,gas,0,1790653354.726778,1790653355.589522,1790653355.596640
2026-02-19 07:30:00+00:00,W003,water,0,1790653354.763445,1790653355.589522,1790653355.596640
2026-02-19 07:30:00+00:00,W004,water,0,1790653354.886224,1790653356.206593,1790653356.209824
2026-02-19 07:45:00+00:00,W007,water,0,1790653354.888979,1790653356.206593,1790653356.209824
2026-02-19 07:30:00+00:00,W001,water,0,1790653354.945107,1790653356.206593,1790653356.209824
2026-02-19 07:45:00+00:00,W009,water,0,1790653355.085665,1790653356.206593,1790653356.209824
2026-02-19 07:45:00+00:00,W000,water,0,1790653355.127331,1790653356.206593,1790653356.209824
2026-02-19 07:45:00+00:00,W006,water,0,1790653355.210646,1790653356.206593,1790653356.209824
2026-02-19 08:15:00+00:00,E006,electricity,0,1790653355.226201,1790653356.206593,1790653356.209824
2026-02-19 08:15:00+00:00,E000,electricity,0,1790653355.226295,1790653356.206593,1790653356.209824
2026-02-19 08:15:00+00:00,E007,electricity,0,1790653355.226333,1790653356.206593,1790653356.209824
2026-02-19 08:15:00+00:00,E002,electricity,0,1790653355.226363,1790653356.206593,1790653356.209824
2026-02-19 08:15:00+00:00,E008,electricity,0,1790653355.226390,1790653356.206593,1790653356.209824
2026-02-19 08:15:00+00:00,E001,electricity,0,1790653355.226415,1790653356.206593,1790653356.209824
2026-02-19 08:15:00+00:00,E004,electricity,0,1790653355.226440,1790653356.206593,1790653356.209824
2026-02-19 08:15:00+00:00,E003,electricity,0,1790653355.226463,1790653356.206593,1790653356.209824
2026-02-19 08:15:00+00:00,E005,electricity,0,1790653355.226487,1790653356.206593,1790653356.209824
2026-02-19 08:15:00+00:00,E009,electricity,0,1790653355.226510,1790653356.206593,1790653356.209824
2026-02-19 07:45:00+00:00,W008,water,0,1790653355.230086,1790653356.206593,1790653356.209824
2026-02-19 08:00:00+00:00,W006,water,0,1790653355.426223,1790653356.206593,1790653356.209824
2026-02-19 08:00:00+00:00,W003,water,0,1790653355.447332,1790653356.206593,1790653356.209824
2026-02-19 07:45:00+00:00,W005,water,0,1790653355.449535,1790653356.206593,1790653356.209824
2026-02-19 07:45:00+00:00,W002,water,0,1790653355.679522,1790653356.823315,1790653356.827828
2026-02-19 08:00:00+00:00,W004,water,0,1790653355.696763,1790653356.823315,1790653356.827828
2026-02-19 08:30:00+00:00,E009,electricity,0,1790653355.726197,1790653356.823315,1790653356.827828
2026-02-19 08:30:00+00:00,E001,electricity,0,1790653355.726251,1790653356.823315,1790653356.827828
2026-02-19 08:30:00+00:00,E007,electricity,0,1790653355.726285,1790653356.823315,1790653356.827828
2026-02-19 08:30:00+00:00,E008,electricity,1,1790653355.726313,1790653356.823315,1790653356.827828
2026-02-19 08:30:00+00:00,E003,electricity,0,1790653355.726339,1790653356.823315,1790653356.827828
2026-02-19 08:30:00+00:00,E005,electricity,0,1790653355.726365,1790653356.823315,1790653356.827828
2026-02-19 08:30:00+00:00,E002,electricity,0,1790653355.726390,1790653356.823315,1790653356.827828
2026-02-19 08:30:00+00:00,E004,electricity,0,1790653355.726414,1790653356.823315,1790653356.827828
2026-02-19 08:30:00+00:00,E000,electricity,0,1790653355.726437,1790653356.823315,1790653356.827828
2026-02-19 08:30:00+00:00,E006,electricity,0,1790653355.726461,1790653356.823315,1790653356.827828
2026-02-19 08:15:00+00:00,W006,water,0,1790653355.732309,1790653356.823315,1790653356.827828
2026-02-19 08:15:00+00:00,W005,water,1,1790653355.780103,1790653356.823315,1790653356.827828
2026-02-19 08:00:00+00:00,W000,water,0,1790653355.836217,1790653356.823315,1790653356.827828
2026-02-19 08:00:00+00:00,W009,water,0,1790653355.845645,1790653356.823315,1790653356.827828
2026-02-19 08:00:00+00:00,W001,water,0,1790653355.866755,1790653356.823315,1790653356.827828
2026-02-19 08:15:00+00:00,W002,water,0,1790653355.906212,1790653356.823315,1790653356.827828
2026-02-19 08:00:00+00:00,W007,water,0,1790653356.072879,1790653356.823315,1790653356.827828
2026-02-19 08:45:00+00:00,E002,electricity,0,1790653356.226214,1790653357.586954,1790653357.593295
2026-02-19 08:45:00+00:00,E006,electricity,0,1790653356.226392,1790653357.586954,1790653357.593295
2026-02-19 08:45:00+00:00,E005,electricity,0,1790653356.226434,1790653357.586954,1790653357.593295
2026-02-19 08:45:00+00:00,E004,electricity,0,1790653356.226464,1790653357.586954,1790653357.593295
2026-02-19 08:45:00+00:00,E008,electricity,0,1790653356.226490,1790653357.586954,1790653357.593295
2026-02-19 08:45:00+00:00,E007,electricity,0,1790653356.226516,1790653357.586954,1790653357.593295
2026-02-19 08:45:00+00:00,E003,electricity,0,1790653356.226541,1790653357.586954,1790653357.593295
2026-02-19 08:45:00+00:00,E000,electricity,0,1790653356.226565,1790653357.586954,1790653357.593295
2026-02-19 08:45:00+00:00,E009,electricity,0,1790653356.226588,1790653357.586954,1790653357.593295
2026-02-19 08:45:00+00:00,E001,electricity,0,1790653356.226613,1790653357.586954,1790653357.593295
2026-02-19 08:15:00+00:00,W003,water,0,1790653356.324550,1790653357.586954,1790653357.593295
2026-02-19 08:30:00+00:00,W005,water,0,1790653356.328423,1790653357.586954,1790653357.593295
2026-02-19 08:15:00+00:00,W004,water,0,1790653356.374538,1790653357.586954,1790653357.593295
2026-02-19 08:30:00+00:00,W001,water,0,1790653356.508995,1790653357.586954,1790653357.593295
2026-02-19 08:30:00+00:00,W009,water,0,1790653356.518433,1790653357.586954,1790653357.593295
2026-02-19 08:15:00+00:00,W008,water,0,1790653356.537313,1790653357.586954,1790653357.593295
2026-02-19 08:30:00+00:00,W000,water,0,1790653356.606769,1790653357.586954,1790653357.593295
2026-02-19 09:00:00+00:00,G008,gas,0,1790653356.726207,1790653357.586954,1790653357.593295
2026-02-19 09:00:00+00:00,G002,gas,0,1790653356.726357,1790653357.586954,1790653357.593295
2026-02-19 09:00:00+00:00,G000,gas,0,1790653356.726406,1790653357.586954,1790653357.593295
2026-02-19 09:00:00+00:00,G006,gas,0,1790653356.726440,1790653357.586954,1790653357.593295
2026-02-19 09:00:00+00:00,G003,gas,0,1790653356.726483,1790653357.586954,1790653357.593295
2026-02-19 09:00:00+00:00,E007,electricity,0,1790653356.726509,1790653357.586954,1790653357.593295
2026-02-19 09:00:00+00:00,G005,gas,1,1790653356.726535,1790653357.586954,1790653357.593295
2026-02-19 09:00:00+00:00,E001,electricity,0,1790653356.726559,1790653357.586954,1790653357.593295
2026-02-19 09:00:00+00:00,E008,electricity,0,1790653356.726583,1790653357.586954,1790653357.593295
2026-02-19 09:00:00+00:00,E000,electricity,0,1790653356.726607,1790653357.586954,1790653357.593295
2026-02-19 09:00:00+00:00,E002,electricity,0,1790653356.726630,1790653357.586954,1790653357.593295
2026-02-19 09:00:00+00:00,G001,gas,0,1790653356.726652,1790653357.586954,1790653357.593295
2026-02-19 09:00:00+00:00,E009,electricity,0,1790653356.726676,1790653357.586954,1790653357.593295
2026-02-19 09:00:00+00:00,E005,electricity,0,1790653356.726698,1790653357.586954,1790653357.593295
2026-02-19 09:00:00+00:00,E004,electricity,0,1790653356.726722,1790653357.586954,1790653357.593295
2026-02-19 09:00:00+00:00,G004,gas,0,1790653356.726743,1790653357.586954,1790653357.593295
2026-02-19 09:00:00+00:00,G009,gas,0,1790653356.726766,1790653357.586954,1790653357.593295
2026-02-19 09:00:00+00:00,E006,electricity,0,1790653356.726790,1790653357.586954,1790653357.593295
2026-02-19 09:00:00+00:00,E003,electricity,0,1790653356.726813,1790653357.586954,1790653357.593295
2026-02-19 09:00:00+00:00,G007,gas,0,1790653356.726836,1790653357.586954,1790653357.593295
2026-02-19 08:30:00+00:00,W002,water,0,1790653356.800100,1790653357.586954,1790653357.593295
2026-02-19 08:30:00+00:00,W006,water,0,1790653356.835659,1790653358.235819,1790653358.239508
2026-02-19 08:30:00+00:00,W007,water,0,1790653356.843977,1790653358.235819,1790653358.239508
2026-02-19 08:45:00+00:00,W005,water,0,1790653356.846199,1790653358.235819,1790653358.239508
2026-02-19 08:45:00+00:00,W003,water,0,1790653356.881780,1790653358.235819,1790653358.239508
2026-02-19 08:45:00+00:00,W000,water,0,1790653356.928986,1790653358.235819,1790653358.239508
2026-02-19 08:45:00+00:00,W004,water,0,1790653356.955101,1790653358.235819,1790653358.239508
2026-02-19 08:45:00+00:00,W008,water,0,1790653357.100661,1790653358.235819,1790653358.239508
2026-02-19 09:15:00+00:00,E003,electricity,0,1790653357.226216,1790653358.235819,1790653358.239508
2026-02-19 09:15:00+00:00,E001,electricity,0,1790653357.226380,1790653358.235819,1790653358.239508
2026-02-19 09:15:00+00:00,E005,electricity,0,1790653357.226422,1790653358.235819,1790653358.239508
2026-02-19 09:15:00+00:00,E008,electricity,0,1790653357.226452,1790653358.235819,1790653358.239508
2026-02-19 09:15:00+00:00,E006,electricity,0,1790653357.226480,1790653358.235819,1790653358.239508
2026-02-19 09:15:00+00:00,E004,electricity,0,1790653357.226506,1790653358.235819,1790653358.239508
2026-02-19 09:15:00+00:00,E007,electricity,0,1790653357.226530,1790653358.235819,1790653358.239508
2026-02-19 09:15:00+00:00,E009,electricity,0,1790653357.226553,1790653358.235819,1790653358.239508
2026-02-19 09:15:00+00:00,E002,electricity,0,1790653357.226576,1790653358.235819,1790653358.239508
2026-02-19 09:15:00+00:00,E000,electricity,0,1790653357.226600,1790653358.235819,1790653358.239508
2026-02-19 09:00:00+00:00,W006,water,0,1790653357.247316,1790653358.235819,1790653358.239508
2026-02-19 09:00:00+00:00,W008,water,0,1790653357.362874,1790653358.235819,1790653358.239508
2026-02-19 09:00:00+00:00,W000,water,0,1790653357.377877,1790653358.235819,1790653358.239508
2026-02-19 08:45:00+00:00,W009,water,0,1790653357.396209,1790653358.235819,1790653358.239508
2026-02-19 08:45:00+00:00,W001,water,0,1790653357.402086,1790653358.235819,1790653358.239508
2026-02-19 09:00:00+00:00,W002,water,0,1790653357.425653,1790653358.235819,1790653358.239508
2026-02-19 09:00:00+00:00,W005,water,0,1790653357.475105,1790653358.235819,1790653358.239508
2026-02-19 09:00:00+00:00,W003,water,0,1790653357.558996,1790653358.235819,1790653358.239508
2026-02-19 09:00:00+00:00,W007,water,0,1790653357.594545,1790653358.850312,1790653358.854433
2026-02-19 09:00:00+00:00,W004,water,0,1790653357.662866,1790653358.850312,1790653358.854433
2026-02-19 09:30:00+00:00,E000,electricity,0,1790653357.726219,1790653358.850312,1790653358.854433
2026-02-19 09:30:00+00:00,E001,electricity,0,1790653357.726413,1790653358.850312,1790653358.854433
2026-02-19 09:30:00+00:00,E005,electricity,0,1790653357.726456,1790653358.850312,1790653358.854433
2026-02-19 09:30:00+00:00,E006,electricity,0,1790653357.726485,1790653358.850312,1790653358.854433
2026-02-19 09:30:00+00:00,E003,electricity,0,1790653357.726511,1790653358.850312,1790653358.854433
2026-02-19 09:30:00+00:00,E007,electricity,0,1790653357.726535,1790653358.850312,1790653358.854433
2026-02-19 09:30:00+00:00,E004,electricity,0,1790653357.726559,1790653358.850312,1790653358.854433
2026-02-19 09:30:00+00:00,E002,electricity,0,1790653357.726582,1790653358.850312,1790653358.854433
2026-02-19 09:30:00+00:00,E009,electricity,0,1790653357.726606,1790653358.850312,1790653358.854433
2026-02-19 09:30:00+00:00,E008,electricity,0,1790653357.726630,1790653358.850312,1790653358.854433
2026-02-19 09:15:00+00:00,W000,water,0,1790653357.745662,1790653358.850312,1790653358.854433
2026-02-19 09:15:00+00:00,W001,water,0,1790653357.831794,1790653358.850312,1790653358.854433
2026-02-19 09:15:00+00:00,W002,water,0,1790653357.973444,1790653358.850312,1790653358.854433
2026-02-19 09:15:00+00:00,W003,water,0,1790653358.083429,1790653358.850312,1790653358.854433
2026-02-19 09:15:00+00:00,W009,water,0,1790653358.124540,1790653358.850312,1790653358.854433
2026-02-19 09:15:00+00:00,W008,water,0,1790653358.176780,1790653358.850312,1790653358.854433
2026-02-19 09:15:00+00:00,W006,water,0,1790653358.209544,1790653358.850312,1790653358.854433
2026-02-19 09:45:00+00:00,E003,electricity,0,1790653358.226209,1790653358.850312,1790653358.854433
2026-02-19 09:45:00+00:00,E005,electricity,0,1790653358.226351,1790653358.850312,1790653358.854433
2026-02-19 09:45:00+00:00,E006,electricity,0,1790653358.226391,1790653358.850312,1790653358.854433
2026-02-19 09:45:00+00:00,E009,electricity,0,1790653358.226420,1790653358.850312,1790653358.854433
2026-02-19 09:45:00+00:00,E001,electricity,0,1790653358.226448,1790653358.850312,1790653358.854433
2026-02-19 09:45:00+00:00,E007,electricity,0,1790653358.226474,1790653358.850312,1790653358.854433
2026-02-19 09:45:00+00:00,E008,electricity,0,1790653358.226499,1790653358.850312,1790653358.854433
2026-02-19 09:45:00+00:00,E002,electricity,0,1790653358.226523,1790653358.850312,1790653358.854433
2026-02-19 09:45:00+00:00,E000,electricity,0,1790653358.226547,1790653358.850312,1790653358.854433
2026-02-19 09:45:00+00:00,E004,electricity,0,1790653358.226571,1790653358.850312,1790653358.854433
2026-02-19 09:15:00+00:00,W005,water,0,1790653358.373995,1790653359.561591,1790653359.567370
2026-02-19 09:15:00+00:00,W004,water,0,1790653358.381757,1790653359.561591,1790653359.567370
2026-02-19 09:15:00+00:00,W007,water,0,1790653358.532878,1790653359.561591,1790653359.567370
2026-02-19 09:30:00+00:00,W000,water,0,1790653358.603986,1790653359.561591,1790653359.567370
2026-02-19 09:30:00+00:00,W001,water,0,1790653358.676765,1790653359.561591,1790653359.567370
2026-02-19 09:30:00+00:00,W003,water,0,1790653358.703979,1790653359.561591,1790653359.567370
2026-02-19 09:30:00+00:00,W008,water,0,1790653358.707865,1790653359.561591,1790653359.567370
2026-02-19 10:00:00+00:00,E009,electricity,0,1790653358.726200,1790653359.561591,1790653359.567370
2026-02-19 10:00:00+00:00,E007,electricity,0,1790653358.726288,1790653359.561591,1790653359.567370
2026-02-19 10:00:00+00:00,G005,gas,1,1790653358.726323,1790653359.561591,1790653359.567370
2026-02-19 10:00:00+00:00,E008,electricity,0,1790653358.726350,1790653359.561591,1790653359.567370
2026-02-19 10:00:00+00:00,E006,electricity,0,1790653358.726375,1790653359.561591,1790653359.567370
2026-02-19 10:00:00+00:00,G001,gas,0,1790653358.726399,1790653359.561591,1790653359.567370
2026-02-19 10:00:00+00:00,G006,gas,0,1790653358.726423,1790653359.561591,1790653359.567370
2026-02-19 10:00:00+00:00,E001,electricity,0,1790653358.726445,1790653359.561591,1790653359.567370
2026-02-19 10:00:00+00:00,E004,electricity,0,1790653358.726468,1790653359.561591,1790653359.567370
2026-02-19 10:00:00+00:00,E000,electricity,0,1790653358.726491,1790653359.561591,1790653359.567370
2026-02-19 10:00:00+00:00,G003,gas,0,1790653358.726514,1790653359.561591,1790653359.567370
2026-02-19 10:00:00+00:00,E003,electricity,0,1790653358.726537,1790653359.561591,1790653359.567370
2026-02-19 10:00:00+00:00,G004,gas,0,1790653358.726559,1790653359.561591,1790653359.567370
2026-02-19 10:00:00+00:00,G007,gas,0,1790653358.726582,1790653359.561591,1790653359.567370
2026-02-19 10:00:00+00:00,G002,gas,0,1790653358.726605,1790653359.561591,1790653359.567370
2026-02-19 10:00:00+00:00,G009,gas,0,1790653358.726628,1790653359.561591,1790653359.567370
2026-02-19 10:00:00+00:00,G008,gas,0,1790653358.726651,1790653359.561591,1790653359.567370
2026-02-19 10:00:00+00:00,E005,electricity,0,1790653358.726673,1790653359.561591,1790653359.567370
2026-02-19 10:00:00+00:00,E002,electricity,0,1790653358.726696,1790653359.561591,1790653359.567370
2026-02-19 10:00:00+00:00,G000,gas,0,1790653358.726718,1790653359.561591,1790653359.567370
2026-02-19 09:30:00+00:00,W002,water,0,1790653358.766763,1790653359.561591,1790653359.567370
2026-02-19 09:30:00+00:00,W009,water,0,1790653358.803428,1790653359.561591,1790653359.567370
2026-02-19 09:45:00+00:00,W004,water,0,1790653358.947891,1790653360.149671,1790653360.152959
2026-02-19 09:45:00+00:00,W008,water,0,1790653359.085656,1790653360.149671,1790653360.152959
2026-02-19 09:30:00+00:00,W006,water,0,1790653359.145658,1790653360.149671,1790653360.152959
2026-02-19 09:45:00+00:00,W005,water,0,1790653359.153980,1790653360.149671,1790653360.152959
2026-02-19 09:45:00+00:00,W003,water,0,1790653359.201757,1790653360.149671,1790653360.152959
2026-02-19 10:15:00+00:00,E009,electricity,0,1790653359.226203,1790653360.149671,1790653360.152959
2026-02-19 10:15:00+00:00,E008,electricity,0,1790653359.226304,1790653360.149671,1790653360.152959
2026-02-19 10:15:00+00:00,E005,electricity,0,1790653359.226342,1790653360.149671,1790653360.152959
2026-02-19 10:15:00+00:00,E003,electricity,0,1790653359.226370,1790653360.149671,1790653360.152959
2026-02-19 10:15:00+00:00,E000,electricity,0,1790653359.226396,1790653360.149671,1790653360.152959
2026-02-19 10:15:00+00:00,E002,electricity,0,1790653359.226424,1790653360.149671,1790653360.152959
2026-02-19 10:15:00+00:00,E004,electricity,0,1790653359.226447,1790653360.149671,1790653360.152959
2026-02-19 10:15:00+00:00,E001,electricity,0,1790653359.226470,1790653360.149671,1790653360.152959
2026-02-19 10:15:00+00:00,E006,electricity,0,1790653359.226493,1790653360.149671,1790653360.152959
2026-02-19 10:15:00+00:00,E007,electricity,0,1790653359.226516,1790653360.149671,1790653360.152959
2026-02-19 10:00:00+00:00,W005,water,0,1790653359.322886,1790653360.149671,1790653360.152959
2026-02-19 09:45:00+00:00,W007,water,0,1790653359.354562,1790653360.149671,1790653360.152959
2026-02-19 10:00:00+00:00,W004,water,0,1790653359.367334,1790653360.149671,1790653360.152959
2026-02-19 10:00:00+00:00,W008,water,0,1790653359.470662,1790653360.149671,1790653360.152959
2026-02-19 09:45:00+00:00,W000,water,0,1790653359.510654,1790653360.149671,1790653360.152959
2026-02-19 10:00:00+00:00,W002,water,0,1790653359.542314,1790653360.149671,1790653360.152959
2026-02-19 09:45:00+00:00,W001,water,0,1790653359.647316,1790653360.733906,1790653360.736664
2026-02-19 10:00:00+00:00,W009,water,0,1790653359.711765,1790653360.733906,1790653360.736664
2026-02-19 10:30:00+00:00,E000,electricity,0,1790653359.726204,1790653360.733906,1790653360.736664
2026-02-19 10:30:00+00:00,E003,electricity,0,1790653359.726329,1790653360.733906,1790653360.736664
2026-02-19 10:30:00+00:00,E005,electricity,0,1790653359.726367,1790653360.733906,1790653360.736664
2026-02-19 10:30:00+00:00,E006,electricity,0,1790653359.726396,1790653360.733906,1790653360.736664
2026-02-19 10:30:00+00:00,E002,electricity,0,1790653359.726422,1790653360.733906,1790653360.736664
2026-02-19 10:30:00+00:00,E008,electricity,0,1790653359.726446,1790653360.733906,1790653360.736664
2026-02-19 10:30:00+00:00,E004,electricity,0,1790653359.726480,1790653360.733906,1790653360.736664
2026-02-19 10:30:00+00:00,E001,electricity,0,1790653359.726505,1790653360.733906,1790653360.736664
2026-02-19 10:30:00+00:00,E007,electricity,0,1790653359.726527,1790653360.733906,1790653360.736664
2026-02-19 10:30:00+00:00,E009,electricity,0,1790653359.726550,1790653360.733906,1790653360.736664
2026-02-19 10:15:00+00:00,W008,water,0,1790653359.877330,1790653360.733906,1790653360.736664
2026-02-19 10:00:00+00:00,W003,water,0,1790653359.972326,1790653360.733906,1790653360.736664
2026-02-19 10:15:00+00:00,W007,water,0,1790653360.069561,1790653360.733906,1790653360.736664
2026-02-19 10:00:00+00:00,W006,water,0,1790653360.087315,1790653360.733906,1790653360.736664
2026-02-19 10:15:00+00:00,W005,water,0,1790653360.225661,1790653361.460101,1790653361.465593
2026-02-19 10:45:00+00:00,E003,electricity,0,1790653360.226201,1790653361.460101,1790653361.465593
2026-02-19 10:45:00+00:00,E000,electricity,0,1790653360.226256,1790653361.460101,1790653361.465593
2026-02-19 10:45:00+00:00,E005,electricity,0,1790653360.226286,1790653361.460101,1790653361.465593
2026-02-19 10:45:00+00:00,E001,electricity,0,1790653360.226342,1790653361.460101,1790653361.465593
2026-02-19 10:45:00+00:00,E007,electricity,0,1790653360.226368,1790653361.460101,1790653361.465593
2026-02-19 10:45:00+00:00,E006,electricity,0,1790653360.226392,1790653361.460101,1790653361.465593
2026-02-19 10:45:00+00:00,E008,electricity,0,1790653360.226415,1790653361.460101,1790653361.465593
2026-02-19 10:45:00+00:00,E002,electricity,0,1790653360.226439,1790653361.460101,1790653361.465593
2026-02-19 10:45:00+00:00,E009,electricity,0,1790653360.226462,1790653361.460101,1790653361.465593
2026-02-19 10:45:00+00:00,E004,electricity,0,1790653360.226485,1790653361.460101,1790653361.465593
2026-02-19 10:15:00+00:00,W001,water,0,1790653360.329545,1790653361.460101,1790653361.465593
2026-02-19 10:15:00+00:00,W009,water,0,1790653360.330644,1790653361.460101,1790653361.465593
2026-02-19 10:30:00+00:00,W008,water,0,1790653360.364542,1790653361.460101,1790653361.465593
2026-02-19 10:15:00+00:00,W002,water,0,1790653360.383978,1790653361.460101,1790653361.465593
2026-02-19 10:15:00+00:00,W000,water,0,1790653360.422872,1790653361.460101,1790653361.465593
2026-02-19 10:15:00+00:00,W004,water,0,1790653360.472313,1790653361.460101,1790653361.465593
2026-02-19 10:30:00+00:00,W003,water,0,1790653360.607321,1790653361.460101,1790653361.465593
2026-02-19 11:00:00+00:00,E003,electricity,0,1790653360.726278,1790653361.460101,1790653361.465593
2026-02-19 11:00:00+00:00,G001,gas,0,1790653360.726454,1790653361.460101,1790653361.465593
2026-02-19 11:00:00+00:00,G008,gas,0,1790653360.726512,1790653361.460101,1790653361.465593
2026-02-19 11:00:00+00:00,G009,gas,0,1790653360.726556,1790653361.460101,1790653361.465593
2026-02-19 11:00:00+00:00,G006,gas,0,1790653360.726597,1790653361.460101,1790653361.465593
2026-02-19 11:00:00+00:00,G005,gas,1,1790653360.726636,1790653361.460101,1790653361.465593
2026-02-19 11:00:00+00:00,E008,electricity,0,1790653360.726673,1790653361.460101,1790653361.465593
2026-02-19 11:00:00+00:00,E002,electricity,0,1790653360.726712,1790653361.460101,1790653361.465593
2026-02-19 11:00:00+00:00,E004,electricity,0,1790653360.726748,1790653361.460101,1790653361.465593
2026-02-19 11:00:00+00:00,E000,electricity,0,1790653360.726785,1790653361.460101,1790653361.465593
2026-02-19 11:00:00+00:00,E005,electricity,0,1790653360.726821,1790653361.460101,1790653361.465593
2026-02-19 11:00:00+00:00,E006,electricity,0,1790653360.726856,1790653361.460101,1790653361.465593
2026-02-19 11:00:00+00:00,G000,gas,0,1790653360.726893,1790653361.460101,1790653361.465593
2026-02-19 11:00:00+00:00,E007,electricity,0,1790653360.726925,1790653361.460101,1790653361.465593
2026-02-19 11:00:00+00:00,G002,gas,0,1790653360.726962,1790653361.460101,1790653361.465593
2026-02-19 11:00:00+00:00,G004,gas,0,1790653360.726996,1790653361.460101,1790653361.465593
2026-02-19 11:00:00+00:00,G007,gas,0,1790653360.727021,1790653361.460101,1790653361.465593
2026-02-19 11:00:00+00:00,G003,gas,0,1790653360.727045,1790653361.460101,1790653361.465593
2026-02-19 11:00:00+00:00,E009,electricity,0,1790653360.727068,1790653361.460101,1790653361.465593
2026-02-19 11:00:00+00:00,E001,electricity,0,1790653360.727090,1790653361.460101,1790653361.465593
2026-02-19 10:30:00+00:00,W005,water,0,1790653360.825688,1790653362.071219,1790653362.074643
2026-02-19 10:30:00+00:00,W007,water,0,1790653360.847404,1790653362.071219,1790653362.074643
2026-02-19 10:45:00+00:00,W002,water,0,1790653360.848418,1790653362.071219,1790653362.074643
2026-02-19 10:30:00+00:00,W006,water,0,1790653360.926218,1790653362.071219,1790653362.074643
2026-02-19 10:45:00+00:00,W008,water,0,1790653360.950652,1790653362.071219,1790653362.074643
2026-02-19 10:45:00+00:00,W003,water,0,1790653360.952866,1790653362.071219,1790653362.074643
2026-02-19 10:45:00+00:00,W000,water,0,1790653361.082874,1790653362.071219,1790653362.074643
2026-02-19 10:45:00+00:00,W001,water,0,1790653361.102872,1790653362.071219,1790653362.074643
2026-02-19 10:45:00+00:00,W009,water,0,1790653361.115088,1790653362.071219,1790653362.074643
2026-02-19 11:15:00+00:00,E004,electricity,0,1790653361.226208,1790653362.071219,1790653362.074643
2026-02-19 11:15:00+00:00,E006,electricity,0,1790653361.226347,1790653362.071219,1790653362.074643
2026-02-19 11:15:00+00:00,E000,electricity,0,1790653361.226387,1790653362.071219,1790653362.074643
2026-02-19 11:15:00+00:00,E005,electricity,0,1790653361.226417,1790653362.071219,1790653362.074643
2026-02-19 11:15:00+00:00,E007,electricity,0,1790653361.226444,1790653362.071219,1790653362.074643
2026-02-19 11:15:00+00:00,E002,electricity,0,1790653361.226469,1790653362.071219,1790653362.074643
2026-02-19 11:15:00+00:00,E001,electricity,0,1790653361.226494,1790653362.071219,1790653362.074643
2026-02-19 11:15:00+00:00,E008,electricity,0,1790653361.226517,1790653362.071219,1790653362.074643
2026-02-19 11:15:00+00:00,E003,electricity,0,1790653361.226541,1790653362.071219,1790653362.074643
2026-02-19 11:15:00+00:00,E009,electricity,0,1790653361.226564,1790653362.071219,1790653362.074643
2026-02-19 10:45:00+00:00,W004,water,0,1790653361.333430,1790653362.071219,1790653362.074643
2026-02-19 11:00:00+00:00,W008,water,0,1790653361.414551,1790653362.071219,1790653362.074643
2026-02-19 11:00:00+00:00,W000,water,0,1790653361.545668,1790653362.703541,1790653362.706686
2026-02-19 11:00:00+00:00,W002,water,0,1790653361.590655,1790653362.703541,1790653362.706686
2026-02-19 11:00:00+00:00,W007,water,0,1790653361.603980,1790653362.703541,1790653362.706686
2026-02-19 11:00:00+00:00,W005,water,0,1790653361.691761,1790653362.703541,1790653362.706686
2026-02-19 11:30:00+00:00,E007,electricity,0,1790653361.726204,1790653362.703541,1790653362.706686
2026-02-19 11:30:00+00:00,E009,electricity,0,1790653361.726323,1790653362.703541,1790653362.706686
2026-02-19 11:30:00+00:00,E003,electricity,0,1790653361.726363,1790653362.703541,1790653362.706686
2026-02-19 11:30:00+00:00,E004,electricity,0,1790653361.726393,1790653362.703541,1790653362.706686
2026-02-19 11:30:00+00:00,E005,electricity,0,1790653361.726421,1790653362.703541,1790653362.706686
2026-02-19 11:30:00+00:00,E000,electricity,0,1790653361.726446,1790653362.703541,1790653362.706686
2026-02-19 11:30:00+00:00,E002,electricity,0,1790653361.726469,1790653362.703541,1790653362.706686
2026-02-19 11:30:00+00:00,E008,electricity,0,1790653361.726493,1790653362.703541,1790653362.706686
2026-02-19 11:30:00+00:00,E006,electricity,0,1790653361.726516,1790653362.703541,1790653362.706686
2026-02-19 11:30:00+00:00,E001,electricity,0,1790653361.726538,1790653362.703541,1790653362.706686
2026-02-19 11:15:00+00:00,W008,water,0,1790653361.728974,1790653362.703541,1790653362.706686
2026-02-19 11:15:00+00:00,W004,water,0,1790653361.815654,1790653362.703541,1790653362.706686
2026-02-19 11:15:00+00:00,W007,water,0,1790653361.832315,1790653362.703541,1790653362.706686
2026-02-19 11:00:00+00:00,W003,water,0,1790653361.906219,1790653362.703541,1790653362.706686
2026-02-19 11:00:00+00:00,W006,water,0,1790653361.965104,1790653362.703541,1790653362.706686
2026-02-19 11:00:00+00:00,W001,water,0,1790653362.028440,1790653362.703541,1790653362.706686
2026-02-19 11:00:00+00:00,W009,water,0,1790653362.104536,1790653363.294003,1790653363.296952
2026-02-19 11:15:00+00:00,W000,water,0,1790653362.135647,1790653363.294003,1790653363.296952
2026-02-19 11:45:00+00:00,E009,electricity,0,1790653362.226205,1790653363.294003,1790653363.296952
2026-02-19 11:45:00+00:00,E001,electricity,0,1790653362.226327,1790653363.294003,1790653363.296952
2026-02-19 11:45:00+00:00,E000,electricity,0,1790653362.226367,1790653363.294003,1790653363.296952
2026-02-19 11:45:00+00:00,E002,electricity,0,1790653362.226397,1790653363.294003,1790653363.296952
2026-02-19 11:45:00+00:00,E007,electricity,0,1790653362.226424,1790653363.294003,1790653363.296952
2026-02-19 11:45:00+00:00,E008,electricity,0,1790653362.226449,1790653363.294003,1790653363.296952
2026-02-19 11:45:00+00:00,E003,electricity,0,1790653362.226473,1790653363.294003,1790653363.296952
2026-02-19 11:45:00+00:00,E004,electricity,0,1790653362.226496,1790653363.294003,1790653363.296952
2026-02-19 11:45:00+00:00,E005,electricity,0,1790653362.226519,1790653363.294003,1790653363.296952
2026-02-19 11:45:00+00:00,E006,electricity,0,1790653362.226542,1790653363.294003,1790653363.296952
2026-02-19 11:30:00+00:00,W006,water,0,1790653362.251761,1790653363.294003,1790653363.296952
2026-02-19 11:15:00+00:00,W002,water,0,1790653362.299601,1790653363.294003,1790653363.296952
2026-02-19 11:30:00+00:00,W003,water,0,1790653362.354581,1790653363.294003,1790653363.296952
2026-02-19 11:15:00+00:00,W005,water,0,1790653362.393263,1790653363.294003,1790653363.296952
2026-02-19 11:30:00+00:00,W008,water,0,1790653362.456764,1790653363.294003,1790653363.296952
2026-02-19 11:30:00+00:00,W007,water,0,1790653362.560649,1790653363.294003,1790653363.296952
2026-02-19 12:00:00+00:00,E001,electricity,0,1790653362.726215,1790653364.016014,1790653364.022453
2026-02-19 12:00:00+00:00,E004,electricity,0,1790653362.726393,1790653364.016014,1790653364.022453
2026-02-19 12:00:00+00:00,E003,electricity,0,1790653362.726436,1790653364.016014,1790653364.022453
2026-02-19 12:00:00+00:00,E009,electricity,0,1790653362.726466,1790653364.016014,1790653364.022453
2026-02-19 12:00:00+00:00,G004,gas,0,1790653362.726493,1790653364.016014,1790653364.022453
2026-02-19 12:00:00+00:00,G003,gas,0,1790653362.726519,1790653364.016014,1790653364.022453
2026-02-19 12:00:00+00:00,G006,gas,0,1790653362.726542,1790653364.016014,1790653364.022453
2026-02-19 12:00:00+00:00,E008,electricity,0,1790653362.726566,1790653364.016014,1790653364.022453
2026-02-19 12:00:00+00:00,E006,electricity,0,1790653362.726588,1790653364.016014,1790653364.022453
2026-02-19 12:00:00+00:00,G005,gas,1,1790653362.726613,1790653364.016014,1790653364.022453
2026-02-19 12:00:00+00:00,G009,gas,0,1790653362.726637,1790653364.016014,1790653364.022453
2026-02-19 12:00:00+00:00,G000,gas,0,1790653362.726661,1790653364.016014,1790653364.022453
2026-02-19 12:00:00+00:00,E005,electricity,0,1790653362.726686,1790653364.016014,1790653364.022453
2026-02-19 12:00:00+00:00,E007,electricity,0,1790653362.726708,1790653364.016014,1790653364.022453
2026-02-19 12:00:00+00:00,G008,gas,0,1790653362.726732,1790653364.016014,1790653364.022453
2026-02-19 12:00:00+00:00,G007,gas,0,1790653362.726755,1790653364.016014,1790653364.022453
2026-02-19 12:00:00+00:00,G001,gas,0,1790653362.726779,1790653364.016014,1790653364.022453
2026-02-19 12:00:00+00:00,G002,gas,0,1790653362.726803,1790653364.016014,1790653364.022453
2026-02-19 12:00:00+00:00,E002,electricity,0,1790653362.726826,1790653364.016014,1790653364.022453
2026-02-19 12:00:00+00:00,E000,electricity,0,1790653362.726849,1790653364.016014,1790653364.022453
2026-02-19 11:30:00+00:00,W004,water,0,1790653362.798993,1790653364.016014,1790653364.022453
2026-02-19 11:30:00+00:00,W001,water,0,1790653362.844015,1790653364.016014,1790653364.022453
2026-02-19 11:30:00+00:00,W000,water,0,1790653363.035109,1790653364.016014,1790653364.022453
2026-02-19 11:45:00+00:00,W003,water,0,1790653363.075655,1790653364.016014,1790653364.022453
2026-02-19 11:30:00+00:00,W009,water,0,1790653363.103983,1790653364.016014,1790653364.022453
2026-02-19 11:45:00+00:00,W008,water,0,1790653363.137912,1790653364.016014,1790653364.022453
2026-02-19 11:45:00+00:00,W002,water,0,1790653363.168423,1790653364.016014,1790653364.022453
2026-02-19 11:45:00+00:00,W006,water,0,1790653363.178976,1790653364.016014,1790653364.022453
2026-02-19 11:45:00+00:00,W005,water,0,1790653363.185091,1790653364.016014,1790653364.022453
2026-02-19 12:15:00+00:00,E003,electricity,0,1790653363.226210,1790653364.016014,1790653364.022453
2026-02-19 12:15:00+00:00,E000,electricity,0,1790653363.226350,1790653364.016014,1790653364.022453
2026-02-19 12:15:00+00:00,E007,electricity,0,1790653363.226389,1790653364.016014,1790653364.022453
2026-02-19 12:15:00+00:00,E002,electricity,0,1790653363.226418,1790653364.016014,1790653364.022453
2026-02-19 12:15:00+00:00,E006,electricity,0,1790653363.226445,1790653364.016014,1790653364.022453
2026-02-19 12:15:00+00:00,E005,electricity,0,1790653363.226469,1790653364.016014,1790653364.022453
2026-02-19 12:15:00+00:00,E008,electricity,0,1790653363.226492,1790653364.016014,1790653364.022453
2026-02-19 12:15:00+00:00,E001,electricity,0,1790653363.226515,1790653364.016014,1790653364.022453
2026-02-19 12:15:00+00:00,E009,electricity,0,1790653363.226538,1790653364.016014,1790653364.022453
2026-02-19 12:15:00+00:00,E004,electricity,0,1790653363.226562,1790653364.016014,1790653364.022453
2026-02-19 11:45:00+00:00,W007,water,0,1790653363.380658,1790653364.612303,1790653364.615330
2026-02-19 12:00:00+00:00,W001,water,0,1790653363.512296,1790653364.612303,1790653364.615330
2026-02-19 12:00:00+00:00,W003,water,0,1790653363.603433,1790653364.612303,1790653364.615330
2026-02-19 12:00:00+00:00,W009,water,0,1790653363.609540,1790653364.612303,1790653364.615330
2026-02-19 12:00:00+00:00,W006,water,0,1790653363.688985,1790653364.612303,1790653364.615330
2026-02-19 12:30:00+00:00,E005,electricity,0,1790653363.726200,1790653364.612303,1790653364.615330
2026-02-19 12:30:00+00:00,E009,electricity,0,1790653363.726298,1790653364.612303,1790653364.615330
2026-02-19 12:30:00+00:00,E006,electricity,0,1790653363.726335,1790653364.612303,1790653364.615330
2026-02-19 12:30:00+00:00,E003,electricity,0,1790653363.726364,1790653364.612303,1790653364.615330
2026-02-19 12:30:00+00:00,E008,electricity,0,1790653363.726389,1790653364.612303,1790653364.615330
2026-02-19 12:30:00+00:00,E002,electricity,0,1790653363.726413,1790653364.612303,1790653364.615330
2026-02-19 12:30:00+00:00,E007,electricity,0,1790653363.726438,1790653364.612303,1790653364.615330
2026-02-19 12:30:00+00:00,E000,electricity,0,1790653363.726461,1790653364.612303,1790653364.615330
2026-02-19 12:30:00+00:00,E004,electricity,0,1790653363.726484,1790653364.612303,1790653364.615330
2026-02-19 12:30:00+00:00,E001,electricity,0,1790653363.726508,1790653364.612303,1790653364.615330
2026-02-19 12:00:00+00:00,W000,water,0,1790653363.769546,1790653364.612303,1790653364.615330
2026-02-19 12:00:00+00:00,W005,water,0,1790653363.812320,1790653364.612303,1790653364.615330
2026-02-19 12:00:00+00:00,W008,water,0,1790653363.842879,1790653364.612303,1790653364.615330
2026-02-19 12:00:00+00:00,W004,water,0,1790653363.909542,1790653364.612303,1790653364.615330
2026-02-19 12:00:00+00:00,W002,water,0,1790653364.027891,1790653365.205746,1790653365.208984
2026-02-19 12:15:00+00:00,W009,water,0,1790653364.137314,1790653365.205746,1790653365.208984
2026-02-19 12:15:00+00:00,W006,water,0,1790653364.140641,1790653365.205746,1790653365.208984
2026-02-19 12:45:00+00:00,E008,electricity,0,1790653364.226209,1790653365.205746,1790653365.208984
2026-02-19 12:45:00+00:00,E001,electricity,0,1790653364.226371,1790653365.205746,1790653365.208984
2026-02-19 12:45:00+00:00,E007,electricity,0,1790653364.226413,1790653365.205746,1790653365.208984
2026-02-19 12:45:00+00:00,E002,electricity,0,1790653364.226442,1790653365.205746,1790653365.208984
2026-02-19 12:45:00+00:00,E005,electricity,0,1790653364.226468,1790653365.205746,1790653365.208984
2026-02-19 12:45:00+00:00,E004,electricity,0,1790653364.226493,1790653365.205746,1790653365.208984
2026-02-19 12:45:00+00:00,E006,electricity,0,1790653364.226517,1790653365.205746,1790653365.208984
2026-02-19 12:45:00+00:00,E003,electricity,0,1790653364.226540,1790653365.205746,1790653365.208984
2026-02-19 12:45:00+00:00,E000,electricity,0,1790653364.226562,1790653365.205746,1790653365.208984
2026-02-19 12:45:00+00:00,E009,electricity,0,1790653364.226585,1790653365.205746,1790653365.208984
2026-02-19 12:15:00+00:00,W001,water,0,1790653364.356206,1790653365.205746,1790653365.208984
2026-02-19 12:15:00+00:00,W007,water,0,1790653364.394540,1790653365.205746,1790653365.208984
2026-02-19 12:30:00+00:00,W009,water,0,1790653364.409534,1790653365.205746,1790653365.208984
2026-02-19 12:30:00+00:00,W004,water,0,1790653364.457315,1790653365.205746,1790653365.208984
2026-02-19 12:15:00+00:00,W003,water,0,1790653364.583982,1790653365.205746,1790653365.208984
2026-02-19 12:30:00+00:00,W005,water,0,1790653364.591753,1790653365.205746,1790653365.208984
2026-02-19 12:30:00+00:00,W002,water,0,1790653364.593420,1790653365.205746,1790653365.208984
2026-02-19 12:30:00+00:00,W000,water,0,1790653364.630100,1790653365.918203,1790653365.922124
2026-02-19 13:00:00+00:00,E009,electricity,0,1790653364.726201,1790653365.918203,1790653365.922124
2026-02-19 13:00:00+00:00,E004,electricity,0,1790653364.726294,1790653365.918203,1790653365.922124
2026-02-19 13:00:00+00:00,G005,gas,0,1790653364.726333,1790653365.918203,1790653365.922124
2026-02-19 13:00:00+00:00,G004,gas,0,1790653364.726363,1790653365.918203,1790653365.922124
2026-02-19 13:00:00+00:00,E002,electricity,0,1790653364.726389,1790653365.918203,1790653365.922124
2026-02-19 13:00:00+00:00,G009,gas,0,1790653364.726415,1790653365.918203,1790653365.922124
2026-02-19 12:30:00+00:00,W008,water,0,1790653364.726440,1790653365.918203,1790653365.922124
2026-02-19 13:00:00+00:00,G006,gas,0,1790653364.726464,1790653365.918203,1790653365.922124
2026-02-19 13:00:00+00:00,E003,electricity,0,1790653364.726496,1790653365.918203,1790653365.922124
2026-02-19 13:00:00+00:00,G003,gas,0,1790653364.726521,1790653365.918203,1790653365.922124
2026-02-19 13:00:00+00:00,G007,gas,0,1790653364.726545,1790653365.918203,1790653365.922124
2026-02-19 13:00:00+00:00,E008,electricity,0,1790653364.726568,1790653365.918203,1790653365.922124
2026-02-19 13:00:00+00:00,E001,electricity,0,1790653364.726591,1790653365.918203,1790653365.922124
2026-02-19 13:00:00+00:00,G001,gas,0,1790653364.726615,1790653365.918203,1790653365.922124
2026-02-19 13:00:00+00:00,E000,electricity,0,1790653364.726638,1790653365.918203,1790653365.922124
2026-02-19 13:00:00+00:00,G000,gas,0,1790653364.726660,1790653365.918203,1790653365.922124
2026-02-19 13:00:00+00:00,E007,electricity,0,1790653364.726683,1790653365.918203,1790653365.922124
2026-02-19 13:00:00+00:00,G002,gas,0,1790653364.726705,1790653365.918203,1790653365.922124
2026-02-19 13:00:00+00:00,E006,electricity,0,1790653364.726727,1790653365.918203,1790653365.922124
2026-02-19 13:00:00+00:00,E005,electricity,0,1790653364.726749,1790653365.918203,1790653365.922124
2026-02-19 13:00:00+00:00,G008,gas,0,1790653364.726771,1790653365.918203,1790653365.922124
2026-02-19 12:45:00+00:00,W001,water,0,1790653364.801209,1790653365.918203,1790653365.922124
2026-02-19 12:45:00+00:00,W000,water,0,1790653364.870094,1790653365.918203,1790653365.922124
2026-02-19 12:45:00+00:00,W005,water,0,1790653364.892872,1790653365.918203,1790653365.922124
2026-02-19 12:45:00+00:00,W007,water,0,1790653365.001207,1790653365.918203,1790653365.922124
2026-02-19 12:45:00+00:00,W002,water,0,1790653365.058982,1790653365.918203,1790653365.922124
2026-02-19 12:30:00+00:00,W006,water,0,1790653365.116756,1790653365.918203,1790653365.922124
2026-02-19 13:15:00+00:00,E009,electricity,0,1790653365.226219,1790653366.545019,1790653366.549253
2026-02-19 13:15:00+00:00,E006,electricity,0,1790653365.226360,1790653366.545019,1790653366.549253
2026-02-19 13:15:00+00:00,E008,electricity,0,1790653365.226401,1790653366.545019,1790653366.549253
2026-02-19 13:15:00+00:00,E001,electricity,0,1790653365.226432,1790653366.545019,1790653366.549253
2026-02-19 13:15:00+00:00,E003,electricity,0,1790653365.226460,1790653366.545019,1790653366.549253
2026-02-19 13:15:00+00:00,E004,electricity,0,1790653365.226485,1790653366.545019,1790653366.549253
2026-02-19 13:15:00+00:00,E002,electricity,0,1790653365.226508,1790653366.545019,1790653366.549253
2026-02-19 13:15:00+00:00,E000,electricity,0,1790653365.226531,1790653366.545019,1790653366.549253
2026-02-19 13:15:00+00:00,E007,electricity,0,1790653365.226554,1790653366.545019,1790653366.549253
2026-02-19 13:15:00+00:00,E005,electricity,0,1790653365.226577,1790653366.545019,1790653366.549253
2026-02-19 12:45:00+00:00,W009,water,0,1790653365.260092,1790653366.545019,1790653366.549253
2026-02-19 12:45:00+00:00,W003,water,0,1790653365.270088,1790653366.545019,1790653366.549253
2026-02-19 12:45:00+00:00,W004,water,0,1790653365.305645,1790653366.545019,1790653366.549253
2026-02-19 13:00:00+00:00,W001,water,0,1790653365.452885,1790653366.545019,1790653366.549253
2026-02-19 13:00:00+00:00,W000,water,0,1790653365.478404,1790653366.545019,1790653366.549253
2026-02-19 13:00:00+00:00,W008,water,0,1790653365.504537,1790653366.545019,1790653366.549253
2026-02-19 13:00:00+00:00,W002,water,0,1790653365.622874,1790653366.545019,1790653366.549253
2026-02-19 13:00:00+00:00,W006,water,0,1790653365.656215,1790653366.545019,1790653366.549253
2026-02-19 13:30:00+00:00,E001,electricity,0,1790653365.726222,1790653366.545019,1790653366.549253
2026-02-19 13:30:00+00:00,E002,electricity,0,1790653365.726400,1790653366.545019,1790653366.549253
2026-02-19 13:30:00+00:00,E000,electricity,0,1790653365.726444,1790653366.545019,1790653366.549253
2026-02-19 13:30:00+00:00,E008,electricity,0,1790653365.726475,1790653366.545019,1790653366.549253
2026-02-19 13:30:00+00:00,E007,electricity,0,1790653365.726501,1790653366.545019,1790653366.549253
2026-02-19 13:30:00+00:00,E004,electricity,0,1790653365.726525,1790653366.545019,1790653366.549253
2026-02-19 13:30:00+00:00,E006,electricity,0,1790653365.726549,1790653366.545019,1790653366.549253
2026-02-19 13:30:00+00:00,E009,electricity,0,1790653365.726573,1790653366.545019,1790653366.549253
2026-02-19 13:30:00+00:00,E005,electricity,0,1790653365.726595,1790653366.545019,1790653366.549253
2026-02-19 13:30:00+00:00,E003,electricity,0,1790653365.726617,1790653366.545019,1790653366.549253
2026-02-19 13:15:00+00:00,W003,water,0,1790653365.759495,1790653366.545019,1790653366.549253
2026-02-19 13:15:00+00:00,W002,water,0,1790653365.983433,1790653367.263221,1790653367.267948
2026-02-19 13:00:00+00:00,W007,water,0,1790653365.995090,1790653367.263221,1790653367.267948
2026-02-19 13:15:00+00:00,W004,water,0,1790653365.995641,1790653367.263221,1790653367.267948
2026-02-19 13:00:00+00:00,W005,water,0,1790653366.017310,1790653367.263221,1790653367.267948
2026-02-19 13:45:00+00:00,E000,electricity,0,1790653366.226204,1790653367.263221,1790653367.267948
2026-02-19 13:45:00+00:00,E009,electricity,0,1790653366.226366,1790653367.263221,1790653367.267948
2026-02-19 13:45:00+00:00,E005,electricity,0,1790653366.226411,1790653367.263221,1790653367.267948
2026-02-19 13:45:00+00:00,E001,electricity,0,1790653366.226444,1790653367.263221,1790653367.267948
2026-02-19 13:45:00+00:00,E007,electricity,0,1790653366.226470,1790653367.263221,1790653367.267948
2026-02-19 13:45:00+00:00,E002,electricity,0,1790653366.226495,1790653367.263221,1790653367.267948
2026-02-19 13:45:00+00:00,E006,electricity,0,1790653366.226524,1790653367.263221,1790653367.267948
2026-02-19 13:45:00+00:00,E004,electricity,0,1790653366.226549,1790653367.263221,1790653367.267948
2026-02-19 13:45:00+00:00,E003,electricity,0,1790653366.226573,1790653367.263221,1790653367.267948
2026-02-19 13:45:00+00:00,E008,electricity,0,1790653366.226596,1790653367.263221,1790653367.267948
2026-02-19 13:15:00+00:00,W009,water,0,1790653366.234532,1790653367.263221,1790653367.267948
2026-02-19 13:30:00+00:00,W002,water,0,1790653366.293472,1790653367.263221,1790653367.267948
2026-02-19 13:15:00+00:00,W000,water,0,1790653366.324247,1790653367.263221,1790653367.267948
2026-02-19 13:15:00+00:00,W001,water,0,1790653366.357985,1790653367.263221,1790653367.267948
2026-02-19 13:30:00+00:00,W003,water,0,1790653366.383432,1790653367.263221,1790653367.267948
2026-02-19 13:15:00+00:00,W008,water,0,1790653366.411205,1790653367.263221,1790653367.267948
2026-02-19 13:15:00+00:00,W006,water,0,1790653366.428430,1790653367.263221,1790653367.267948
2026-02-19 13:30:00+00:00,W004,water,0,1790653366.459505,1790653367.263221,1790653367.267948
2026-02-19 13:30:00+00:00,W007,water,0,1790653366.689548,1790653368.004790,1790653368.011858
2026-02-19 14:00:00+00:00,G001,gas,0,1790653366.726203,1790653368.004790,1790653368.011858
2026-02-19 14:00:00+00:00,G006,gas,0,1790653366.726309,1790653368.004790,1790653368.011858
2026-02-19 14:00:00+00:00,G003,gas,0,1790653366.726347,1790653368.004790,1790653368.011858
2026-02-19 14:00:00+00:00,G000,gas,0,1790653366.726381,1790653368.004790,1790653368.011858
2026-02-19 14:00:00+00:00,G007,gas,0,1790653366.726420,1790653368.004790,1790653368.011858
2026-02-19 14:00:00+00:00,E005,electricity,0,1790653366.726460,1790653368.004790,1790653368.011858
2026-02-19 14:00:00+00:00,E007,electricity,0,1790653366.726487,1790653368.004790,1790653368.011858
2026-02-19 14:00:00+00:00,E000,electricity,0,1790653366.726511,1790653368.004790,1790653368.011858
2026-02-19 14:00:00+00:00,E002,electricity,0,1790653366.726538,1790653368.004790,1790653368.011858
2026-02-19 14:00:00+00:00,E003,electricity,0,1790653366.726563,1790653368.004790,1790653368.011858
2026-02-19 14:00:00+00:00,G009,gas,0,1790653366.726586,1790653368.004790,1790653368.011858
2026-02-19 14:00:00+00:00,G002,gas,0,1790653366.726619,1790653368.004790,1790653368.011858
2026-02-19 14:00:00+00:00,G008,gas,0,1790653366.726650,1790653368.004790,1790653368.011858
2026-02-19 14:00:00+00:00,G004,gas,0,1790653366.726674,1790653368.004790,1790653368.011858
2026-02-19 14:00:00+00:00,E009,electricity,0,1790653366.726697,1790653368.004790,1790653368.011858
2026-02-19 14:00:00+00:00,E001,electricity,0,1790653366.726720,1790653368.004790,1790653368.011858
2026-02-19 14:00:00+00:00,E006,electricity,0,1790653366.726743,1790653368.004790,1790653368.011858
2026-02-19 14:00:00+00:00,E004,electricity,0,1790653366.726764,1790653368.004790,1790653368.011858
2026-02-19 14:00:00+00:00,E008,electricity,0,1790653366.726787,1790653368.004790,1790653368.011858
2026-02-19 14:00:00+00:00,G005,gas,0,1790653366.726809,1790653368.004790,1790653368.011858
2026-02-19 13:30:00+00:00,W005,water,0,1790653366.746207,1790653368.004790,1790653368.011858
2026-02-19 13:45:00+00:00,W009,water,0,1790653366.824582,1790653368.004790,1790653368.011858
2026-02-19 13:45:00+00:00,W001,water,0,1790653366.874006,1790653368.004790,1790653368.011858
2026-02-19 13:45:00+00:00,W000,water,0,1790653366.932332,1790653368.004790,1790653368.011858
2026-02-19 13:45:00+00:00,W007,water,0,1790653367.087890,1790653368.004790,1790653368.011858
2026-02-19 13:45:00+00:00,W002,water,0,1790653367.132335,1790653368.004790,1790653368.011858
2026-02-19 13:45:00+00:00,W008,water,0,1790653367.135358,1790653368.004790,1790653368.011858
2026-02-19 13:45:00+00:00,W004,water,0,1790653367.217894,1790653368.004790,1790653368.011858
2026-02-19 14:15:00+00:00,E001,electricity,0,1790653367.226218,1790653368.004790,1790653368.011858
2026-02-19 14:15:00+00:00,E000,electricity,0,1790653367.226384,1790653368.004790,1790653368.011858
2026-02-19 14:15:00+00:00,E003,electricity,0,1790653367.226424,1790653368.004790,1790653368.011858
2026-02-19 14:15:00+00:00,E007,electricity,0,1790653367.226453,1790653368.004790,1790653368.011858
2026-02-19 14:15:00+00:00,E004,electricity,0,1790653367.226479,1790653368.004790,1790653368.011858
2026-02-19 14:15:00+00:00,E009,electricity,0,1790653367.226505,1790653368.004790,1790653368.011858
2026-02-19 14:15:00+00:00,E008,electricity,0,1790653367.226528,1790653368.004790,1790653368.011858
2026-02-19 14:15:00+00:00,E005,electricity,0,1790653367.226551,1790653368.004790,1790653368.011858
2026-02-19 14:15:00+00:00,E002,electricity,0,1790653367.226574,1790653368.004790,1790653368.011858
2026-02-19 14:15:00+00:00,E006,electricity,0,1790653367.226597,1790653368.004790,1790653368.011858
2026-02-19 13:45:00+00:00,W003,water,0,1790653367.350107,1790653368.630203,1790653368.634129
2026-02-19 14:00:00+00:00,W000,water,0,1790653367.353426,1790653368.630203,1790653368.634129
2026-02-19 14:00:00+00:00,W009,water,0,1790653367.443997,1790653368.630203,1790653368.634129
2026-02-19 14:00:00+00:00,W002,water,0,1790653367.465656,1790653368.630203,1790653368.634129
2026-02-19 13:45:00+00:00,W006,water,0,1790653367.486205,1790653368.630203,1790653368.634129
2026-02-19 14:00:00+00:00,W005,water,0,1790653367.543988,1790653368.630203,1790653368.634129
2026-02-19 14:00:00+00:00,W007,water,0,1790653367.695107,1790653368.630203,1790653368.634129
2026-02-19 14:30:00+00:00,E004,electricity,0,1790653367.726210,1790653368.630203,1790653368.634129
2026-02-19 14:30:00+00:00,E005,electricity,0,1790653367.726364,1790653368.630203,1790653368.634129
2026-02-19 14:30:00+00:00,E008,electricity,0,1790653367.726404,1790653368.630203,1790653368.634129
2026-02-19 14:30:00+00:00,E009,electricity,0,1790653367.726433,1790653368.630203,1790653368.634129
2026-02-19 14:30:00+00:00,E002,electricity,0,1790653367.726459,1790653368.630203,1790653368.634129
2026-02-19 14:30:00+00:00,E001,electricity,0,1790653367.726484,1790653368.630203,1790653368.634129
2026-02-19 14:30:00+00:00,E006,electricity,0,1790653367.726507,1790653368.630203,1790653368.634129
2026-02-19 14:30:00+00:00,E003,electricity,0,1790653367.726530,1790653368.630203,1790653368.634129
2026-02-19 14:30:00+00:00,E000,electricity,0,1790653367.726554,1790653368.630203,1790653368.634129
2026-02-19 14:30:00+00:00,E007,electricity,0,1790653367.726576,1790653368.630203,1790653368.634129
2026-02-19 14:00:00+00:00,W001,water,0,1790653367.726599,1790653368.630203,1790653368.634129
2026-02-19 14:15:00+00:00,W002,water,0,1790653367.802883,1790653368.630203,1790653368.634129
2026-02-19 14:15:00+00:00,W000,water,0,1790653367.813432,1790653368.630203,1790653368.634129
2026-02-19 14:00:00+00:00,W008,water,0,1790653367.859050,1790653368.630203,1790653368.634129
2026-02-19 14:15:00+00:00,W005,water,0,1790653367.929556,1790653368.630203,1790653368.634129
2026-02-19 14:00:00+00:00,W004,water,0,1790653367.958441,1790653368.630203,1790653368.634129
2026-02-19 14:15:00+00:00,W009,water,0,1790653368.018999,1790653369.253434,1790653369.256508
2026-02-19 14:15:00+00:00,W003,water,0,1790653368.083987,1790653369.253434,1790653369.256508
2026-02-19 14:45:00+00:00,E000,electricity,0,1790653368.226227,1790653369.253434,1790653369.256508
2026-02-19 14:45:00+00:00,E009,electricity,0,1790653368.226437,1790653369.253434,1790653369.256508
2026-02-19 14:45:00+00:00,E004,electricity,0,1790653368.226483,1790653369.253434,1790653369.256508
2026-02-19 14:45:00+00:00,E005,electricity,0,1790653368.226514,1790653369.253434,1790653369.256508
2026-02-19 14:45:00+00:00,E007,electricity,0,1790653368.226543,1790653369.253434,1790653369.256508
2026-02-19 14:45:00+00:00,E003,electricity,0,1790653368.226570,1790653369.253434,1790653369.256508
2026-02-19 14:45:00+00:00,E001,electricity,0,1790653368.226595,1790653369.253434,1790653369.256508
2026-02-19 14:45:00+00:00,E008,electricity,0,1790653368.226620,1790653369.253434,1790653369.256508
2026-02-19 14:45:00+00:00,E006,electricity,0,1790653368.226644,1790653369.253434,1790653369.256508
2026-02-19 14:45:00+00:00,E002,electricity,0,1790653368.226669,1790653369.253434,1790653369.256508
2026-02-19 14:30:00+00:00,W002,water,0,1790653368.457887,1790653369.253434,1790653369.256508
2026-02-19 14:15:00+00:00,W006,water,0,1790653368.482332,1790653369.253434,1790653369.256508
2026-02-19 14:30:00+00:00,W001,water,0,1790653368.500656,1790653369.253434,1790653369.256508
2026-02-19 14:30:00+00:00,W005,water,0,1790653368.509537,1790653369.253434,1790653369.256508
2026-02-19 14:30:00+00:00,W004,water,0,1790653368.511200,1790653369.253434,1790653369.256508
2026-02-19 14:15:00+00:00,W007,water,0,1790653368.560655,1790653369.253434,1790653369.256508
2026-02-19 14:30:00+00:00,W003,water,0,1790653368.591215,1790653369.253434,1790653369.256508
2026-02-19 14:30:00+00:00,W008,water,0,1790653368.625104,1790653369.253434,1790653369.256508
2026-02-19 15:00:00+00:00,E007,electricity,0,1790653368.726215,1790653369.978544,1790653369.983737
2026-02-19 15:00:00+00:00,E003,electricity,0,1790653368.726403,1790653369.978544,1790653369.983737
2026-02-19 15:00:00+00:00,G007,gas,0,1790653368.726444,1790653369.978544,1790653369.983737
2026-02-19 15:00:00+00:00,G000,gas,0,1790653368.726473,1790653369.978544,1790653369.983737
2026-02-19 15:00:00+00:00,E002,electricity,0,1790653368.726499,1790653369.978544,1790653369.983737
2026-02-19 15:00:00+00:00,G002,gas,0,1790653368.726523,1790653369.978544,1790653369.983737
2026-02-19 15:00:00+00:00,E004,electricity,0,1790653368.726559,1790653369.978544,1790653369.983737
2026-02-19 15:00:00+00:00,E008,electricity,0,1790653368.726583,1790653369.978544,1790653369.983737
2026-02-19 15:00:00+00:00,G001,gas,0,1790653368.726606,1790653369.978544,1790653369.983737
2026-02-19 15:00:00+00:00,E000,electricity,0,1790653368.726629,1790653369.978544,1790653369.983737
2026-02-19 15:00:00+00:00,E009,electricity,0,1790653368.726652,1790653369.978544,1790653369.983737
2026-02-19 15:00:00+00:00,G006,gas,0,1790653368.726675,1790653369.978544,1790653369.983737
2026-02-19 15:00:00+00:00,E005,electricity,0,1790653368.726698,1790653369.978544,1790653369.983737
2026-02-19 15:00:00+00:00,E001,electricity,0,1790653368.726721,1790653369.978544,1790653369.983737
2026-02-19 15:00:00+00:00,G009,gas,0,1790653368.726744,1790653369.978544,1790653369.983737
2026-02-19 15:00:00+00:00,E006,electricity,0,1790653368.726766,1790653369.978544,1790653369.983737
2026-02-19 15:00:00+00:00,G003,gas,0,1790653368.726789,1790653369.978544,1790653369.983737
2026-02-19 15:00:00+00:00,G005,gas,0,1790653368.726813,1790653369.978544,1790653369.983737
2026-02-19 15:00:00+00:00,G004,gas,0,1790653368.726836,1790653369.978544,1790653369.983737
2026-02-19 15:00:00+00:00,G008,gas,0,1790653368.726859,1790653369.978544,1790653369.983737
2026-02-19 14:30:00+00:00,W009,water,0,1790653368.816218,1790653369.978544,1790653369.983737
2026-02-19 14:45:00+00:00,W005,water,0,1790653368.880112,1790653369.978544,1790653369.983737
2026-02-19 14:45:00+00:00,W002,water,0,1790653368.916778,1790653369.978544,1790653369.983737
2026-02-19 14:45:00+00:00,W007,water,0,1790653368.933990,1790653369.978544,1790653369.983737
2026-02-19 14:30:00+00:00,W000,water,0,1790653368.935652,1790653369.978544,1790653369.983737
2026-02-19 14:45:00+00:00,W001,water,0,1790653368.943433,1790653369.978544,1790653369.983737
2026-02-19 14:45:00+00:00,W006,water,0,1790653368.971216,1790653369.978544,1790653369.983737
2026-02-19 14:45:00+00:00,W003,water,0,1790653369.063446,1790653369.978544,1790653369.983737
2026-02-19 15:15:00+00:00,E009,electricity,0,1790653369.226220,1790653369.978544,1790653369.983737
2026-02-19 15:15:00+00:00,E002,electricity,0,1790653369.226419,1790653369.978544,1790653369.983737
2026-02-19 15:15:00+00:00,E006,electricity,0,1790653369.226461,1790653369.978544,1790653369.983737
2026-02-19 15:15:00+00:00,E000,electricity,0,1790653369.226490,1790653369.978544,1790653369.983737
2026-02-19 15:15:00+00:00,E001,electricity,0,1790653369.226516,1790653369.978544,1790653369.983737
2026-02-19 15:15:00+00:00,E008,electricity,0,1790653369.226541,1790653369.978544,1790653369.983737
2026-02-19 15:15:00+00:00,E007,electricity,0,1790653369.226564,1790653369.978544,1790653369.983737
2026-02-19 15:15:00+00:00,E004,electricity,0,1790653369.226588,1790653369.978544,1790653369.983737
2026-02-19 15:15:00+00:00,E005,electricity,0,1790653369.226611,1790653369.978544,1790653369.983737
2026-02-19 15:15:00+00:00,E003,electricity,0,1790653369.226635,1790653369.978544,1790653369.983737
2026-02-19 15:00:00+00:00,W006,water,0,1790653369.356219,1790653370.633255,1790653370.638140
2026-02-19 14:45:00+00:00,W004,water,0,1790653369.369559,1790653370.633255,1790653370.638140
2026-02-19 15:00:00+00:00,W007,water,0,1790653369.401232,1790653370.633255,1790653370.638140
2026-02-19 15:00:00+00:00,W003,water,0,1790653369.405643,1790653370.633255,1790653370.638140
2026-02-19 15:00:00+00:00,W002,water,0,1790653369.513983,1790653370.633255,1790653370.638140
2026-02-19 14:45:00+00:00,W008,water,0,1790653369.597327,1790653370.633255,1790653370.638140
2026-02-19 15:00:00+00:00,W001,water,0,1790653369.650676,1790653370.633255,1790653370.638140
2026-02-19 15:00:00+00:00,W009,water,0,1790653369.661202,1790653370.633255,1790653370.638140
2026-02-19 15:00:00+00:00,W000,water,0,1790653369.682871,1790653370.633255,1790653370.638140
2026-02-19 15:00:00+00:00,W005,water,0,1790653369.708422,1790653370.633255,1790653370.638140
2026-02-19 15:30:00+00:00,E000,electricity,0,1790653369.726201,1790653370.633255,1790653370.638140
2026-02-19 15:30:00+00:00,E007,electricity,0,1790653369.726308,1790653370.633255,1790653370.638140
2026-02-19 15:30:00+00:00,E001,electricity,0,1790653369.726346,1790653370.633255,1790653370.638140
2026-02-19 15:30:00+00:00,E008,electricity,0,1790653369.726376,1790653370.633255,1790653370.638140
2026-02-19 15:30:00+00:00,E006,electricity,0,1790653369.726401,1790653370.633255,1790653370.638140
2026-02-19 15:30:00+00:00,E009,electricity,0,1790653369.726426,1790653370.633255,1790653370.638140
2026-02-19 15:30:00+00:00,E002,electricity,0,1790653369.726451,1790653370.633255,1790653370.638140
2026-02-19 15:30:00+00:00,E003,electricity,0,1790653369.726474,1790653370.633255,1790653370.638140
2026-02-19 15:30:00+00:00,E005,electricity,0,1790653369.726497,1790653370.633255,1790653370.638140
2026-02-19 15:30:00+00:00,E004,electricity,1,1790653369.726521,1790653370.633255,1790653370.638140
2026-02-19 15:15:00+00:00,W006,water,0,1790653369.847325,1790653370.633255,1790653370.638140
2026-02-19 15:15:00+00:00,W003,water,0,1790653369.902330,1790653370.633255,1790653370.638140
2026-02-19 15:15:00+00:00,W001,water,0,1790653370.185485,1790653371.231454,1790653371.235135
2026-02-19 15:15:00+00:00,W007,water,0,1790653370.215325,1790653371.231454,1790653371.235135
2026-02-19 15:45:00+00:00,E006,electricity,0,1790653370.235374,1790653371.231454,1790653371.235135
2026-02-19 15:45:00+00:00,E003,electricity,0,1790653370.235601,1790653371.231454,1790653371.235135
2026-02-19 15:45:00+00:00,E000,electricity,0,1790653370.235657,1790653371.231454,1790653371.235135
2026-02-19 15:45:00+00:00,E002,electricity,0,1790653370.235696,1790653371.231454,1790653371.235135
2026-02-19 15:45:00+00:00,E007,electricity,0,1790653370.235732,1790653371.231454,1790653371.235135
2026-02-19 15:45:00+00:00,E004,electricity,0,1790653370.235767,1790653371.231454,1790653371.235135
2026-02-19 15:45:00+00:00,E009,electricity,0,1790653370.235811,1790653371.231454,1790653371.235135
2026-02-19 15:45:00+00:00,E008,electricity,0,1790653370.235846,1790653371.231454,1790653371.235135
2026-02-19 15:45:00+00:00,E005,electricity,0,1790653370.235883,1790653371.231454,1790653371.235135
2026-02-19 15:45:00+00:00,E001,electricity,0,1790653370.235925,1790653371.231454,1790653371.235135
2026-02-19 15:15:00+00:00,W004,water,0,1790653370.310116,1790653371.231454,1790653371.235135
2026-02-19 15:15:00+00:00,W002,water,0,1790653370.400658,1790653371.231454,1790653371.235135
2026-02-19 15:15:00+00:00,W008,water,0,1790653370.485664,1790653371.231454,1790653371.235135
2026-02-19 15:15:00+00:00,W009,water,0,1790653370.541222,1790653371.231454,1790653371.235135
2026-02-19 15:15:00+00:00,W000,water,0,1790653370.601220,1790653371.231454,1790653371.235135
2026-02-19 15:30:00+00:00,W001,water,0,1790653370.643440,1790653371.988070,1790653371.993703
2026-02-19 15:15:00+00:00,W005,water,0,1790653370.643651,1790653371.988070,1790653371.993703
2026-02-19 16:00:00+00:00,E006,electricity,0,1790653370.726254,1790653371.988070,1790653371.993703
2026-02-19 16:00:00+00:00,G001,gas,0,1790653370.726524,1790653371.988070,1790653371.993703
2026-02-19 16:00:00+00:00,E001,electricity,0,1790653370.726601,1790653371.988070,1790653371.993703
2026-02-19 16:00:00+00:00,G002,gas,0,1790653370.726651,1790653371.988070,1790653371.993703
2026-02-19 16:00:00+00:00,E004,electricity,0,1790653370.726695,1790653371.988070,1790653371.993703
2026-02-19 16:00:00+00:00,E009,electricity,0,1790653370.726735,1790653371.988070,1790653371.993703
2026-02-19 16:00:00+00:00,E005,electricity,0,1790653370.726775,1790653371.988070,1790653371.993703
2026-02-19 16:00:00+00:00,G006,gas,0,1790653370.726813,1790653371.988070,1790653371.993703
2026-02-19 16:00:00+00:00,E000,electricity,0,1790653370.726849,1790653371.988070,1790653371.993703
2026-02-19 16:00:00+00:00,G007,gas,0,1790653370.726886,1790653371.988070,1790653371.993703
2026-02-19 16:00:00+00:00,E007,electricity,0,1790653370.726923,1790653371.988070,1790653371.993703
2026-02-19 16:00:00+00:00,G005,gas,0,1790653370.726957,1790653371.988070,1790653371.993703
2026-02-19 16:00:00+00:00,E002,electricity,0,1790653370.726992,1790653371.988070,1790653371.993703
2026-02-19 16:00:00+00:00,G003,gas,0,1790653370.727027,1790653371.988070,1790653371.993703
2026-02-19 16:00:00+00:00,E008,electricity,0,1790653370.727061,1790653371.988070,1790653371.993703
2026-02-19 16:00:00+00:00,E003,electricity,0,1790653370.727097,1790653371.988070,1790653371.993703
2026-02-19 16:00:00+00:00,G000,gas,0,1790653370.727133,1790653371.988070,1790653371.993703
2026-02-19 16:00:00+00:00,G009,gas,0,1790653370.727169,1790653371.988070,1790653371.993703
2026-02-19 16:00:00+00:00,G008,gas,0,1790653370.727204,1790653371.988070,1790653371.993703
2026-02-19 16:00:00+00:00,G004,gas,0,1790653370.727239,1790653371.988070,1790653371.993703
2026-02-19 15:45:00+00:00,W004,water,0,1790653370.740107,1790653371.988070,1790653371.993703
2026-02-19 15:30:00+00:00,W006,water,0,1790653370.741224,1790653371.988070,1790653371.993703
2026-02-19 15:30:00+00:00,W007,water,0,1790653370.841248,1790653371.988070,1790653371.993703
2026-02-19 15:45:00+00:00,W008,water,0,1790653370.870135,1790653371.988070,1790653371.993703
2026-02-19 15:30:00+00:00,W003,water,0,1790653370.877326,1790653371.988070,1790653371.993703
2026-02-19 15:45:00+00:00,W000,water,0,1790653370.903452,1790653371.988070,1790653371.993703
2026-02-19 15:45:00+00:00,W009,water,0,1790653370.929009,1790653371.988070,1790653371.993703
2026-02-19 16:15:00+00:00,E002,electricity,0,1790653371.226218,1790653371.988070,1790653371.993703
2026-02-19 16:15:00+00:00,E007,electricity,0,1790653371.226396,1790653371.988070,1790653371.993703
2026-02-19 16:15:00+00:00,E008,electricity,0,1790653371.226438,1790653371.988070,1790653371.993703
2026-02-19 16:15:00+00:00,E000,electricity,0,1790653371.226466,1790653371.988070,1790653371.993703
2026-02-19 16:15:00+00:00,E009,electricity,0,1790653371.226492,1790653371.988070,1790653371.993703
2026-02-19 16:15:00+00:00,E003,electricity,0,1790653371.226516,1790653371.988070,1790653371.993703
2026-02-19 16:15:00+00:00,E004,electricity,0,1790653371.226540,1790653371.988070,1790653371.993703
2026-02-19 16:15:00+00:00,E001,electricity,0,1790653371.226564,1790653371.988070,1790653371.993703
2026-02-19 16:15:00+00:00,E005,electricity,0,1790653371.226587,1790653371.988070,1790653371.993703
2026-02-19 16:15:00+00:00,E006,electricity,0,1790653371.226610,1790653371.988070,1790653371.993703
2026-02-19 16:00:00+00:00,W009,water,0,1790653371.231204,1790653371.988070,1790653371.993703
2026-02-19 16:00:00+00:00,W000,water,0,1790653371.265103,1790653372.593535,1790653372.597143
2026-02-19 15:45:00+00:00,W002,water,0,1790653371.372872,1790653372.593535,1790653372.597143
2026-02-19 16:00:00+00:00,W006,water,0,1790653371.373420,1790653372.593535,1790653372.597143
2026-02-19 15:45:00+00:00,W001,water,0,1790653371.390646,1790653372.593535,1790653372.597143
2026-02-19 15:45:00+00:00,W005,water,0,1790653371.442877,1790653372.593535,1790653372.597143
2026-02-19 16:00:00+00:00,W004,water,0,1790653371.450094,1790653372.593535,1790653372.597143
2026-02-19 16:00:00+00:00,W003,water,0,1790653371.650661,1790653372.593535,1790653372.597143
2026-02-19 16:00:00+00:00,W008,water,0,1790653371.689549,1790653372.593535,1790653372.597143
2026-02-19 16:30:00+00:00,E008,electricity,0,1790653371.726228,1790653372.593535,1790653372.597143
2026-02-19 16:30:00+00:00,E007,electricity,0,1790653371.726375,1790653372.593535,1790653372.597143
2026-02-19 16:30:00+00:00,E001,electricity,0,1790653371.726418,1790653372.593535,1790653372.597143
2026-02-19 16:30:00+00:00,E002,electricity,0,1790653371.726449,1790653372.593535,1790653372.597143
2026-02-19 16:30:00+00:00,E003,electricity,0,1790653371.726477,1790653372.593535,1790653372.597143
2026-02-19 16:30:00+00:00,E004,electricity,0,1790653371.726503,1790653372.593535,1790653372.597143
2026-02-19 16:30:00+00:00,E006,electricity,0,1790653371.726528,1790653372.593535,1790653372.597143
2026-02-19 16:30:00+00:00,E005,electricity,0,1790653371.726552,1790653372.593535,1790653372.597143
2026-02-19 16:30:00+00:00,E000,electricity,0,1790653371.726577,1790653372.593535,1790653372.597143
2026-02-19 16:30:00+00:00,E009,electricity,0,1790653371.726601,1790653372.593535,1790653372.597143
2026-02-19 16:15:00+00:00,W002,water,0,1790653371.789540,1790653372.593535,1790653372.597143
2026-02-19 16:00:00+00:00,W007,water,0,1790653371.843459,1790653372.593535,1790653372.597143
2026-02-19 16:15:00+00:00,W004,water,0,1790653371.881763,1790653372.593535,1790653372.597143
2026-02-19 16:15:00+00:00,W000,water,0,1790653371.884531,1790653372.593535,1790653372.597143
2026-02-19 16:15:00+00:00,W008,water,0,1790653371.996779,1790653373.224306,1790653373.230164
2026-02-19 16:15:00+00:00,W009,water,0,1790653372.117875,1790653373.224306,1790653373.230164
2026-02-19 16:45:00+00:00,E001,electricity,0,1790653372.226234,1790653373.224306,1790653373.230164
2026-02-19 16:45:00+00:00,E003,electricity,0,1790653372.226478,1790653373.224306,1790653373.230164
2026-02-19 16:45:00+00:00,E006,electricity,0,1790653372.226542,1790653373.224306,1790653373.230164
2026-02-19 16:45:00+00:00,E004,electricity,1,1790653372.226586,1790653373.224306,1790653373.230164
2026-02-19 16:45:00+00:00,E005,electricity,0,1790653372.226629,1790653373.224306,1790653373.230164
2026-02-19 16:45:00+00:00,E007,electricity,0,1790653372.226670,1790653373.224306,1790653373.230164
2026-02-19 16:45:00+00:00,E000,electricity,0,1790653372.226709,1790653373.224306,1790653373.230164
2026-02-19 16:45:00+00:00,E002,electricity,0,1790653372.226746,1790653373.224306,1790653373.230164
2026-02-19 16:45:00+00:00,E009,electricity,0,1790653372.226783,1790653373.224306,1790653373.230164
2026-02-19 16:45:00+00:00,E008,electricity,0,1790653372.226822,1790653373.224306,1790653373.230164
2026-02-19 16:30:00+00:00,W007,water,0,1790653372.231211,1790653373.224306,1790653373.230164
2026-02-19 16:15:00+00:00,W005,water,0,1790653372.254540,1790653373.224306,1790653373.230164
2026-02-19 16:30:00+00:00,W002,water,0,1790653372.286202,1790653373.224306,1790653373.230164
2026-02-19 16:15:00+00:00,W006,water,0,1790653372.361768,1790653373.224306,1790653373.230164
2026-02-19 16:15:00+00:00,W003,water,0,1790653372.391762,1790653373.224306,1790653373.230164
2026-02-19 16:15:00+00:00,W001,water,0,1790653372.402868,1790653373.224306,1790653373.230164
2026-02-19 16:30:00+00:00,W004,water,0,1790653372.427315,1790653373.224306,1790653373.230164
2026-02-19 16:30:00+00:00,W008,water,0,1790653372.472869,1790653373.224306,1790653373.230164
2026-02-19 17:00:00+00:00,E006,electricity,0,1790653372.726203,1790653374.001328,1790653374.008055
2026-02-19 17:00:00+00:00,G008,gas,0,1790653372.726308,1790653374.001328,1790653374.008055
2026-02-19 17:00:00+00:00,G002,gas,0,1790653372.726348,1790653374.001328,1790653374.008055
2026-02-19 17:00:00+00:00,E008,electricity,0,1790653372.726379,1790653374.001328,1790653374.008055
2026-02-19 17:00:00+00:00,E004,electricity,0,1790653372.726406,1790653374.001328,1790653374.008055
2026-02-19 17:00:00+00:00,G007,gas,0,1790653372.726432,1790653374.001328,1790653374.008055
2026-02-19 17:00:00+00:00,E001,electricity,0,1790653372.726457,1790653374.001328,1790653374.008055
2026-02-19 17:00:00+00:00,E000,electricity,0,1790653372.726481,1790653374.001328,1790653374.008055
2026-02-19 17:00:00+00:00,G005,gas,0,1790653372.726503,1790653374.001328,1790653374.008055
2026-02-19 17:00:00+00:00,G003,gas,0,1790653372.726526,1790653374.001328,1790653374.008055
2026-02-19 17:00:00+00:00,G000,gas,0,1790653372.726556,1790653374.001328,1790653374.008055
2026-02-19 17:00:00+00:00,E005,electricity,0,1790653372.726580,1790653374.001328,1790653374.008055
2026-02-19 17:00:00+00:00,E002,electricity,0,1790653372.726603,1790653374.001328,1790653374.008055
2026-02-19 17:00:00+00:00,E003,electricity,0,1790653372.726625,1790653374.001328,1790653374.008055
2026-02-19 17:00:00+00:00,G001,gas,0,1790653372.726649,1790653374.001328,1790653374.008055
2026-02-19 17:00:00+00:00,G006,gas,0,1790653372.726671,1790653374.001328,1790653374.008055
2026-02-19 17:00:00+00:00,E007,electricity,0,1790653372.726694,1790653374.001328,1790653374.008055
2026-02-19 17:00:00+00:00,G004,gas,0,1790653372.726717,1790653374.001328,1790653374.008055
2026-02-19 17:00:00+00:00,G009,gas,0,1790653372.726740,1790653374.001328,1790653374.008055
2026-02-19 17:00:00+00:00,E009,electricity,0,1790653372.726762,1790653374.001328,1790653374.008055
2026-02-19 16:45:00+00:00,W007,water,0,1790653372.763488,1790653374.001328,1790653374.008055
2026-02-19 16:30:00+00:00,W000,water,0,1790653372.814010,1790653374.001328,1790653374.008055
2026-02-19 16:45:00+00:00,W006,water,1,1790653372.820656,1790653374.001328,1790653374.008055
2026-02-19 16:45:00+00:00,W004,water,0,1790653372.906223,1790653374.001328,1790653374.008055
2026-02-19 16:30:00+00:00,W009,water,0,1790653372.946787,1790653374.001328,1790653374.008055
2026-02-19 16:45:00+00:00,W005,water,0,1790653372.951211,1790653374.001328,1790653374.008055
2026-02-19 16:45:00+00:00,W008,water,1,1790653373.016784,1790653374.001328,1790653374.008055
2026-02-19 16:45:00+00:00,W003,water,0,1790653373.023980,1790653374.001328,1790653374.008055
2026-02-19 16:45:00+00:00,W002,water,0,1790653373.213440,1790653374.001328,1790653374.008055
2026-02-19 17:15:00+00:00,E001,electricity,0,1790653373.227066,1790653374.775571,1790653374.782308
2026-02-19 17:15:00+00:00,E008,electricity,0,1790653373.227217,1790653374.775571,1790653374.782308
2026-02-19 17:15:00+00:00,E009,electricity,1,1790653373.227258,1790653374.775571,1790653374.782308
2026-02-19 17:15:00+00:00,E003,electricity,0,1790653373.227290,1790653374.775571,1790653374.782308
2026-02-19 17:15:00+00:00,E002,electricity,0,1790653373.227316,1790653374.775571,1790653374.782308
2026-02-19 17:15:00+00:00,E004,electricity,0,1790653373.227350,1790653374.775571,1790653374.782308
2026-02-19 17:15:00+00:00,E007,electricity,0,1790653373.227374,1790653374.775571,1790653374.782308
2026-02-19 17:15:00+00:00,E006,electricity,0,1790653373.227397,1790653374.775571,1790653374.782308
2026-02-19 17:15:00+00:00,E000,electricity,0,1790653373.227421,1790653374.775571,1790653374.782308
2026-02-19 17:15:00+00:00,E005,electricity,0,1790653373.227444,1790653374.775571,1790653374.782308
2026-02-19 17:00:00+00:00,W000,water,0,1790653373.250106,1790653374.775571,1790653374.782308
2026-02-19 17:00:00+00:00,W007,water,0,1790653373.252873,1790653374.775571,1790653374.782308
2026-02-19 17:00:00+00:00,W006,water,0,1790653373.261216,1790653374.775571,1790653374.782308
2026-02-19 16:45:00+00:00,W001,water,0,1790653373.271770,1790653374.775571,1790653374.782308
2026-02-19 17:00:00+00:00,W004,water,0,1790653373.435118,1790653374.775571,1790653374.782308
2026-02-19 17:30:00+00:00,E001,electricity,1,1790653373.726225,1790653374.775571,1790653374.782308
2026-02-19 17:30:00+00:00,E006,electricity,0,1790653373.726434,1790653374.775571,1790653374.782308
2026-02-19 17:30:00+00:00,E005,electricity,0,1790653373.726510,1790653374.775571,1790653374.782308
2026-02-19 17:30:00+00:00,E003,electricity,0,1790653373.726544,1790653374.775571,1790653374.782308
2026-02-19 17:30:00+00:00,E009,electricity,1,1790653373.726571,1790653374.775571,1790653374.782308
2026-02-19 17:30:00+00:00,E000,electricity,0,1790653373.726599,1790653374.775571,1790653374.782308
2026-02-19 17:30:00+00:00,E007,electricity,1,1790653373.726624,1790653374.775571,1790653374.782308
2026-02-19 17:30:00+00:00,E002,electricity,0,1790653373.726647,1790653374.775571,1790653374.782308
2026-02-19 17:30:00+00:00,E004,electricity,0,1790653373.726671,1790653374.775571,1790653374.782308
2026-02-19 17:30:00+00:00,E008,electricity,0,1790653373.726696,1790653374.775571,1790653374.782308
2026-02-19 17:00:00+00:00,W005,water,0,1790653373.743988,1790653374.775571,1790653374.782308
2026-02-19 17:00:00+00:00,W009,water,0,1790653373.754541,1790653374.775571,1790653374.782308
2026-02-19 17:00:00+00:00,W008,water,0,1790653373.755088,1790653374.775571,1790653374.782308
2026-02-19 17:00:00+00:00,W003,water,0,1790653373.875653,1790653374.775571,1790653374.782308
2026-02-19 17:00:00+00:00,W002,water,0,1790653373.918994,1790653374.775571,1790653374.782308
2026-02-19 17:15:00+00:00,W007,water,0,1790653373.925650,1790653374.775571,1790653374.782308
2026-02-19 17:15:00+00:00,W000,water,0,1790653374.007342,1790653375.537999,1790653375.544898
2026-02-19 17:15:00+00:00,W001,water,0,1790653374.071768,1790653375.537999,1790653375.544898
2026-02-19 17:15:00+00:00,W006,water,0,1790653374.087895,1790653375.537999,1790653375.544898
2026-02-19 17:15:00+00:00,W004,water,0,1790653374.139490,1790653375.537999,1790653375.544898
2026-02-19 17:45:00+00:00,E008,electricity,0,1790653374.226217,1790653375.537999,1790653375.544898
2026-02-19 17:45:00+00:00,E006,electricity,0,1790653374.226388,1790653375.537999,1790653375.544898
2026-02-19 17:45:00+00:00,E000,electricity,0,1790653374.226429,1790653375.537999,1790653375.544898
2026-02-19 17:45:00+00:00,E001,electricity,0,1790653374.226458,1790653375.537999,1790653375.544898
2026-02-19 17:45:00+00:00,E004,electricity,0,1790653374.226484,1790653375.537999,1790653375.544898
2026-02-19 17:45:00+00:00,E007,electricity,0,1790653374.226510,1790653375.537999,1790653375.544898
2026-02-19 17:45:00+00:00,E005,electricity,0,1790653374.226535,1790653375.537999,1790653375.544898
2026-02-19 17:45:00+00:00,E003,electricity,0,1790653374.226558,1790653375.537999,1790653375.544898
2026-02-19 17:45:00+00:00,E009,electricity,0,1790653374.226582,1790653375.537999,1790653375.544898
2026-02-19 17:45:00+00:00,E002,electricity,1,1790653374.226606,1790653375.537999,1790653375.544898
2026-02-19 17:30:00+00:00,W006,water,0,1790653374.270652,1790653375.537999,1790653375.544898
2026-02-19 17:30:00+00:00,W005,water,0,1790653374.458463,1790653375.537999,1790653375.544898
2026-02-19 17:30:00+00:00,W007,water,0,1790653374.722884,1790653375.537999,1790653375.544898
2026-02-19 18:00:00+00:00,E007,electricity,0,1790653374.726199,1790653375.537999,1790653375.544898
2026-02-19 18:00:00+00:00,G006,gas,0,1790653374.726266,1790653375.537999,1790653375.544898
2026-02-19 18:00:00+00:00,G007,gas,0,1790653374.726299,1790653375.537999,1790653375.544898
2026-02-19 18:00:00+00:00,E009,electricity,0,1790653374.726326,1790653375.537999,1790653375.544898
2026-02-19 18:00:00+00:00,E005,electricity,0,1790653374.726352,1790653375.537999,1790653375.544898
2026-02-19 18:00:00+00:00,G001,gas,0,1790653374.726377,1790653375.537999,1790653375.544898
2026-02-19 18:00:00+00:00,G002,gas,0,1790653374.726400,1790653375.537999,1790653375.544898
2026-02-19 18:00:00+00:00,G003,gas,0,1790653374.726424,1790653375.537999,1790653375.544898
2026-02-19 18:00:00+00:00,G000,gas,0,1790653374.726447,1790653375.537999,1790653375.544898
2026-02-19 18:00:00+00:00,E001,electricity,0,1790653374.726472,1790653375.537999,1790653375.544898
2026-02-19 18:00:00+00:00,E008,electricity,0,1790653374.726496,1790653375.537999,1790653375.544898
2026-02-19 18:00:00+00:00,E002,electricity,0,1790653374.726519,1790653375.537999,1790653375.544898
2026-02-19 18:00:00+00:00,G009,gas,0,1790653374.726542,1790653375.537999,1790653375.544898
2026-02-19 18:00:00+00:00,E003,electricity,0,1790653374.726565,1790653375.537999,1790653375.544898
2026-02-19 18:00:00+00:00,G004,gas,0,1790653374.726589,1790653375.537999,1790653375.544898
2026-02-19 18:00:00+00:00,G008,gas,1,1790653374.726613,1790653375.537999,1790653375.544898
2026-02-19 18:00:00+00:00,E000,electricity,0,1790653374.726636,1790653375.537999,1790653375.544898
2026-02-19 18:00:00+00:00,E006,electricity,0,1790653374.726659,1790653375.537999,1790653375.544898
2026-02-19 18:00:00+00:00,E004,electricity,0,1790653374.726682,1790653375.537999,1790653375.544898
2026-02-19 18:00:00+00:00,G005,gas,0,1790653374.726704,1790653375.537999,1790653375.544898
2026-02-19 17:30:00+00:00,W009,water,0,1790653374.764545,1790653375.537999,1790653375.544898
2026-02-19 17:30:00+00:00,W002,water,0,1790653374.785662,1790653376.160162,1790653376.163993
2026-02-19 17:30:00+00:00,W001,water,0,1790653374.792313,1790653376.160162,1790653376.163993
2026-02-19 17:45:00+00:00,W005,water,0,1790653374.853440,1790653376.160162,1790653376.163993
2026-02-19 17:30:00+00:00,W003,water,0,1790653374.870093,1790653376.160162,1790653376.163993
2026-02-19 17:30:00+00:00,W000,water,0,1790653374.960104,1790653376.160162,1790653376.163993
2026-02-19 17:30:00+00:00,W004,water,0,1790653375.020100,1790653376.160162,1790653376.163993
2026-02-19 17:30:00+00:00,W008,water,0,1790653375.040092,1790653376.160162,1790653376.163993
2026-02-19 17:45:00+00:00,W006,water,0,1790653375.219536,1790653376.160162,1790653376.163993
2026-02-19 18:15:00+00:00,E007,electricity,0,1790653375.226207,1790653376.160162,1790653376.163993
2026-02-19 18:15:00+00:00,E002,electricity,0,1790653375.226306,1790653376.160162,1790653376.163993
2026-02-19 18:15:00+00:00,E001,electricity,0,1790653375.226347,1790653376.160162,1790653376.163993
2026-02-19 18:15:00+00:00,E005,electricity,0,1790653375.226379,1790653376.160162,1790653376.163993
2026-02-19 18:15:00+00:00,E004,electricity,0,1790653375.226409,1790653376.160162,1790653376.163993
2026-02-19 18:15:00+00:00,E006,electricity,0,1790653375.226434,1790653376.160162,1790653376.163993
2026-02-19 18:15:00+00:00,E009,electricity,0,1790653375.226458,1790653376.160162,1790653376.163993
2026-02-19 18:15:00+00:00,E003,electricity,0,1790653375.226482,1790653376.160162,1790653376.163993
2026-02-19 18:15:00+00:00,E008,electricity,0,1790653375.226506,1790653376.160162,1790653376.163993
2026-02-19 18:15:00+00:00,E000,electricity,0,1790653375.226530,1790653376.160162,1790653376.163993
2026-02-19 18:00:00+00:00,W004,water,0,1790653375.268980,1790653376.160162,1790653376.163993
2026-02-19 18:00:00+00:00,W001,water,0,1790653375.275642,1790653376.160162,1790653376.163993
2026-02-19 17:45:00+00:00,W007,water,0,1790653375.305091,1790653376.160162,1790653376.163993
2026-02-19 18:00:00+00:00,W005,water,0,1790653375.337314,1790653376.160162,1790653376.163993
2026-02-19 18:00:00+00:00,W009,water,0,1790653375.371755,1790653376.160162,1790653376.163993
2026-02-19 18:00:00+00:00,W000,water,0,1790653375.635091,1790653376.766746,1790653376.769981
2026-02-19 18:30:00+00:00,E008,electricity,0,1790653375.726205,1790653376.766746,1790653376.769981
2026-02-19 18:30:00+00:00,E002,electricity,0,1790653375.726322,1790653376.766746,1790653376.769981
2026-02-19 18:30:00+00:00,E000,electricity,0,1790653375.726363,1790653376.766746,1790653376.769981
2026-02-19 18:30:00+00:00,E003,electricity,0,1790653375.726393,1790653376.766746,1790653376.769981
2026-02-19 18:30:00+00:00,E001,electricity,0,1790653375.726419,1790653376.766746,1790653376.769981
2026-02-19 18:30:00+00:00,E005,electricity,0,1790653375.726444,1790653376.766746,1790653376.769981
2026-02-19 18:30:00+00:00,E006,electricity,0,1790653375.726468,1790653376.766746,1790653376.769981
2026-02-19 18:30:00+00:00,E009,electricity,0,1790653375.726491,1790653376.766746,1790653376.769981
2026-02-19 18:30:00+00:00,E007,electricity,0,1790653375.726514,1790653376.766746,1790653376.769981
2026-02-19 18:30:00+00:00,E004,electricity,0,1790653375.726537,1790653376.766746,1790653376.769981
2026-02-19 18:00:00+00:00,W003,water,0,1790653375.800093,1790653376.766746,1790653376.769981
2026-02-19 18:00:00+00:00,W008,water,0,1790653375.810645,1790653376.766746,1790653376.769981
2026-02-19 18:15:00+00:00,W001,water,0,1790653375.817868,1790653376.766746,1790653376.769981
2026-02-19 18:00:00+00:00,W006,water,0,1790653375.945578,1790653376.766746,1790653376.769981
2026-02-19 18:15:00+00:00,W004,water,0,1790653376.015104,1790653376.766746,1790653376.769981
2026-02-19 18:15:00+00:00,W005,water,0,1790653376.045640,1790653376.766746,1790653376.769981
2026-02-19 18:00:00+00:00,W002,water,0,1790653376.066202,1790653376.766746,1790653376.769981
2026-02-19 18:15:00+00:00,W007,water,0,1790653376.196207,1790653377.509988,1790653377.516148
2026-02-19 18:45:00+00:00,E009,electricity,0,1790653376.226203,1790653377.509988,1790653377.516148
2026-02-19 18:45:00+00:00,E005,electricity,0,1790653376.226301,1790653377.509988,1790653377.516148
2026-02-19 18:45:00+00:00,E001,electricity,1,1790653376.226341,1790653377.509988,1790653377.516148
2026-02-19 18:45:00+00:00,E006,electricity,0,1790653376.226369,1790653377.509988,1790653377.516148
2026-02-19 18:45:00+00:00,E007,electricity,0,1790653376.226395,1790653377.509988,1790653377.516148
2026-02-19 18:45:00+00:00,E008,electricity,0,1790653376.226420,1790653377.509988,1790653377.516148
2026-02-19 18:45:00+00:00,E004,electricity,0,1790653376.226444,1790653377.509988,1790653377.516148
2026-02-19 18:45:00+00:00,E003,electricity,0,1790653376.226468,1790653377.509988,1790653377.516148
2026-02-19 18:45:00+00:00,E000,electricity,0,1790653376.226491,1790653377.509988,1790653377.516148
2026-02-19 18:45:00+00:00,E002,electricity,0,1790653376.226515,1790653377.509988,1790653377.516148
2026-02-19 18:30:00+00:00,W008,water,0,1790653376.257313,1790653377.509988,1790653377.516148
2026-02-19 18:30:00+00:00,W004,water,0,1790653376.259494,1790653377.509988,1790653377.516148
2026-02-19 18:15:00+00:00,W000,water,0,1790653376.319503,1790653377.509988,1790653377.516148
2026-02-19 18:15:00+00:00,W009,water,0,1790653376.513995,1790653377.509988,1790653377.516148
2026-02-19 18:30:00+00:00,W007,water,0,1790653376.686762,1790653377.509988,1790653377.516148
2026-02-19 18:30:00+00:00,W001,water,0,1790653376.700647,1790653377.509988,1790653377.516148
2026-02-19 19:00:00+00:00,G005,gas,0,1790653376.726205,1790653377.509988,1790653377.516148
2026-02-19 19:00:00+00:00,E001,electricity,0,1790653376.726318,1790653377.509988,1790653377.516148
2026-02-19 19:00:00+00:00,E006,electricity,0,1790653376.726357,1790653377.509988,1790653377.516148
2026-02-19 19:00:00+00:00,E008,electricity,0,1790653376.726388,1790653377.509988,1790653377.516148
2026-02-19 19:00:00+00:00,E005,electricity,0,1790653376.726414,1790653377.509988,1790653377.516148
2026-02-19 19:00:00+00:00,G008,gas,0,1790653376.726447,1790653377.509988,1790653377.516148
2026-02-19 19:00:00+00:00,G004,gas,0,1790653376.726473,1790653377.509988,1790653377.516148
2026-02-19 19:00:00+00:00,G009,gas,0,1790653376.726497,1790653377.509988,1790653377.516148
2026-02-19 19:00:00+00:00,E000,electricity,0,1790653376.726520,1790653377.509988,1790653377.516148
2026-02-19 19:00:00+00:00,E007,electricity,0,1790653376.726544,1790653377.509988,1790653377.516148
2026-02-19 19:00:00+00:00,E003,electricity,0,1790653376.726567,1790653377.509988,1790653377.516148
2026-02-19 19:00:00+00:00,G006,gas,0,1790653376.726590,1790653377.509988,1790653377.516148
2026-02-19 19:00:00+00:00,E004,electricity,0,1790653376.726613,1790653377.509988,1790653377.516148
2026-02-19 19:00:00+00:00,G002,gas,0,1790653376.726635,1790653377.509988,1790653377.516148
2026-02-19 19:00:00+00:00,E002,electricity,0,1790653376.726658,1790653377.509988,1790653377.516148
2026-02-19 19:00:00+00:00,E009,electricity,0,1790653376.726680,1790653377.509988,1790653377.516148
2026-02-19 19:00:00+00:00,G007,gas,0,1790653376.726702,1790653377.509988,1790653377.516148
2026-02-19 19:00:00+00:00,G000,gas,0,1790653376.726725,1790653377.509988,1790653377.516148
2026-02-19 19:00:00+00:00,G001,gas,0,1790653376.726748,1790653377.509988,1790653377.516148
2026-02-19 19:00:00+00:00,G003,gas,0,1790653376.726770,1790653377.509988,1790653377.516148
2026-02-19 18:30:00+00:00,W002,water,0,1790653376.771358,1790653378.186924,1790653378.190292
2026-02-19 18:45:00+00:00,W004,water,0,1790653376.805094,1790653378.186924,1790653378.190292
2026-02-19 18:30:00+00:00,W005,water,0,1790653376.887329,1790653378.186924,1790653378.190292
2026-02-19 18:30:00+00:00,W003,water,0,1790653376.897875,1790653378.186924,1790653378.190292
2026-02-19 18:45:00+00:00,W007,water,0,1790653376.920645,1790653378.186924,1790653378.190292
2026-02-19 18:30:00+00:00,W006,water,0,1790653376.938424,1790653378.186924,1790653378.190292
2026-02-19 18:45:00+00:00,W000,water,0,1790653377.120659,1790653378.186924,1790653378.190292
2026-02-19 18:45:00+00:00,W008,water,0,1790653377.173433,1790653378.186924,1790653378.190292
2026-02-19 19:15:00+00:00,E009,electricity,0,1790653377.226210,1790653378.186924,1790653378.190292
2026-02-19 19:15:00+00:00,E000,electricity,0,1790653377.226382,1790653378.186924,1790653378.190292
2026-02-19 19:15:00+00:00,E006,electricity,0,1790653377.226423,1790653378.186924,1790653378.190292
2026-02-19 19:15:00+00:00,E002,electricity,0,1790653377.226453,1790653378.186924,1790653378.190292
2026-02-19 19:15:00+00:00,E008,electricity,0,1790653377.226479,1790653378.186924,1790653378.190292
2026-02-19 19:15:00+00:00,E007,electricity,0,1790653377.226505,1790653378.186924,1790653378.190292
2026-02-19 19:15:00+00:00,E001,electricity,0,1790653377.226529,1790653378.186924,1790653378.190292
2026-02-19 19:15:00+00:00,E003,electricity,0,1790653377.226552,1790653378.186924,1790653378.190292
2026-02-19 19:15:00+00:00,E005,electricity,0,1790653377.226575,1790653378.186924,1790653378.190292
2026-02-19 19:15:00+00:00,E004,electricity,0,1790653377.226597,1790653378.186924,1790653378.190292
2026-02-19 19:00:00+00:00,W005,water,0,1790653377.272873,1790653378.186924,1790653378.190292
2026-02-19 18:45:00+00:00,W009,water,0,1790653377.300093,1790653378.186924,1790653378.190292
2026-02-19 19:00:00+00:00,W004,water,0,1790653377.319489,1790653378.186924,1790653378.190292
2026-02-19 19:00:00+00:00,W003,water,0,1790653377.511773,1790653378.797561,1790653378.801208
2026-02-19 18:45:00+00:00,W001,water,0,1790653377.621202,1790653378.797561,1790653378.801208
2026-02-19 19:00:00+00:00,W002,water,0,1790653377.680651,1790653378.797561,1790653378.801208
2026-02-19 19:30:00+00:00,E001,electricity,0,1790653377.726206,1790653378.797561,1790653378.801208
2026-02-19 19:30:00+00:00,E007,electricity,0,1790653377.726316,1790653378.797561,1790653378.801208
2026-02-19 19:30:00+00:00,E004,electricity,0,1790653377.726357,1790653378.797561,1790653378.801208
2026-02-19 19:30:00+00:00,E008,electricity,0,1790653377.726386,1790653378.797561,1790653378.801208
2026-02-19 19:30:00+00:00,E000,electricity,0,1790653377.726413,1790653378.797561,1790653378.801208
2026-02-19 19:30:00+00:00,E003,electricity,0,1790653377.726436,1790653378.797561,1790653378.801208
2026-02-19 19:30:00+00:00,E002,electricity,0,1790653377.726460,1790653378.797561,1790653378.801208
2026-02-19 19:30:00+00:00,E009,electricity,0,1790653377.726483,1790653378.797561,1790653378.801208
2026-02-19 19:30:00+00:00,E006,electricity,0,1790653377.726506,1790653378.797561,1790653378.801208
2026-02-19 19:30:00+00:00,E005,electricity,0,1790653377.726529,1790653378.797561,1790653378.801208
2026-02-19 19:00:00+00:00,W008,water,0,1790653377.727862,1790653378.797561,1790653378.801208
2026-02-19 19:00:00+00:00,W007,water,0,1790653377.840092,1790653378.797561,1790653378.801208
2026-02-19 19:00:00+00:00,W006,water,0,1790653377.857312,1790653378.797561,1790653378.801208
2026-02-19 19:15:00+00:00,W005,water,0,1790653377.865096,1790653378.797561,1790653378.801208
2026-02-19 19:15:00+00:00,W004,water,0,1790653377.965661,1790653378.797561,1790653378.801208
2026-02-19 19:00:00+00:00,W000,water,0,1790653377.979498,1790653378.797561,1790653378.801208
2026-02-19 19:15:00+00:00,W009,water,0,1790653378.008425,1790653378.797561,1790653378.801208
2026-02-19 19:15:00+00:00,W002,water,0,1790653378.046758,1790653378.797561,1790653378.801208
2026-02-19 19:15:00+00:00,W003,water,0,1790653378.171795,1790653378.797561,1790653378.801208
2026-02-19 19:45:00+00:00,E008,electricity,0,1790653378.226222,1790653379.563441,1790653379.572289
2026-02-19 19:45:00+00:00,E009,electricity,0,1790653378.226416,1790653379.563441,1790653379.572289
2026-02-19 19:45:00+00:00,E002,electricity,0,1790653378.226461,1790653379.563441,1790653379.572289
2026-02-19 19:45:00+00:00,E007,electricity,0,1790653378.226493,1790653379.563441,1790653379.572289
2026-02-19 19:45:00+00:00,E005,electricity,0,1790653378.226521,1790653379.563441,1790653379.572289
2026-02-19 19:45:00+00:00,E001,electricity,0,1790653378.226546,1790653379.563441,1790653379.572289
2026-02-19 19:45:00+00:00,E004,electricity,0,1790653378.226570,1790653379.563441,1790653379.572289
2026-02-19 19:45:00+00:00,E000,electricity,0,1790653378.226593,1790653379.563441,1790653379.572289
2026-02-19 19:45:00+00:00,E006,electricity,0,1790653378.226617,1790653379.563441,1790653379.572289
2026-02-19 19:45:00+00:00,E003,electricity,0,1790653378.226641,1790653379.563441,1790653379.572289
2026-02-19 19:30:00+00:00,W005,water,0,1790653378.277324,1790653379.563441,1790653379.572289
2026-02-19 19:30:00+00:00,W008,water,0,1790653378.329561,1790653379.563441,1790653379.572289
2026-02-19 19:30:00+00:00,W007,water,1,1790653378.377880,1790653379.563441,1790653379.572289
2026-02-19 19:30:00+00:00,W002,water,1,1790653378.487869,1790653379.563441,1790653379.572289
2026-02-19 19:15:00+00:00,W001,water,0,1790653378.490085,1790653379.563441,1790653379.572289
2026-02-19 19:30:00+00:00,W004,water,0,1790653378.538424,1790653379.563441,1790653379.572289
2026-02-19 19:30:00+00:00,W006,water,0,1790653378.608981,1790653379.563441,1790653379.572289
2026-02-19 19:30:00+00:00,W000,water,0,1790653378.630645,1790653379.563441,1790653379.572289
2026-02-19 19:30:00+00:00,W009,water,0,1790653378.713979,1790653379.563441,1790653379.572289
2026-02-19 20:00:00+00:00,E009,electricity,0,1790653378.726198,1790653379.563441,1790653379.572289
2026-02-19 20:00:00+00:00,G001,gas,0,1790653378.726288,1790653379.563441,1790653379.572289
2026-02-19 20:00:00+00:00,E006,electricity,0,1790653378.726325,1790653379.563441,1790653379.572289
2026-02-19 20:00:00+00:00,G005,gas,0,1790653378.726355,1790653379.563441,1790653379.572289
2026-02-19 20:00:00+00:00,G009,gas,0,1790653378.726382,1790653379.563441,1790653379.572289
2026-02-19 20:00:00+00:00,G003,gas,1,1790653378.726408,1790653379.563441,1790653379.572289
2026-02-19 20:00:00+00:00,E000,electricity,0,1790653378.726433,1790653379.563441,1790653379.572289
2026-02-19 20:00:00+00:00,E003,electricity,0,1790653378.726457,1790653379.563441,1790653379.572289
2026-02-19 20:00:00+00:00,E005,electricity,0,1790653378.726481,1790653379.563441,1790653379.572289
2026-02-19 20:00:00+00:00,G006,gas,0,1790653378.726505,1790653379.563441,1790653379.572289
2026-02-19 20:00:00+00:00,E002,electricity,0,1790653378.726528,1790653379.563441,1790653379.572289
2026-02-19 20:00:00+00:00,E001,electricity,0,1790653378.726551,1790653379.563441,1790653379.572289
2026-02-19 20:00:00+00:00,E007,electricity,0,1790653378.726575,1790653379.563441,1790653379.572289
2026-02-19 20:00:00+00:00,E004,electricity,0,1790653378.726597,1790653379.563441,1790653379.572289
2026-02-19 20:00:00+00:00,G002,gas,0,1790653378.726620,1790653379.563441,1790653379.572289
2026-02-19 20:00:00+00:00,G008,gas,0,1790653378.726643,1790653379.563441,1790653379.572289
2026-02-19 20:00:00+00:00,E008,electricity,0,1790653378.726667,1790653379.563441,1790653379.572289
2026-02-19 20:00:00+00:00,G000,gas,0,1790653378.726690,1790653379.563441,1790653379.572289
2026-02-19 20:00:00+00:00,G004,gas,1,1790653378.726713,1790653379.563441,1790653379.572289
2026-02-19 20:00:00+00:00,G007,gas,0,1790653378.726735,1790653379.563441,1790653379.572289
2026-02-19 19:45:00+00:00,W007,water,0,1790653378.735643,1790653379.563441,1790653379.572289
2026-02-19 19:45:00+00:00,W001,water,0,1790653378.738431,1790653379.563441,1790653379.572289
2026-02-19 19:30:00+00:00,W003,water,0,1790653378.793996,1790653379.563441,1790653379.572289
2026-02-19 19:45:00+00:00,W005,water,0,1790653378.813988,1790653380.170631,1790653380.173739
2026-02-19 19:45:00+00:00,W006,water,0,1790653379.043983,1790653380.170631,1790653380.173739
2026-02-19 19:45:00+00:00,W000,water,0,1790653379.176208,1790653380.170631,1790653380.173739
2026-02-19 19:45:00+00:00,W004,water,0,1790653379.190093,1790653380.170631,1790653380.173739
2026-02-19 20:15:00+00:00,E004,electricity,0,1790653379.226213,1790653380.170631,1790653380.173739
2026-02-19 20:15:00+00:00,E007,electricity,0,1790653379.226375,1790653380.170631,1790653380.173739
2026-02-19 20:15:00+00:00,E002,electricity,0,1790653379.226418,1790653380.170631,1790653380.173739
2026-02-19 20:15:00+00:00,E008,electricity,0,1790653379.226448,1790653380.170631,1790653380.173739
2026-02-19 20:15:00+00:00,E000,electricity,0,1790653379.226475,1790653380.170631,1790653380.173739
2026-02-19 20:15:00+00:00,E006,electricity,0,1790653379.226500,1790653380.170631,1790653380.173739
2026-02-19 20:15:00+00:00,E003,electricity,0,1790653379.226524,1790653380.170631,1790653380.173739
2026-02-19 20:15:00+00:00,E001,electricity,0,1790653379.226547,1790653380.170631,1790653380.173739
2026-02-19 20:15:00+00:00,E009,electricity,0,1790653379.226571,1790653380.170631,1790653380.173739
2026-02-19 20:15:00+00:00,E005,electricity,0,1790653379.226593,1790653380.170631,1790653380.173739
2026-02-19 19:45:00+00:00,W002,water,0,1790653379.235647,1790653380.170631,1790653380.173739
2026-02-19 20:00:00+00:00,W001,water,0,1790653379.255091,1790653380.170631,1790653380.173739
2026-02-19 20:00:00+00:00,W007,water,0,1790653379.272314,1790653380.170631,1790653380.173739
2026-02-19 19:45:00+00:00,W009,water,0,1790653379.358443,1790653380.170631,1790653380.173739
2026-02-19 20:00:00+00:00,W000,water,0,1790653379.423997,1790653380.170631,1790653380.173739
2026-02-19 20:00:00+00:00,W005,water,0,1790653379.492329,1790653380.170631,1790653380.173739
2026-02-19 20:00:00+00:00,W006,water,0,1790653379.600094,1790653380.766167,1790653380.770628
2026-02-19 19:45:00+00:00,W008,water,0,1790653379.640099,1790653380.766167,1790653380.770628
2026-02-19 20:00:00+00:00,W003,water,0,1790653379.722341,1790653380.766167,1790653380.770628
2026-02-19 20:30:00+00:00,E003,electricity,0,1790653379.726197,1790653380.766167,1790653380.770628
2026-02-19 20:30:00+00:00,E009,electricity,0,1790653379.726250,1790653380.766167,1790653380.770628
2026-02-19 20:30:00+00:00,E006,electricity,0,1790653379.726283,1790653380.766167,1790653380.770628
2026-02-19 20:30:00+00:00,E005,electricity,0,1790653379.726309,1790653380.766167,1790653380.770628
2026-02-19 20:30:00+00:00,E004,electricity,0,1790653379.726335,1790653380.766167,1790653380.770628
2026-02-19 20:30:00+00:00,E001,electricity,0,1790653379.726359,1790653380.766167,1790653380.770628
2026-02-19 20:30:00+00:00,E002,electricity,0,1790653379.726383,1790653380.766167,1790653380.770628
2026-02-19 20:30:00+00:00,E000,electricity,0,1790653379.726406,1790653380.766167,1790653380.770628
2026-02-19 20:30:00+00:00,E007,electricity,0,1790653379.726429,1790653380.766167,1790653380.770628
2026-02-19 20:30:00+00:00,E008,electricity,0,1790653379.726453,1790653380.766167,1790653380.770628
2026-02-19 20:15:00+00:00,W001,water,1,1790653379.767874,1790653380.766167,1790653380.770628
2026-02-19 20:00:00+00:00,W004,water,0,1790653380.068441,1790653380.766167,1790653380.770628
2026-02-19 20:15:00+00:00,W008,water,1,1790653380.075098,1790653380.766167,1790653380.770628
2026-02-19 20:15:00+00:00,W007,water,0,1790653380.207332,1790653381.522538,1790653381.527587
2026-02-19 20:45:00+00:00,E005,electricity,0,1790653380.226210,1790653381.522538,1790653381.527587
2026-02-19 20:45:00+00:00,E007,electricity,0,1790653380.226357,1790653381.522538,1790653381.527587
2026-02-19 20:45:00+00:00,E000,electricity,0,1790653380.226399,1790653381.522538,1790653381.527587
2026-02-19 20:45:00+00:00,E004,electricity,0,1790653380.226429,1790653381.522538,1790653381.527587
2026-02-19 20:45:00+00:00,E002,electricity,0,1790653380.226457,1790653381.522538,1790653381.527587
2026-02-19 20:45:00+00:00,E006,electricity,0,1790653380.226481,1790653381.522538,1790653381.527587
2026-02-19 20:45:00+00:00,E008,electricity,0,1790653380.226505,1790653381.522538,1790653381.527587
2026-02-19 20:45:00+00:00,E009,electricity,0,1790653380.226529,1790653381.522538,1790653381.527587
2026-02-19 20:45:00+00:00,E003,electricity,0,1790653380.226552,1790653381.522538,1790653381.527587
2026-02-19 20:45:00+00:00,E001,electricity,0,1790653380.226576,1790653381.522538,1790653381.527587
2026-02-19 20:15:00+00:00,W000,water,0,1790653380.236209,1790653381.522538,1790653381.527587
2026-02-19 20:15:00+00:00,W005,water,0,1790653380.281763,1790653381.522538,1790653381.527587
2026-02-19 20:15:00+00:00,W006,water,0,1790653380.281906,1790653381.522538,1790653381.527587
2026-02-19 20:15:00+00:00,W009,water,0,1790653380.302314,1790653381.522538,1790653381.527587
2026-02-19 20:15:00+00:00,W003,water,0,1790653380.340095,1790653381.522538,1790653381.527587
2026-02-19 20:30:00+00:00,W008,water,0,1790653380.568983,1790653381.522538,1790653381.527587
2026-02-19 20:30:00+00:00,W001,water,0,1790653380.625087,1790653381.522538,1790653381.527587
2026-02-19 20:15:00+00:00,W002,water,0,1790653380.672873,1790653381.522538,1790653381.527587
2026-02-19 21:00:00+00:00,G007,gas,0,1790653380.726203,1790653381.522538,1790653381.527587
2026-02-19 21:00:00+00:00,G003,gas,0,1790653380.726304,1790653381.522538,1790653381.527587
2026-02-19 21:00:00+00:00,G006,gas,0,1790653380.726341,1790653381.522538,1790653381.527587
2026-02-19 21:00:00+00:00,G004,gas,0,1790653380.726372,1790653381.522538,1790653381.527587
2026-02-19 21:00:00+00:00,E000,electricity,0,1790653380.726399,1790653381.522538,1790653381.527587
2026-02-19 21:00:00+00:00,E007,electricity,0,1790653380.726425,1790653381.522538,1790653381.527587
2026-02-19 21:00:00+00:00,G008,gas,0,1790653380.726449,1790653381.522538,1790653381.527587
2026-02-19 21:00:00+00:00,G001,gas,0,1790653380.726474,1790653381.522538,1790653381.527587
2026-02-19 21:00:00+00:00,E004,electricity,0,1790653380.726498,1790653381.522538,1790653381.527587
2026-02-19 21:00:00+00:00,G009,gas,0,1790653380.726521,1790653381.522538,1790653381.527587
2026-02-19 21:00:00+00:00,E002,electricity,0,1790653380.726544,1790653381.522538,1790653381.527587
2026-02-19 21:00:00+00:00,G000,gas,0,1790653380.726566,1790653381.522538,1790653381.527587
2026-02-19 21:00:00+00:00,E009,electricity,0,1790653380.726588,1790653381.522538,1790653381.527587
2026-02-19 21:00:00+00:00,E008,electricity,0,1790653380.726611,1790653381.522538,1790653381.527587
2026-02-19 21:00:00+00:00,G005,gas,0,1790653380.726634,1790653381.522538,1790653381.527587
2026-02-19 21:00:00+00:00,G002,gas,0,1790653380.726658,1790653381.522538,1790653381.527587
2026-02-19 21:00:00+00:00,E005,electricity,0,1790653380.726681,1790653381.522538,1790653381.527587
2026-02-19 21:00:00+00:00,E003,electricity,0,1790653380.726704,1790653381.522538,1790653381.527587
2026-02-19 21:00:00+00:00,E006,electricity,0,1790653380.726727,1790653381.522538,1790653381.527587
2026-02-19 21:00:00+00:00,E001,electricity,0,1790653380.726750,1790653381.522538,1790653381.527587
2026-02-19 20:30:00+00:00,W004,water,0,1790653380.769573,1790653382.189683,1790653382.193114
2026-02-19 20:45:00+00:00,W000,water,0,1790653380.905669,1790653382.189683,1790653382.193114
2026-02-19 20:45:00+00:00,W005,water,0,1790653381.042337,1790653382.189683,1790653382.193114
2026-02-19 20:30:00+00:00,W007,water,0,1790653381.071772,1790653382.189683,1790653382.193114
2026-02-19 21:15:00+00:00,E009,electricity,0,1790653381.226216,1790653382.189683,1790653382.193114
2026-02-19 21:15:00+00:00,E001,electricity,0,1790653381.226385,1790653382.189683,1790653382.193114
2026-02-19 21:15:00+00:00,E004,electricity,0,1790653381.226428,1790653382.189683,1790653382.193114
2026-02-19 21:15:00+00:00,E007,electricity,0,1790653381.226468,1790653382.189683,1790653382.193114
2026-02-19 21:15:00+00:00,E006,electricity,0,1790653381.226495,1790653382.189683,1790653382.193114
2026-02-19 21:15:00+00:00,E002,electricity,0,1790653381.226520,1790653382.189683,1790653382.193114
2026-02-19 21:15:00+00:00,E003,electricity,0,1790653381.226544,1790653382.189683,1790653382.193114
2026-02-19 21:15:00+00:00,E005,electricity,0,1790653381.226569,1790653382.189683,1790653382.193114
2026-02-19 21:15:00+00:00,E000,electricity,0,1790653381.226592,1790653382.189683,1790653382.193114
2026-02-19 21:15:00+00:00,E008,electricity,0,1790653381.226616,1790653382.189683,1790653382.193114
2026-02-19 20:45:00+00:00,W008,water,0,1790653381.233429,1790653382.189683,1790653382.193114
2026-02-19 20:45:00+00:00,W006,water,0,1790653381.263422,1790653382.189683,1790653382.193114
2026-02-19 20:45:00+00:00,W001,water,0,1790653381.273421,1790653382.189683,1790653382.193114
2026-02-19 20:45:00+00:00,W009,water,0,1790653381.317313,1790653382.189683,1790653382.193114
2026-02-19 20:45:00+00:00,W003,water,0,1790653381.424535,1790653382.189683,1790653382.193114
2026-02-19 20:45:00+00:00,W002,water,0,1790653381.492319,1790653382.189683,1790653382.193114
2026-02-19 21:00:00+00:00,W005,water,0,1790653381.502313,1790653382.189683,1790653382.193114
2026-02-19 21:00:00+00:00,W004,water,0,1790653381.549544,1790653382.807373,1790653382.810338
2026-02-19 21:00:00+00:00,W007,water,0,1790653381.550647,1790653382.807373,1790653382.810338
2026-02-19 21:30:00+00:00,E008,electricity,0,1790653381.726206,1790653382.807373,1790653382.810338
2026-02-19 21:30:00+00:00,E004,electricity,0,1790653381.726318,1790653382.807373,1790653382.810338
2026-02-19 21:30:00+00:00,E002,electricity,0,1790653381.726358,1790653382.807373,1790653382.810338
2026-02-19 21:30:00+00:00,E009,electricity,0,1790653381.726388,1790653382.807373,1790653382.810338
2026-02-19 21:30:00+00:00,E003,electricity,0,1790653381.726413,1790653382.807373,1790653382.810338
2026-02-19 21:30:00+00:00,E006,electricity,0,1790653381.726438,1790653382.807373,1790653382.810338
2026-02-19 21:30:00+00:00,E000,electricity,0,1790653381.726461,1790653382.807373,1790653382.810338
2026-02-19 21:30:00+00:00,E005,electricity,0,1790653381.726485,1790653382.807373,1790653382.810338
2026-02-19 21:30:00+00:00,E001,electricity,0,1790653381.726509,1790653382.807373,1790653382.810338
2026-02-19 21:30:00+00:00,E007,electricity,0,1790653381.726533,1790653382.807373,1790653382.810338
2026-02-19 21:15:00+00:00,W009,water,0,1790653381.796204,1790653382.807373,1790653382.810338
2026-02-19 21:15:00+00:00,W005,water,0,1790653381.841208,1790653382.807373,1790653382.810338
2026-02-19 21:00:00+00:00,W000,water,0,1790653381.851202,1790653382.807373,1790653382.810338
2026-02-19 21:15:00+00:00,W003,water,0,1790653381.880091,1790653382.807373,1790653382.810338
2026-02-19 21:15:00+00:00,W006,water,0,1790653381.971787,1790653382.807373,1790653382.810338
2026-02-19 21:15:00+00:00,W001,water,0,1790653382.131780,1790653382.807373,1790653382.810338
2026-02-19 21:15:00+00:00,W004,water,0,1790653382.177895,1790653382.807373,1790653382.810338
2026-02-19 21:45:00+00:00,E004,electricity,0,1790653382.226236,1790653383.551709,1790653383.557966
2026-02-19 21:45:00+00:00,E007,electricity,0,1790653382.226434,1790653383.551709,1790653383.557966
2026-02-19 21:45:00+00:00,E001,electricity,0,1790653382.226512,1790653383.551709,1790653383.557966
2026-02-19 21:45:00+00:00,E000,electricity,0,1790653382.226563,1790653383.551709,1790653383.557966
2026-02-19 21:45:00+00:00,E003,electricity,0,1790653382.226610,1790653383.551709,1790653383.557966
2026-02-19 21:45:00+00:00,E002,electricity,0,1790653382.226655,1790653383.551709,1790653383.557966
2026-02-19 21:45:00+00:00,E005,electricity,0,1790653382.226699,1790653383.551709,1790653383.557966
2026-02-19 21:45:00+00:00,E006,electricity,0,1790653382.226738,1790653383.551709,1790653383.557966
2026-02-19 21:45:00+00:00,E009,electricity,0,1790653382.226778,1790653383.551709,1790653383.557966
2026-02-19 21:45:00+00:00,E008,electricity,0,1790653382.226819,1790653383.551709,1790653383.557966
2026-02-19 21:30:00+00:00,W006,water,0,1790653382.233464,1790653383.551709,1790653383.557966
2026-02-19 21:30:00+00:00,W009,water,0,1790653382.324017,1790653383.551709,1790653383.557966
2026-02-19 21:30:00+00:00,W001,water,0,1790653382.376228,1790653383.551709,1790653383.557966
2026-02-19 21:15:00+00:00,W007,water,0,1790653382.413513,1790653383.551709,1790653383.557966
2026-02-19 21:15:00+00:00,W008,water,0,1790653382.422339,1790653383.551709,1790653383.557966
2026-02-19 21:15:00+00:00,W002,water,0,1790653382.438448,1790653383.551709,1790653383.557966
2026-02-19 21:30:00+00:00,W000,water,0,1790653382.571781,1790653383.551709,1790653383.557966
2026-02-19 21:30:00+00:00,W003,water,0,1790653382.610115,1790653383.551709,1790653383.557966
2026-02-19 22:00:00+00:00,G000,gas,0,1790653382.726224,1790653383.551709,1790653383.557966
2026-02-19 22:00:00+00:00,E003,electricity,0,1790653382.726352,1790653383.551709,1790653383.557966
2026-02-19 22:00:00+00:00,G006,gas,0,1790653382.726427,1790653383.551709,1790653383.557966
2026-02-19 22:00:00+00:00,G009,gas,0,1790653382.726477,1790653383.551709,1790653383.557966
2026-02-19 22:00:00+00:00,E006,electricity,0,1790653382.726522,1790653383.551709,1790653383.557966
2026-02-19 22:00:00+00:00,E002,electricity,0,1790653382.726570,1790653383.551709,1790653383.557966
2026-02-19 22:00:00+00:00,E001,electricity,0,1790653382.726613,1790653383.551709,1790653383.557966
2026-02-19 22:00:00+00:00,G005,gas,0,1790653382.726655,1790653383.551709,1790653383.557966
2026-02-19 22:00:00+00:00,E009,electricity,0,1790653382.726696,1790653383.551709,1790653383.557966
2026-02-19 22:00:00+00:00,G004,gas,1,1790653382.726742,1790653383.551709,1790653383.557966
2026-02-19 22:00:00+00:00,G003,gas,0,1790653382.726786,1790653383.551709,1790653383.557966
2026-02-19 22:00:00+00:00,G008,gas,0,1790653382.726827,1790653383.551709,1790653383.557966
2026-02-19 22:00:00+00:00,E005,electricity,0,1790653382.726867,1790653383.551709,1790653383.557966
2026-02-19 22:00:00+00:00,G002,gas,1,1790653382.726910,1790653383.551709,1790653383.557966
2026-02-19 22:00:00+00:00,E000,electricity,0,1790653382.726954,1790653383.551709,1790653383.557966
2026-02-19 22:00:00+00:00,G007,gas,0,1790653382.726994,1790653383.551709,1790653383.557966
2026-02-19 22:00:00+00:00,G001,gas,0,1790653382.727035,1790653383.551709,1790653383.557966
2026-02-19 22:00:00+00:00,E008,electricity,0,1790653382.727079,1790653383.551709,1790653383.557966
2026-02-19 22:00:00+00:00,E004,electricity,0,1790653382.727123,1790653383.551709,1790653383.557966
2026-02-19 22:00:00+00:00,E007,electricity,0,1790653382.727161,1790653383.551709,1790653383.557966
2026-02-19 21:30:00+00:00,W004,water,0,1790653382.827887,1790653384.158479,1790653384.162374
2026-02-19 21:45:00+00:00,W009,water,0,1790653382.829529,1790653384.158479,1790653384.162374
2026-02-19 21:30:00+00:00,W005,water,0,1790653382.840644,1790653384.158479,1790653384.162374
2026-02-19 21:45:00+00:00,W001,water,0,1790653382.862872,1790653384.158479,1790653384.162374
2026-02-19 21:45:00+00:00,W006,water,0,1790653382.971206,1790653384.158479,1790653384.162374
2026-02-19 21:45:00+00:00,W007,water,0,1790653383.149550,1790653384.158479,1790653384.162374
2026-02-19 22:15:00+00:00,E003,electricity,0,1790653383.226215,1790653384.158479,1790653384.162374
2026-02-19 22:15:00+00:00,E007,electricity,0,1790653383.226387,1790653384.158479,1790653384.162374
2026-02-19 22:15:00+00:00,E001,electricity,0,1790653383.226430,1790653384.158479,1790653384.162374
2026-02-19 22:15:00+00:00,E000,electricity,0,1790653383.226461,1790653384.158479,1790653384.162374
2026-02-19 22:15:00+00:00,E006,electricity,0,1790653383.226489,1790653384.158479,1790653384.162374
2026-02-19 22:15:00+00:00,E009,electricity,0,1790653383.226514,1790653384.158479,1790653384.162374
2026-02-19 22:15:00+00:00,E002,electricity,0,1790653383.226538,1790653384.158479,1790653384.162374
2026-02-19 22:15:00+00:00,E008,electricity,0,1790653383.226561,1790653384.158479,1790653384.162374
2026-02-19 22:15:00+00:00,E005,electricity,0,1790653383.226583,1790653384.158479,1790653384.162374
2026-02-19 22:15:00+00:00,E004,electricity,0,1790653383.226607,1790653384.158479,1790653384.162374
2026-02-19 21:45:00+00:00,W000,water,0,1790653383.231756,1790653384.158479,1790653384.162374
2026-02-19 21:45:00+00:00,W002,water,0,1790653383.248984,1790653384.158479,1790653384.162374
2026-02-19 21:45:00+00:00,W008,water,0,1790653383.260090,1790653384.158479,1790653384.162374
2026-02-19 22:00:00+00:00,W001,water,0,1790653383.341763,1790653384.158479,1790653384.162374
2026-02-19 22:00:00+00:00,W009,water,0,1790653383.369537,1790653384.158479,1790653384.162374
2026-02-19 22:00:00+00:00,W005,water,0,1790653383.376766,1790653384.158479,1790653384.162374
2026-02-19 22:00:00+00:00,W007,water,0,1790653383.400650,1790653384.158479,1790653384.162374
2026-02-19 21:45:00+00:00,W003,water,0,1790653383.457878,1790653384.158479,1790653384.162374
2026-02-19 22:00:00+00:00,W004,water,0,1790653383.624558,1790653384.745003,1790653384.748192
2026-02-19 22:00:00+00:00,W006,water,0,1790653383.627312,1790653384.745003,1790653384.748192
2026-02-19 22:30:00+00:00,E004,electricity,0,1790653383.726196,1790653384.745003,1790653384.748192
2026-02-19 22:30:00+00:00,E001,electricity,0,1790653383.726240,1790653384.745003,1790653384.748192
2026-02-19 22:30:00+00:00,E006,electricity,0,1790653383.726271,1790653384.745003,1790653384.748192
2026-02-19 22:30:00+00:00,E005,electricity,0,1790653383.726299,1790653384.745003,1790653384.748192
2026-02-19 22:30:00+00:00,E008,electricity,0,1790653383.726326,1790653384.745003,1790653384.748192
2026-02-19 22:30:00+00:00,E009,electricity,0,1790653383.726353,1790653384.745003,1790653384.748192
2026-02-19 22:30:00+00:00,E002,electricity,0,1790653383.726377,1790653384.745003,1790653384.748192
2026-02-19 22:30:00+00:00,E007,electricity,0,1790653383.726400,1790653384.745003,1790653384.748192
2026-02-19 22:30:00+00:00,E003,electricity,0,1790653383.726423,1790653384.745003,1790653384.748192
2026-02-19 22:30:00+00:00,E000,electricity,0,1790653383.726446,1790653384.745003,1790653384.748192
2026-02-19 22:15:00+00:00,W001,water,0,1790653383.731196,1790653384.745003,1790653384.748192
2026-02-19 22:15:00+00:00,W005,water,0,1790653383.969542,1790653384.745003,1790653384.748192
2026-02-19 22:15:00+00:00,W000,water,0,1790653383.974554,1790653384.745003,1790653384.748192
2026-02-19 22:15:00+00:00,W003,water,0,1790653384.048990,1790653384.745003,1790653384.748192
2026-02-19 22:15:00+00:00,W006,water,0,1790653384.132876,1790653384.745003,1790653384.748192
2026-02-19 22:45:00+00:00,E006,electricity,0,1790653384.226217,1790653385.501940,1790653385.508151
2026-02-19 22:45:00+00:00,E000,electricity,0,1790653384.226398,1790653385.501940,1790653385.508151
2026-02-19 22:45:00+00:00,E008,electricity,0,1790653384.226444,1790653385.501940,1790653385.508151
2026-02-19 22:45:00+00:00,E007,electricity,0,1790653384.226475,1790653385.501940,1790653385.508151
2026-02-19 22:45:00+00:00,E005,electricity,0,1790653384.226503,1790653385.501940,1790653385.508151
2026-02-19 22:45:00+00:00,E002,electricity,0,1790653384.226529,1790653385.501940,1790653385.508151
2026-02-19 22:45:00+00:00,E001,electricity,0,1790653384.226554,1790653385.501940,1790653385.508151
2026-02-19 22:45:00+00:00,E004,electricity,0,1790653384.226578,1790653385.501940,1790653385.508151
2026-02-19 22:45:00+00:00,E003,electricity,0,1790653384.226603,1790653385.501940,1790653385.508151
2026-02-19 22:45:00+00:00,E009,electricity,0,1790653384.226626,1790653385.501940,1790653385.508151
2026-02-19 22:15:00+00:00,W004,water,0,1790653384.252324,1790653385.501940,1790653385.508151
2026-02-19 22:30:00+00:00,W003,water,0,1790653384.258426,1790653385.501940,1790653385.508151
2026-02-19 22:15:00+00:00,W009,water,0,1790653384.270666,1790653385.501940,1790653385.508151
2026-02-19 22:30:00+00:00,W005,water,0,1790653384.331771,1790653385.501940,1790653385.508151
2026-02-19 22:15:00+00:00,W002,water,0,1790653384.343980,1790653385.501940,1790653385.508151
2026-02-19 22:15:00+00:00,W008,water,0,1790653384.391207,1790653385.501940,1790653385.508151
2026-02-19 22:15:00+00:00,W007,water,0,1790653384.411761,1790653385.501940,1790653385.508151
2026-02-19 22:30:00+00:00,W001,water,0,1790653384.419498,1790653385.501940,1790653385.508151
2026-02-19 22:30:00+00:00,W000,water,0,1790653384.435645,1790653385.501940,1790653385.508151
2026-02-19 23:00:00+00:00,G009,gas,0,1790653384.726202,1790653385.501940,1790653385.508151
2026-02-19 23:00:00+00:00,G004,gas,1,1790653384.726307,1790653385.501940,1790653385.508151
2026-02-19 23:00:00+00:00,E006,electricity,0,1790653384.726345,1790653385.501940,1790653385.508151
2026-02-19 23:00:00+00:00,G005,gas,0,1790653384.726375,1790653385.501940,1790653385.508151
2026-02-19 23:00:00+00:00,E000,electricity,0,1790653384.726404,1790653385.501940,1790653385.508151
2026-02-19 23:00:00+00:00,G002,gas,0,1790653384.726430,1790653385.501940,1790653385.508151
2026-02-19 23:00:00+00:00,G003,gas,0,1790653384.726454,1790653385.501940,1790653385.508151
2026-02-19 23:00:00+00:00,E002,electricity,0,1790653384.726479,1790653385.501940,1790653385.508151
2026-02-19 23:00:00+00:00,E009,electricity,0,1790653384.726503,1790653385.501940,1790653385.508151
2026-02-19 23:00:00+00:00,E003,electricity,0,1790653384.726526,1790653385.501940,1790653385.508151
2026-02-19 23:00:00+00:00,G007,gas,0,1790653384.726549,1790653385.501940,1790653385.508151
2026-02-19 23:00:00+00:00,G008,gas,0,1790653384.726572,1790653385.501940,1790653385.508151
2026-02-19 23:00:00+00:00,E001,electricity,0,1790653384.726595,1790653385.501940,1790653385.508151
2026-02-19 23:00:00+00:00,G000,gas,0,1790653384.726618,1790653385.501940,1790653385.508151
2026-02-19 23:00:00+00:00,E007,electricity,0,1790653384.726641,1790653385.501940,1790653385.508151
2026-02-19 23:00:00+00:00,G001,gas,0,1790653384.726664,1790653385.501940,1790653385.508151
2026-02-19 23:00:00+00:00,E008,electricity,0,1790653384.726686,1790653385.501940,1790653385.508151
2026-02-19 23:00:00+00:00,E004,electricity,0,1790653384.726709,1790653385.501940,1790653385.508151
2026-02-19 23:00:00+00:00,E005,electricity,0,1790653384.726732,1790653385.501940,1790653385.508151
2026-02-19 23:00:00+00:00,G006,gas,0,1790653384.726755,1790653385.501940,1790653385.508151
2026-02-19 22:45:00+00:00,W004,water,0,1790653384.876770,1790653386.195504,1790653386.198940
2026-02-19 22:45:00+00:00,W007,water,0,1790653384.971770,1790653386.195504,1790653386.198940
2026-02-19 22:45:00+00:00,W001,water,0,1790653384.987315,1790653386.195504,1790653386.198940
2026-02-19 22:45:00+00:00,W008,water,0,1790653385.048431,1790653386.195504,1790653386.198940
2026-02-19 22:30:00+00:00,W006,water,0,1790653385.048573,1790653386.195504,1790653386.198940
2026-02-19 22:45:00+00:00,W009,water,0,1790653385.063981,1790653386.195504,1790653386.198940
2026-02-19 22:45:00+00:00,W002,water,0,1790653385.080091,1790653386.195504,1790653386.198940
2026-02-19 22:45:00+00:00,W005,water,0,1790653385.176766,1790653386.195504,1790653386.198940
2026-02-19 22:45:00+00:00,W003,water,0,1790653385.214538,1790653386.195504,1790653386.198940
2026-02-19 23:15:00+00:00,E004,electricity,0,1790653385.226202,1790653386.195504,1790653386.198940
2026-02-19 23:15:00+00:00,E008,electricity,0,1790653385.226327,1790653386.195504,1790653386.198940
2026-02-19 23:15:00+00:00,E009,electricity,0,1790653385.226367,1790653386.195504,1790653386.198940
2026-02-19 23:15:00+00:00,E006,electricity,0,1790653385.226398,1790653386.195504,1790653386.198940
2026-02-19 23:15:00+00:00,E007,electricity,0,1790653385.226426,1790653386.195504,1790653386.198940
2026-02-19 23:15:00+00:00,E005,electricity,0,1790653385.226453,1790653386.195504,1790653386.198940
2026-02-19 23:15:00+00:00,E000,electricity,0,1790653385.226477,1790653386.195504,1790653386.198940
2026-02-19 23:15:00+00:00,E003,electricity,0,1790653385.226500,1790653386.195504,1790653386.198940
2026-02-19 23:15:00+00:00,E002,electricity,0,1790653385.226523,1790653386.195504,1790653386.198940
2026-02-19 23:15:00+00:00,E001,electricity,0,1790653385.226546,1790653386.195504,1790653386.198940
2026-02-19 23:00:00+00:00,W009,water,0,1790653385.263440,1790653386.195504,1790653386.198940
2026-02-19 22:45:00+00:00,W000,water,0,1790653385.339507,1790653386.195504,1790653386.198940
2026-02-19 23:00:00+00:00,W004,water,0,1790653385.595100,1790653386.829331,1790653386.832458
2026-02-19 23:30:00+00:00,E009,electricity,0,1790653385.726219,1790653386.829331,1790653386.832458
2026-02-19 23:30:00+00:00,E008,electricity,0,1790653385.726416,1790653386.829331,1790653386.832458
2026-02-19 23:30:00+00:00,E004,electricity,0,1790653385.726459,1790653386.829331,1790653386.832458
2026-02-19 23:30:00+00:00,E003,electricity,0,1790653385.726490,1790653386.829331,1790653386.832458
2026-02-19 23:30:00+00:00,E007,electricity,0,1790653385.726517,1790653386.829331,1790653386.832458
2026-02-19 23:30:00+00:00,E005,electricity,0,1790653385.726543,1790653386.829331,1790653386.832458
2026-02-19 23:30:00+00:00,E000,electricity,0,1790653385.726567,1790653386.829331,1790653386.832458
2026-02-19 23:30:00+00:00,E002,electricity,0,1790653385.726590,1790653386.829331,1790653386.832458
2026-02-19 23:30:00+00:00,E001,electricity,0,1790653385.726636,1790653386.829331,1790653386.832458
2026-02-19 23:30:00+00:00,E006,electricity,0,1790653385.726659,1790653386.829331,1790653386.832458
2026-02-19 23:00:00+00:00,W007,water,0,1790653385.778442,1790653386.829331,1790653386.832458
2026-02-19 23:15:00+00:00,W004,water,0,1790653385.854014,1790653386.829331,1790653386.832458
2026-02-19 23:00:00+00:00,W002,water,0,1790653385.865704,1790653386.829331,1790653386.832458
2026-02-19 23:15:00+00:00,W000,water,0,1790653385.926777,1790653386.829331,1790653386.832458
2026-02-19 23:00:00+00:00,W001,water,0,1790653385.969563,1790653386.829331,1790653386.832458
2026-02-19 23:00:00+00:00,W008,water,0,1790653385.972313,1790653386.829331,1790653386.832458
2026-02-19 23:00:00+00:00,W006,water,0,1790653386.002877,1790653386.829331,1790653386.832458
2026-02-19 23:00:00+00:00,W005,water,0,1790653386.003423,1790653386.829331,1790653386.832458
2026-02-19 23:00:00+00:00,W003,water,0,1790653386.058438,1790653386.829331,1790653386.832458
2026-02-19 23:45:00+00:00,E006,electricity,0,1790653386.226247,1790653387.431783,1790653387.434666
2026-02-19 23:45:00+00:00,E004,electricity,0,1790653386.226498,1790653387.431783,1790653387.434666
2026-02-19 23:45:00+00:00,E009,electricity,0,1790653386.226591,1790653387.431783,1790653387.434666
2026-02-19 23:45:00+00:00,E000,electricity,0,1790653386.226649,1790653387.431783,1790653387.434666
2026-02-19 23:45:00+00:00,E001,electricity,0,1790653386.226700,1790653387.431783,1790653387.434666
2026-02-19 23:45:00+00:00,E003,electricity,0,1790653386.226751,1790653387.431783,1790653387.434666
2026-02-19 23:45:00+00:00,E007,electricity,0,1790653386.226801,1790653387.431783,1790653387.434666
2026-02-19 23:45:00+00:00,E002,electricity,0,1790653386.226847,1790653387.431783,1790653387.434666
2026-02-19 23:45:00+00:00,E008,electricity,0,1790653386.226891,1790653387.431783,1790653387.434666
2026-02-19 23:45:00+00:00,E005,electricity,0,1790653386.226939,1790653387.431783,1790653387.434666
2026-02-19 23:30:00+00:00,W005,water,0,1790653386.297902,1790653387.431783,1790653387.434666
2026-02-19 23:30:00+00:00,W004,water,0,1790653386.363506,1790653387.431783,1790653387.434666
2026-02-19 23:15:00+00:00,W009,water,0,1790653386.385107,1790653387.431783,1790653387.434666
2026-02-19 23:30:00+00:00,W003,water,0,1790653386.451779,1790653387.431783,1790653387.434666
2026-02-19 23:30:00+00:00,W000,water,0,1790653386.541221,1790653387.431783,1790653387.434666
2026-02-19 23:30:00+00:00,W008,water,0,1790653386.596211,1790653387.431783,1790653387.434666
2026-02-19 23:30:00+00:00,W002,water,0,1790653386.612870,1790653387.431783,1790653387.434666
2026-02-19 23:30:00+00:00,W001,water,0,1790653386.680654,1790653387.431783,1790653387.434666
2026-02-22 22:00:00+00:00,G009,gas,0,1790653419.825466,1790653420.710985,1790653420.733203
2026-02-22 22:00:00+00:00,E006,electricity,0,1790653419.825732,1790653420.710985,1790653420.733203
2026-02-22 22:00:00+00:00,G006,gas,1,1790653419.825807,1790653420.710985,1790653420.733203
2026-02-22 22:00:00+00:00,G008,gas,0,1790653419.825863,1790653420.710985,1790653420.733203
2026-02-22 22:00:00+00:00,E004,electricity,1,1790653419.825903,1790653420.710985,1790653420.733203
2026-02-22 22:00:00+00:00,E000,electricity,0,1790653419.825943,1790653420.710985,1790653420.733203
2026-02-22 22:00:00+00:00,G001,gas,1,1790653419.826038,1790653420.710985,1790653420.733203
2026-02-22 22:00:00+00:00,E002,electricity,0,1790653419.826678,1790653420.710985,1790653420.733203
2026-02-22 22:00:00+00:00,G007,gas,1,1790653419.826713,1790653420.710985,1790653420.733203
2026-02-22 22:00:00+00:00,E008,electricity,0,1790653419.826740,1790653420.710985,1790653420.733203
2026-02-22 22:00:00+00:00,E005,electricity,1,1790653419.826766,1790653420.710985,1790653420.733203
2026-02-22 22:00:00+00:00,G005,gas,0,1790653419.826790,1790653420.710985,1790653420.733203
2026-02-22 22:00:00+00:00,E009,electricity,0,1790653419.826833,1790653420.710985,1790653420.733203
2026-02-22 22:00:00+00:00,G002,gas,0,1790653419.826859,1790653420.710985,1790653420.733203
2026-02-22 22:00:00+00:00,G003,gas,0,1790653419.826883,1790653420.710985,1790653420.733203
2026-02-22 22:00:00+00:00,G000,gas,1,1790653419.826906,1790653420.710985,1790653420.733203
2026-02-22 22:00:00+00:00,E003,electricity,0,1790653419.826929,1790653420.710985,1790653420.733203
2026-02-22 22:00:00+00:00,E001,electricity,0,1790653419.826957,1790653420.710985,1790653420.733203
2026-02-22 22:00:00+00:00,G004,gas,1,1790653419.826980,1790653420.710985,1790653420.733203
2026-02-22 22:00:00+00:00,E007,electricity,0,1790653419.827002,1790653420.710985,1790653420.733203
2026-02-19 23:30:00+00:00,W007,water,0,1790653419.827025,1790653420.710985,1790653420.733203
2026-02-19 23:45:00+00:00,W005,water,0,1790653419.827049,1790653420.710985,1790653420.733203
2026-02-19 23:45:00+00:00,W000,water,0,1790653419.827071,1790653420.710985,1790653420.733203
2026-02-19 23:45:00+00:00,W003,water,0,1790653419.827093,1790653420.710985,1790653420.733203
2026-02-19 23:45:00+00:00,W002,water,0,1790653419.827115,1790653420.710985,1790653420.733203
2026-02-19 23:45:00+00:00,W009,water,0,1790653419.827138,1790653420.710985,1790653420.733203
2026-02-19 23:45:00+00:00,W004,water,0,1790653419.827161,1790653420.710985,1790653420.733203
2026-02-22 22:15:00+00:00,E003,electricity,0,1790653419.827186,1790653420.710985,1790653420.733203
2026-02-22 22:15:00+00:00,E008,electricity,0,1790653419.827209,1790653420.710985,1790653420.733203
2026-02-22 22:15:00+00:00,E004,electricity,0,1790653419.827231,1790653420.710985,1790653420.733203
2026-02-22 22:15:00+00:00,E002,electricity,0,1790653419.827259,1790653420.710985,1790653420.733203
2026-02-22 22:15:00+00:00,E000,electricity,0,1790653419.827287,1790653420.710985,1790653420.733203
2026-02-22 22:15:00+00:00,E007,electricity,0,1790653419.827309,1790653420.710985,1790653420.733203
2026-02-22 22:15:00+00:00,E005,electricity,0,1790653419.827354,1790653420.710985,1790653420.733203
2026-02-22 22:15:00+00:00,E009,electricity,0,1790653419.827376,1790653420.710985,1790653420.733203
2026-02-22 22:15:00+00:00,E006,electricity,0,1790653419.827398,1790653420.710985,1790653420.733203
2026-02-22 22:15:00+00:00,E001,electricity,0,1790653419.827421,1790653420.710985,1790653420.733203
2026-02-22 22:00:00+00:00,W003,water,0,1790653419.827443,1790653420.710985,1790653420.733203
2026-02-22 22:00:00+00:00,W007,water,0,1790653419.827466,1790653420.710985,1790653420.733203
2026-02-19 23:45:00+00:00,W001,water,0,1790653419.827505,1790653420.710985,1790653420.733203
2026-02-19 23:30:00+00:00,W006,water,0,1790653419.827531,1790653420.710985,1790653420.733203
2026-02-19 23:45:00+00:00,W008,water,0,1790653419.827555,1790653420.710985,1790653420.733203
2026-02-22 22:00:00+00:00,W000,water,0,1790653419.827578,1790653420.710985,1790653420.733203
2026-02-22 22:00:00+00:00,W004,water,0,1790653419.827601,1790653420.710985,1790653420.733203
2026-02-22 22:00:00+00:00,W005,water,0,1790653419.827653,1790653420.710985,1790653420.733203
2026-02-22 22:30:00+00:00,E006,electricity,0,1790653419.827676,1790653420.710985,1790653420.733203
2026-02-22 22:30:00+00:00,E001,electricity,0,1790653419.827699,1790653420.710985,1790653420.733203
2026-02-22 22:30:00+00:00,E004,electricity,0,1790653419.827721,1790653420.710985,1790653420.733203
2026-02-22 22:30:00+00:00,E009,electricity,0,1790653419.827744,1790653420.710985,1790653420.733203
2026-02-22 22:30:00+00:00,E008,electricity,0,1790653419.827767,1790653420.710985,1790653420.733203
2026-02-22 22:30:00+00:00,E002,electricity,0,1790653419.827791,1790653420.710985,1790653420.733203
2026-02-22 22:30:00+00:00,E003,electricity,0,1790653419.827814,1790653420.710985,1790653420.733203
2026-02-22 22:30:00+00:00,E000,electricity,0,1790653419.827837,1790653420.710985,1790653420.733203
2026-02-22 22:30:00+00:00,E007,electricity,0,1790653419.827860,1790653420.710985,1790653420.733203
2026-02-22 22:30:00+00:00,E005,electricity,0,1790653419.827882,1790653420.710985,1790653420.733203
2026-02-22 22:00:00+00:00,W009,water,0,1790653419.827930,1790653420.710985,1790653420.733203
2026-02-22 22:15:00+00:00,W001,water,0,1790653419.827953,1790653420.710985,1790653420.733203
2026-02-22 22:15:00+00:00,W004,water,0,1790653419.827981,1790653420.710985,1790653420.733203
2026-02-22 22:15:00+00:00,W007,water,0,1790653419.828005,1790653420.710985,1790653420.733203
2026-02-22 22:00:00+00:00,W002,water,1,1790653419.828038,1790653420.710985,1790653420.733203
2026-02-22 22:15:00+00:00,W008,water,1,1790653419.828063,1790653420.710985,1790653420.733203
2026-02-22 22:45:00+00:00,E004,electricity,0,1790653419.828085,1790653420.710985,1790653420.733203
2026-02-22 22:45:00+00:00,E000,electricity,0,1790653419.828109,1790653420.710985,1790653420.733203
2026-02-22 22:45:00+00:00,E009,electricity,0,1790653419.828131,1790653420.710985,1790653420.733203
2026-02-22 22:45:00+00:00,E008,electricity,0,1790653419.828154,1790653420.710985,1790653420.733203
2026-02-22 22:45:00+00:00,E005,electricity,0,1790653419.828176,1790653420.710985,1790653420.733203
2026-02-22 22:45:00+00:00,E001,electricity,0,1790653419.828198,1790653420.710985,1790653420.733203
2026-02-22 22:45:00+00:00,E002,electricity,0,1790653419.828220,1790653420.710985,1790653420.733203
2026-02-22 22:45:00+00:00,E006,electricity,0,1790653419.828242,1790653420.710985,1790653420.733203
2026-02-22 22:45:00+00:00,E007,electricity,0,1790653419.828265,1790653420.710985,1790653420.733203
2026-02-22 22:45:00+00:00,E003,electricity,0,1790653419.828286,1790653420.710985,1790653420.733203
2026-02-22 22:30:00+00:00,W004,water,0,1790653419.828308,1790653420.710985,1790653420.733203
2026-02-22 22:15:00+00:00,W000,water,0,1790653419.828331,1790653420.710985,1790653420.733203
2026-02-22 22:15:00+00:00,W003,water,0,1790653419.828352,1790653420.710985,1790653420.733203
2026-02-22 22:15:00+00:00,W006,water,0,1790653419.828375,1790653420.710985,1790653420.733203
2026-02-22 22:30:00+00:00,W001,water,0,1790653419.828402,1790653420.710985,1790653420.733203
2026-02-22 22:30:00+00:00,W007,water,0,1790653419.828446,1790653420.710985,1790653420.733203
2026-02-22 22:15:00+00:00,W005,water,0,1790653419.828468,1790653420.710985,1790653420.733203
2026-02-22 22:30:00+00:00,W009,water,0,1790653419.828491,1790653420.710985,1790653420.733203
2026-02-22 23:00:00+00:00,E009,electricity,0,1790653419.828513,1790653420.710985,1790653420.733203
2026-02-22 23:00:00+00:00,E003,electricity,0,1790653419.828536,1790653420.710985,1790653420.733203
2026-02-22 23:00:00+00:00,G005,gas,0,1790653419.828559,1790653420.710985,1790653420.733203
2026-02-22 23:00:00+00:00,E002,electricity,0,1790653419.828580,1790653420.710985,1790653420.733203
2026-02-22 23:00:00+00:00,G004,gas,0,1790653419.828602,1790653420.710985,1790653420.733203
2026-02-22 23:00:00+00:00,G000,gas,1,1790653419.828625,1790653420.710985,1790653420.733203
2026-02-22 23:00:00+00:00,G001,gas,0,1790653419.828646,1790653421.702775,1790653421.738056
2026-02-22 23:00:00+00:00,G003,gas,0,1790653419.828719,1790653421.702775,1790653421.738056
2026-02-22 23:00:00+00:00,E008,electricity,0,1790653419.828755,1790653421.702775,1790653421.738056
2026-02-22 23:00:00+00:00,G002,gas,0,1790653419.828792,1790653421.702775,1790653421.738056
2026-02-22 23:00:00+00:00,G007,gas,1,1790653419.829068,1790653421.702775,1790653421.738056
2026-02-22 23:00:00+00:00,E007,electricity,0,1790653419.829104,1790653421.702775,1790653421.738056
2026-02-22 23:00:00+00:00,G009,gas,0,1790653419.829135,1790653421.702775,1790653421.738056
2026-02-22 23:00:00+00:00,E005,electricity,0,1790653419.829165,1790653421.702775,1790653421.738056
2026-02-22 23:00:00+00:00,E006,electricity,0,1790653419.829194,1790653421.702775,1790653421.738056
2026-02-22 23:00:00+00:00,E001,electricity,0,1790653419.829223,1790653421.702775,1790653421.738056
2026-02-22 23:00:00+00:00,G006,gas,0,1790653419.829252,1790653421.702775,1790653421.738056
2026-02-22 23:00:00+00:00,G008,gas,1,1790653419.829288,1790653421.702775,1790653421.738056
2026-02-22 23:00:00+00:00,E004,electricity,0,1790653419.829323,1790653421.702775,1790653421.738056
2026-02-22 23:00:00+00:00,E000,electricity,0,1790653419.829351,1790653421.702775,1790653421.738056
2026-02-22 22:45:00+00:00,W007,water,0,1790653419.829380,1790653421.702775,1790653421.738056
2026-02-22 22:30:00+00:00,W002,water,1,1790653419.829409,1790653421.702775,1790653421.738056
2026-02-22 22:30:00+00:00,W008,water,0,1790653419.829475,1790653421.702775,1790653421.738056
2026-02-22 22:45:00+00:00,W003,water,0,1790653419.829543,1790653421.702775,1790653421.738056
2026-02-22 22:45:00+00:00,W000,water,0,1790653419.829574,1790653421.702775,1790653421.738056
2026-02-22 22:45:00+00:00,W004,water,0,1790653419.829603,1790653421.702775,1790653421.738056
2026-02-22 22:45:00+00:00,W001,water,0,1790653419.829632,1790653421.702775,1790653421.738056
2026-02-22 23:15:00+00:00,E001,electricity,0,1790653419.829695,1790653421.702775,1790653421.738056
2026-02-22 23:15:00+00:00,E005,electricity,0,1790653419.830047,1790653421.702775,1790653421.738056
2026-02-22 23:15:00+00:00,E007,electricity,0,1790653419.830105,1790653421.702775,1790653421.738056
2026-02-22 23:15:00+00:00,E006,electricity,0,1790653419.830135,1790653421.702775,1790653421.738056
2026-02-22 23:00:00+00:00,W007,water,0,1790653419.830220,1790653421.702775,1790653421.738056
2026-02-22 23:15:00+00:00,E002,electricity,0,1790653419.830254,1790653421.702775,1790653421.738056
2026-02-22 23:15:00+00:00,E003,electricity,0,1790653419.830289,1790653421.702775,1790653421.738056
2026-02-22 23:15:00+00:00,E009,electricity,0,1790653419.830319,1790653421.702775,1790653421.738056
2026-02-22 23:15:00+00:00,E008,electricity,0,1790653419.830348,1790653421.702775,1790653421.738056
2026-02-22 23:15:00+00:00,E004,electricity,0,1790653419.830387,1790653421.702775,1790653421.738056
2026-02-22 23:15:00+00:00,E000,electricity,0,1790653419.830538,1790653421.702775,1790653421.738056
2026-02-22 23:00:00+00:00,W008,water,1,1790653419.831311,1790653421.702775,1790653421.738056
2026-02-22 22:45:00+00:00,W006,water,0,1790653419.831352,1790653421.702775,1790653421.738056
2026-02-22 23:00:00+00:00,W004,water,0,1790653419.833921,1790653421.702775,1790653421.738056
2026-02-22 23:00:00+00:00,W000,water,0,1790653419.833997,1790653421.702775,1790653421.738056
2026-02-22 22:45:00+00:00,W005,water,0,1790653419.834020,1790653421.702775,1790653421.738056
2026-02-22 23:00:00+00:00,W002,water,1,1790653419.834045,1790653421.702775,1790653421.738056
2026-02-22 22:45:00+00:00,W009,water,0,1790653419.834124,1790653421.702775,1790653421.738056
2026-02-22 23:30:00+00:00,E003,electricity,0,1790653419.834169,1790653421.702775,1790653421.738056
2026-02-22 23:30:00+00:00,E007,electricity,0,1790653419.834192,1790653421.702775,1790653421.738056
2026-02-22 23:30:00+00:00,E006,electricity,0,1790653419.834216,1790653421.702775,1790653421.738056
2026-02-22 23:30:00+00:00,E002,electricity,0,1790653419.834238,1790653421.702775,1790653421.738056
2026-02-22 23:30:00+00:00,E001,electricity,0,1790653419.834260,1790653421.702775,1790653421.738056
2026-02-22 23:30:00+00:00,E005,electricity,0,1790653419.834283,1790653421.702775,1790653421.738056
2026-02-22 23:30:00+00:00,E000,electricity,0,1790653419.834306,1790653421.702775,1790653421.738056
2026-02-22 23:30:00+00:00,E009,electricity,0,1790653419.834328,1790653421.702775,1790653421.738056
2026-02-22 23:30:00+00:00,E004,electricity,0,1790653419.834351,1790653421.702775,1790653421.738056
2026-02-22 23:30:00+00:00,E008,electricity,0,1790653419.834373,1790653421.702775,1790653421.738056
2026-02-22 23:00:00+00:00,W003,water,0,1790653419.834401,1790653421.702775,1790653421.738056
2026-02-22 23:15:00+00:00,W006,water,0,1790653419.834424,1790653421.702775,1790653421.738056
2026-02-22 23:15:00+00:00,W002,water,1,1790653419.834447,1790653421.702775,1790653421.738056
2026-02-22 23:15:00+00:00,W000,water,0,1790653419.834470,1790653421.702775,1790653421.738056
2026-02-22 23:15:00+00:00,W005,water,0,1790653419.834493,1790653421.702775,1790653421.738056
2026-02-22 23:15:00+00:00,W009,water,0,1790653419.834515,1790653421.702775,1790653421.738056
2026-02-22 23:00:00+00:00,W001,water,0,1790653419.834537,1790653421.702775,1790653421.738056
2026-02-22 23:15:00+00:00,W007,water,0,1790653419.834560,1790653421.702775,1790653421.738056
2026-02-22 23:45:00+00:00,E008,electricity,0,1790653419.834583,1790653421.702775,1790653421.738056
2026-02-22 23:45:00+00:00,E002,electricity,0,1790653419.834605,1790653421.702775,1790653421.738056
2026-02-22 23:45:00+00:00,E007,electricity,0,1790653419.834627,1790653421.702775,1790653421.738056
2026-02-22 23:45:00+00:00,E003,electricity,0,1790653419.834650,1790653421.702775,1790653421.738056
2026-02-22 23:45:00+00:00,E006,electricity,0,1790653419.834673,1790653421.702775,1790653421.738056
2026-02-22 23:45:00+00:00,E004,electricity,0,1790653419.834696,1790653421.702775,1790653421.738056
2026-02-22 23:45:00+00:00,E005,electricity,0,1790653419.834718,1790653421.702775,1790653421.738056
2026-02-22 23:45:00+00:00,E009,electricity,0,1790653419.834739,1790653421.702775,1790653421.738056
2026-02-22 23:45:00+00:00,E000,electricity,0,1790653419.834768,1790653421.702775,1790653421.738056
2026-02-22 23:45:00+00:00,E001,electricity,0,1790653419.834796,1790653421.702775,1790653421.738056
2026-02-22 23:30:00+00:00,W000,water,0,1790653419.834824,1790653421.702775,1790653421.738056
2026-02-22 23:30:00+00:00,W003,water,0,1790653419.834848,1790653421.702775,1790653421.738056
2026-02-22 23:30:00+00:00,W006,water,0,1790653419.834870,1790653421.702775,1790653421.738056
2026-02-22 23:15:00+00:00,W004,water,0,1790653419.834895,1790653421.702775,1790653421.738056
2026-02-22 23:30:00+00:00,W005,water,0,1790653419.834917,1790653421.702775,1790653421.738056
2026-02-22 23:30:00+00:00,W002,water,1,1790653419.834940,1790653421.702775,1790653421.738056
2026-02-22 23:30:00+00:00,W009,water,0,1790653419.834963,1790653421.702775,1790653421.738056
2026-02-22 23:15:00+00:00,W008,water,1,1790653419.834986,1790653421.702775,1790653421.738056
2026-02-23 00:00:00+00:00,E000,electricity,0,1790653419.835009,1790653421.702775,1790653421.738056
2026-02-23 00:00:00+00:00,E002,electricity,0,1790653419.835032,1790653421.702775,1790653421.738056
2026-02-23 00:00:00+00:00,E005,electricity,0,1790653419.835054,1790653421.702775,1790653421.738056
2026-02-23 00:00:00+00:00,E008,electricity,0,1790653419.835078,1790653421.702775,1790653421.738056
2026-02-23 00:00:00+00:00,E009,electricity,0,1790653419.835100,1790653421.702775,1790653421.738056
2026-02-23 00:00:00+00:00,G009,gas,0,1790653419.835122,1790653421.702775,1790653421.738056
2026-02-23 00:00:00+00:00,G005,gas,0,1790653419.835149,1790653421.702775,1790653421.738056
2026-02-23 00:00:00+00:00,E007,electricity,0,1790653419.835172,1790653421.702775,1790653421.738056
2026-02-23 00:00:00+00:00,E003,electricity,0,1790653419.835194,1790653421.702775,1790653421.738056
2026-02-23 00:00:00+00:00,E004,electricity,0,1790653419.835216,1790653421.702775,1790653421.738056
2026-02-23 00:00:00+00:00,G001,gas,0,1790653419.835238,1790653421.702775,1790653421.738056
2026-02-23 00:00:00+00:00,G004,gas,0,1790653419.835294,1790653421.702775,1790653421.738056
2026-02-23 00:00:00+00:00,G008,gas,0,1790653419.835328,1790653421.702775,1790653421.738056
2026-02-23 00:00:00+00:00,G006,gas,0,1790653419.835360,1790653421.702775,1790653421.738056
2026-02-23 00:00:00+00:00,E001,electricity,0,1790653419.835390,1790653421.702775,1790653421.738056
2026-02-23 00:00:00+00:00,G002,gas,0,1790653419.835426,1790653421.702775,1790653421.738056
2026-02-23 00:00:00+00:00,G007,gas,0,1790653419.835462,1790653421.702775,1790653421.738056
2026-02-23 00:00:00+00:00,E006,electricity,0,1790653419.835530,1790653421.702775,1790653421.738056
2026-02-23 00:00:00+00:00,G003,gas,0,1790653419.835559,1790653421.702775,1790653421.738056
2026-02-23 00:00:00+00:00,G000,gas,1,1790653419.835585,1790653421.702775,1790653421.738056
2026-02-22 23:30:00+00:00,W001,water,0,1790653419.835733,1790653421.702775,1790653421.738056
2026-02-22 23:45:00+00:00,W005,water,0,1790653419.843501,1790653421.702775,1790653421.738056
2026-02-22 23:45:00+00:00,W006,water,0,1790653419.843599,1790653421.702775,1790653421.738056
2026-02-22 23:30:00+00:00,W007,water,0,1790653419.843641,1790653421.702775,1790653421.738056
2026-02-22 23:45:00+00:00,W003,water,0,1790653419.843672,1790653421.702775,1790653421.738056
2026-02-22 23:45:00+00:00,W009,water,0,1790653419.843699,1790653421.702775,1790653421.738056
2026-02-22 23:45:00+00:00,W000,water,0,1790653419.843724,1790653421.702775,1790653421.738056
2026-02-22 23:45:00+00:00,W002,water,1,1790653419.843748,1790653421.702775,1790653421.738056
2026-02-23 00:15:00+00:00,E003,electricity,0,1790653419.843805,1790653421.702775,1790653421.738056
2026-02-23 00:15:00+00:00,E004,electricity,0,1790653419.843829,1790653421.702775,1790653421.738056
2026-02-23 00:15:00+00:00,E001,electricity,0,1790653419.843853,1790653421.702775,1790653421.738056
2026-02-23 00:15:00+00:00,E008,electricity,0,1790653419.843875,1790653421.702775,1790653421.738056
2026-02-23 00:15:00+00:00,E000,electricity,0,1790653419.843898,1790653421.702775,1790653421.738056
2026-02-23 00:15:00+00:00,E007,electricity,0,1790653419.843921,1790653421.702775,1790653421.738056
2026-02-23 00:15:00+00:00,E009,electricity,0,1790653419.843945,1790653421.702775,1790653421.738056
2026-02-23 00:15:00+00:00,E002,electricity,0,1790653419.843974,1790653421.702775,1790653421.738056
2026-02-23 00:15:00+00:00,E005,electricity,0,1790653419.843996,1790653421.702775,1790653421.738056
2026-02-23 00:15:00+00:00,E006,electricity,0,1790653419.844019,1790653421.702775,1790653421.738056
2026-02-22 23:45:00+00:00,W004,water,0,1790653419.844042,1790653421.702775,1790653421.738056
2026-02-23 00:00:00+00:00,W002,water,1,1790653419.844064,1790653421.702775,1790653421.738056
2026-02-23 00:00:00+00:00,W003,water,0,1790653419.844087,1790653421.702775,1790653421.738056
2026-02-23 00:00:00+00:00,W007,water,0,1790653419.844110,1790653421.702775,1790653421.738056
2026-02-22 23:45:00+00:00,W008,water,1,1790653419.844134,1790653421.702775,1790653421.738056
2026-02-23 00:00:00+00:00,W001,water,0,1790653419.844157,1790653421.702775,1790653421.738056
2026-02-23 00:00:00+00:00,W000,water,0,1790653419.844180,1790653421.702775,1790653421.738056
2026-02-23 00:00:00+00:00,W009,water,0,1790653419.844225,1790653421.702775,1790653421.738056
2026-02-23 00:00:00+00:00,W006,water,0,1790653419.844270,1790653421.702775,1790653421.738056
2026-02-23 00:30:00+00:00,E003,electricity,0,1790653419.844293,1790653421.702775,1790653421.738056
2026-02-23 00:30:00+00:00,E007,electricity,0,1790653419.844322,1790653421.702775,1790653421.738056
2026-02-23 00:30:00+00:00,E006,electricity,0,1790653419.844352,1790653421.702775,1790653421.738056
2026-02-23 00:30:00+00:00,E004,electricity,0,1790653419.844374,1790653421.702775,1790653421.738056
2026-02-23 00:30:00+00:00,E002,electricity,0,1790653419.844398,1790653421.702775,1790653421.738056
2026-02-23 00:30:00+00:00,E001,electricity,0,1790653419.844420,1790653421.702775,1790653421.738056
2026-02-23 00:30:00+00:00,E005,electricity,0,1790653419.844443,1790653421.702775,1790653421.738056
2026-02-23 00:30:00+00:00,E009,electricity,0,1790653419.844467,1790653421.702775,1790653421.738056
2026-02-23 00:30:00+00:00,E008,electricity,0,1790653419.844489,1790653421.702775,1790653421.738056
2026-02-23 00:30:00+00:00,E000,electricity,0,1790653419.844512,1790653421.702775,1790653421.738056
2026-02-23 00:15:00+00:00,W008,water,1,1790653419.844535,1790653421.702775,1790653421.738056
2026-02-23 00:00:00+00:00,W005,water,0,1790653419.844564,1790653421.702775,1790653421.738056
2026-02-23 00:15:00+00:00,W007,water,0,1790653419.844589,1790653421.702775,1790653421.738056
2026-02-23 00:15:00+00:00,W002,water,1,1790653419.844824,1790653421.702775,1790653421.738056
2026-02-23 00:15:00+00:00,W009,water,0,1790653419.845289,1790653421.702775,1790653421.738056
2026-02-23 00:15:00+00:00,W001,water,0,1790653419.846064,1790653421.702775,1790653421.738056
2026-02-23 00:15:00+00:00,W003,water,0,1790653419.846172,1790653421.702775,1790653421.738056
2026-02-23 00:45:00+00:00,E007,electricity,0,1790653419.848095,1790653421.702775,1790653421.738056
2026-02-23 00:45:00+00:00,E008,electricity,0,1790653419.848136,1790653421.702775,1790653421.738056
2026-02-23 00:45:00+00:00,E003,electricity,0,1790653419.848173,1790653421.702775,1790653421.738056
2026-02-23 00:45:00+00:00,E005,electricity,0,1790653419.848198,1790653421.702775,1790653421.738056
2026-02-23 00:45:00+00:00,E006,electricity,0,1790653419.848223,1790653421.702775,1790653421.738056
2026-02-23 00:45:00+00:00,E002,electricity,0,1790653419.848248,1790653421.702775,1790653421.738056
2026-02-23 00:45:00+00:00,E009,electricity,0,1790653419.848271,1790653421.702775,1790653421.738056
2026-02-23 00:45:00+00:00,E004,electricity,0,1790653419.848294,1790653421.702775,1790653421.738056
2026-02-23 00:45:00+00:00,E000,electricity,0,1790653419.848316,1790653421.702775,1790653421.738056
2026-02-23 00:45:00+00:00,E001,electricity,0,1790653419.848340,1790653421.702775,1790653421.738056
2026-02-23 00:15:00+00:00,W000,water,0,1790653419.848364,1790653421.702775,1790653421.738056
2026-02-23 00:30:00+00:00,W008,water,1,1790653419.850286,1790653421.702775,1790653421.738056
2026-02-23 00:30:00+00:00,W005,water,0,1790653419.850364,1790653421.702775,1790653421.738056
2026-02-23 00:30:00+00:00,W007,water,0,1790653419.850408,1790653421.702775,1790653421.738056
2026-02-23 00:30:00+00:00,W001,water,0,1790653419.850435,1790653421.702775,1790653421.738056
2026-02-23 00:30:00+00:00,W009,water,0,1790653419.850461,1790653421.702775,1790653421.738056
2026-02-23 00:30:00+00:00,W003,water,0,1790653419.850812,1790653421.702775,1790653421.738056
2026-02-23 00:15:00+00:00,W004,water,0,1790653419.851702,1790653421.702775,1790653421.738056
2026-02-23 00:30:00+00:00,W002,water,1,1790653419.852394,1790653421.702775,1790653421.738056
2026-02-23 00:15:00+00:00,W006,water,0,1790653419.852424,1790653421.702775,1790653421.738056
2026-02-23 01:00:00+00:00,E005,electricity,0,1790653419.852592,1790653421.702775,1790653421.738056
2026-02-23 01:00:00+00:00,E004,electricity,0,1790653419.852621,1790653421.702775,1790653421.738056
2026-02-23 01:00:00+00:00,E009,electricity,0,1790653419.852646,1790653421.702775,1790653421.738056
2026-02-23 01:00:00+00:00,E002,electricity,0,1790653419.852670,1790653421.702775,1790653421.738056
2026-02-23 01:00:00+00:00,G007,gas,0,1790653419.852695,1790653421.702775,1790653421.738056
2026-02-23 01:00:00+00:00,G000,gas,1,1790653419.852720,1790653421.702775,1790653421.738056
2026-02-23 01:00:00+00:00,G001,gas,0,1790653419.852745,1790653421.702775,1790653421.738056
2026-02-23 01:00:00+00:00,G002,gas,0,1790653419.852769,1790653421.702775,1790653421.738056
2026-02-23 01:00:00+00:00,E001,electricity,0,1790653419.852793,1790653421.702775,1790653421.738056
2026-02-23 01:00:00+00:00,G006,gas,0,1790653419.852816,1790653421.702775,1790653421.738056
2026-02-23 01:00:00+00:00,E006,electricity,0,1790653419.852850,1790653421.702775,1790653421.738056
2026-02-23 01:00:00+00:00,E008,electricity,0,1790653419.852882,1790653421.702775,1790653421.738056
2026-02-23 01:00:00+00:00,G009,gas,0,1790653419.852905,1790653421.702775,1790653421.738056
2026-02-23 01:00:00+00:00,E003,electricity,0,1790653419.852928,1790653421.702775,1790653421.738056
2026-02-23 01:00:00+00:00,G005,gas,0,1790653419.852950,1790653421.702775,1790653421.738056
2026-02-23 01:00:00+00:00,E007,electricity,0,1790653419.852974,1790653421.702775,1790653421.738056
2026-02-23 01:00:00+00:00,E000,electricity,0,1790653419.852997,1790653421.702775,1790653421.738056
2026-02-23 01:00:00+00:00,G008,gas,0,1790653419.853019,1790653421.702775,1790653421.738056
2026-02-23 01:00:00+00:00,G004,gas,0,1790653419.853042,1790653421.702775,1790653421.738056
2026-02-23 01:00:00+00:00,G003,gas,0,1790653419.853064,1790653421.702775,1790653421.738056
2026-02-23 00:45:00+00:00,W005,water,0,1790653419.853086,1790653421.702775,1790653421.738056
2026-02-23 00:45:00+00:00,W000,water,0,1790653419.853708,1790653421.702775,1790653421.738056
2026-02-23 00:45:00+00:00,W001,water,0,1790653419.855718,1790653421.702775,1790653421.738056
2026-02-23 00:45:00+00:00,W004,water,0,1790653419.856913,1790653421.702775,1790653421.738056
2026-02-23 00:45:00+00:00,W007,water,0,1790653419.857002,1790653421.702775,1790653421.738056
2026-02-23 00:45:00+00:00,W008,water,1,1790653419.857033,1790653421.702775,1790653421.738056
2026-02-23 01:15:00+00:00,E005,electricity,0,1790653419.857061,1790653421.702775,1790653421.738056
2026-02-23 01:15:00+00:00,E002,electricity,0,1790653419.857099,1790653421.702775,1790653421.738056
2026-02-23 01:15:00+00:00,E001,electricity,0,1790653419.857264,1790653421.702775,1790653421.738056
2026-02-23 01:15:00+00:00,E004,electricity,0,1790653419.857303,1790653421.702775,1790653421.738056
2026-02-23 01:15:00+00:00,E009,electricity,0,1790653419.857338,1790653421.702775,1790653421.738056
2026-02-23 01:15:00+00:00,E007,electricity,0,1790653419.857362,1790653421.702775,1790653421.738056
2026-02-23 01:15:00+00:00,E000,electricity,0,1790653419.857386,1790653421.702775,1790653421.738056
2026-02-23 01:15:00+00:00,E003,electricity,0,1790653419.857409,1790653422.680384,1790653422.710674
2026-02-23 01:15:00+00:00,E006,electricity,0,1790653419.857432,1790653422.680384,1790653422.710674
2026-02-23 01:15:00+00:00,E008,electricity,0,1790653419.857455,1790653422.680384,1790653422.710674
2026-02-23 00:45:00+00:00,W002,water,1,1790653419.857478,1790653422.680384,1790653422.710674
2026-02-23 00:45:00+00:00,W003,water,0,1790653419.857939,1790653422.680384,1790653422.710674
2026-02-23 01:00:00+00:00,W007,water,0,1790653419.858269,1790653422.680384,1790653422.710674
2026-02-23 01:00:00+00:00,W008,water,1,1790653419.858306,1790653422.680384,1790653422.710674
2026-02-23 00:45:00+00:00,W006,water,0,1790653419.859618,1790653422.680384,1790653422.710674
2026-02-23 00:45:00+00:00,W009,water,0,1790653419.860016,1790653422.680384,1790653422.710674
2026-02-23 01:00:00+00:00,W005,water,0,1790653419.860432,1790653422.680384,1790653422.710674
2026-02-23 01:00:00+00:00,W000,water,0,1790653419.861566,1790653422.680384,1790653422.710674
2026-02-23 01:30:00+00:00,E000,electricity,0,1790653419.861595,1790653422.680384,1790653422.710674
2026-02-23 01:30:00+00:00,E006,electricity,0,1790653419.861620,1790653422.680384,1790653422.710674
2026-02-23 01:30:00+00:00,E009,electricity,0,1790653419.861644,1790653422.680384,1790653422.710674
2026-02-23 01:30:00+00:00,E004,electricity,0,1790653419.861669,1790653422.680384,1790653422.710674
2026-02-23 01:30:00+00:00,E005,electricity,0,1790653419.861693,1790653422.680384,1790653422.710674
2026-02-23 01:30:00+00:00,E003,electricity,0,1790653419.861716,1790653422.680384,1790653422.710674
2026-02-23 01:30:00+00:00,E008,electricity,0,1790653419.861738,1790653422.680384,1790653422.710674
2026-02-23 01:30:00+00:00,E007,electricity,0,1790653419.861760,1790653422.680384,1790653422.710674
2026-02-23 01:30:00+00:00,E002,electricity,0,1790653419.861783,1790653422.680384,1790653422.710674
2026-02-23 01:30:00+00:00,E001,electricity,0,1790653419.861804,1790653422.680384,1790653422.710674
2026-02-23 01:00:00+00:00,W004,water,0,1790653419.861827,1790653422.680384,1790653422.710674
2026-02-23 01:15:00+00:00,W009,water,0,1790653419.862257,1790653422.680384,1790653422.710674
2026-02-23 01:00:00+00:00,W001,water,0,1790653419.862571,1790653422.680384,1790653422.710674
2026-02-23 01:15:00+00:00,W006,water,0,1790653419.863821,1790653422.680384,1790653422.710674
2026-02-23 01:15:00+00:00,W005,water,0,1790653419.863993,1790653422.680384,1790653422.710674
2026-02-23 01:15:00+00:00,W002,water,1,1790653419.864368,1790653422.680384,1790653422.710674
2026-02-23 01:15:00+00:00,W007,water,0,1790653419.865172,1790653422.680384,1790653422.710674
2026-02-23 01:45:00+00:00,E002,electricity,0,1790653419.866093,1790653422.680384,1790653422.710674
2026-02-23 01:45:00+00:00,E000,electricity,0,1790653419.866126,1790653422.680384,1790653422.710674
2026-02-23 01:45:00+00:00,E008,electricity,0,1790653419.866152,1790653422.680384,1790653422.710674
2026-02-23 01:45:00+00:00,E004,electricity,0,1790653419.866178,1790653422.680384,1790653422.710674
2026-02-23 01:45:00+00:00,E005,electricity,0,1790653419.866202,1790653422.680384,1790653422.710674
2026-02-23 01:45:00+00:00,E006,electricity,0,1790653419.866227,1790653422.680384,1790653422.710674
2026-02-23 01:45:00+00:00,E003,electricity,0,1790653419.866251,1790653422.680384,1790653422.710674
2026-02-23 01:45:00+00:00,E009,electricity,0,1790653419.866275,1790653422.680384,1790653422.710674
2026-02-23 01:45:00+00:00,E007,electricity,0,1790653419.866307,1790653422.680384,1790653422.710674
2026-02-23 01:45:00+00:00,E001,electricity,0,1790653419.866332,1790653422.680384,1790653422.710674
2026-02-23 01:15:00+00:00,W008,water,1,1790653419.866356,1790653422.680384,1790653422.710674
2026-02-23 01:15:00+00:00,W003,water,0,1790653419.866380,1790653422.680384,1790653422.710674
2026-02-23 01:15:00+00:00,W000,water,0,1790653419.867432,1790653422.680384,1790653422.710674
2026-02-23 01:30:00+00:00,W005,water,0,1790653419.867466,1790653422.680384,1790653422.710674
2026-02-23 01:30:00+00:00,W001,water,0,1790653419.867691,1790653422.680384,1790653422.710674
2026-02-23 01:30:00+00:00,W009,water,0,1790653419.868056,1790653422.680384,1790653422.710674
2026-02-23 01:30:00+00:00,W002,water,1,1790653419.870065,1790653422.680384,1790653422.710674
2026-02-23 02:00:00+00:00,E000,electricity,0,1790653419.870596,1790653422.680384,1790653422.710674
2026-02-23 02:00:00+00:00,G003,gas,0,1790653419.870629,1790653422.680384,1790653422.710674
2026-02-23 02:00:00+00:00,E008,electricity,0,1790653419.870662,1790653422.680384,1790653422.710674
2026-02-23 02:00:00+00:00,E006,electricity,0,1790653419.870692,1790653422.680384,1790653422.710674
2026-02-23 02:00:00+00:00,G000,gas,1,1790653419.870717,1790653422.680384,1790653422.710674
2026-02-23 02:00:00+00:00,E001,electricity,0,1790653419.870740,1790653422.680384,1790653422.710674
2026-02-23 02:00:00+00:00,G007,gas,0,1790653419.870763,1790653422.680384,1790653422.710674
2026-02-23 02:00:00+00:00,G009,gas,0,1790653419.870786,1790653422.680384,1790653422.710674
2026-02-23 02:00:00+00:00,E002,electricity,0,1790653419.870809,1790653422.680384,1790653422.710674
2026-02-23 02:00:00+00:00,G006,gas,0,1790653419.870837,1790653422.680384,1790653422.710674
2026-02-23 02:00:00+00:00,E004,electricity,0,1790653419.870860,1790653422.680384,1790653422.710674
2026-02-23 02:00:00+00:00,G002,gas,0,1790653419.870882,1790653422.680384,1790653422.710674
2026-02-23 02:00:00+00:00,E007,electricity,0,1790653419.870903,1790653422.680384,1790653422.710674
2026-02-23 02:00:00+00:00,G004,gas,0,1790653419.870925,1790653422.680384,1790653422.710674
2026-02-23 02:00:00+00:00,G001,gas,0,1790653419.870947,1790653422.680384,1790653422.710674
2026-02-23 02:00:00+00:00,E009,electricity,0,1790653419.870969,1790653422.680384,1790653422.710674
2026-02-23 02:00:00+00:00,E003,electricity,0,1790653419.870992,1790653422.680384,1790653422.710674
2026-02-23 02:00:00+00:00,G005,gas,0,1790653419.871014,1790653422.680384,1790653422.710674
2026-02-23 02:00:00+00:00,E005,electricity,0,1790653419.871036,1790653422.680384,1790653422.710674
2026-02-23 02:00:00+00:00,G008,gas,0,1790653419.871058,1790653422.680384,1790653422.710674
2026-02-23 01:30:00+00:00,W004,water,0,1790653419.871079,1790653422.680384,1790653422.710674
2026-02-23 01:30:00+00:00,W006,water,0,1790653419.871100,1790653422.680384,1790653422.710674
2026-02-23 01:45:00+00:00,W009,water,0,1790653419.871812,1790653422.680384,1790653422.710674
2026-02-23 01:30:00+00:00,W007,water,0,1790653419.871845,1790653422.680384,1790653422.710674
2026-02-23 01:45:00+00:00,W003,water,0,1790653419.873218,1790653422.680384,1790653422.710674
2026-02-23 01:45:00+00:00,W008,water,1,1790653419.873253,1790653422.680384,1790653422.710674
2026-02-23 01:45:00+00:00,W002,water,1,1790653419.873457,1790653422.680384,1790653422.710674
2026-02-23 02:15:00+00:00,E003,electricity,0,1790653419.875093,1790653422.680384,1790653422.710674
2026-02-23 02:15:00+00:00,E002,electricity,0,1790653419.875130,1790653422.680384,1790653422.710674
2026-02-23 02:15:00+00:00,E008,electricity,0,1790653419.875156,1790653422.680384,1790653422.710674
2026-02-23 02:15:00+00:00,E007,electricity,0,1790653419.875191,1790653422.680384,1790653422.710674
2026-02-23 02:15:00+00:00,E001,electricity,0,1790653419.875214,1790653422.680384,1790653422.710674
2026-02-23 02:15:00+00:00,E009,electricity,0,1790653419.875241,1790653422.680384,1790653422.710674
2026-02-23 02:15:00+00:00,E004,electricity,0,1790653419.875267,1790653422.680384,1790653422.710674
2026-02-23 02:15:00+00:00,E000,electricity,0,1790653419.875290,1790653422.680384,1790653422.710674
2026-02-23 02:15:00+00:00,E006,electricity,0,1790653419.875313,1790653422.680384,1790653422.710674
2026-02-23 02:15:00+00:00,E005,electricity,0,1790653419.875335,1790653422.680384,1790653422.710674
2026-02-23 02:00:00+00:00,W004,water,0,1790653419.876682,1790653422.680384,1790653422.710674
2026-02-23 02:00:00+00:00,W009,water,0,1790653419.876756,1790653422.680384,1790653422.710674
2026-02-23 01:45:00+00:00,W000,water,0,1790653419.876786,1790653422.680384,1790653422.710674
2026-02-23 01:45:00+00:00,W001,water,0,1790653419.876811,1790653422.680384,1790653422.710674
2026-02-23 02:00:00+00:00,W006,water,0,1790653419.877384,1790653422.680384,1790653422.710674
2026-02-23 02:00:00+00:00,W008,water,1,1790653419.878022,1790653422.680384,1790653422.710674
2026-02-23 01:45:00+00:00,W005,water,0,1790653419.878998,1790653422.680384,1790653422.710674
2026-02-23 02:00:00+00:00,W007,water,0,1790653419.879346,1790653422.680384,1790653422.710674
2026-02-23 02:00:00+00:00,W003,water,0,1790653419.879374,1790653422.680384,1790653422.710674
2026-02-23 02:30:00+00:00,E007,electricity,0,1790653419.879591,1790653422.680384,1790653422.710674
2026-02-23 02:30:00+00:00,E005,electricity,0,1790653419.879620,1790653422.680384,1790653422.710674
2026-02-23 02:30:00+00:00,E000,electricity,0,1790653419.879644,1790653422.680384,1790653422.710674
2026-02-23 02:30:00+00:00,E002,electricity,0,1790653419.879668,1790653422.680384,1790653422.710674
2026-02-23 02:30:00+00:00,E009,electricity,0,1790653419.879691,1790653422.680384,1790653422.710674
2026-02-23 02:30:00+00:00,E006,electricity,0,1790653419.879714,1790653422.680384,1790653422.710674
2026-02-23 02:30:00+00:00,E001,electricity,0,1790653419.879746,1790653422.680384,1790653422.710674
2026-02-23 02:30:00+00:00,E008,electricity,0,1790653419.879770,1790653422.680384,1790653422.710674
2026-02-23 02:30:00+00:00,E003,electricity,0,1790653419.879793,1790653422.680384,1790653422.710674
2026-02-23 02:30:00+00:00,E004,electricity,0,1790653419.879815,1790653422.680384,1790653422.710674
2026-02-23 02:00:00+00:00,W002,water,1,1790653419.879837,1790653422.680384,1790653422.710674
2026-02-23 02:15:00+00:00,W009,water,0,1790653419.880786,1790653422.680384,1790653422.710674
2026-02-23 02:15:00+00:00,W003,water,0,1790653419.881872,1790653422.680384,1790653422.710674
2026-02-23 02:15:00+00:00,W000,water,0,1790653419.882213,1790653422.680384,1790653422.710674
2026-02-23 02:15:00+00:00,W004,water,0,1790653419.883501,1790653422.680384,1790653422.710674
2026-02-23 02:45:00+00:00,E008,electricity,0,1790653419.884099,1790653422.680384,1790653422.710674
2026-02-23 02:45:00+00:00,E000,electricity,0,1790653419.884146,1790653422.680384,1790653422.710674
2026-02-23 02:45:00+00:00,E009,electricity,0,1790653419.884178,1790653422.680384,1790653422.710674
2026-02-23 02:45:00+00:00,E007,electricity,0,1790653419.884215,1790653422.680384,1790653422.710674
2026-02-23 02:45:00+00:00,E003,electricity,0,1790653419.884243,1790653422.680384,1790653422.710674
2026-02-23 02:45:00+00:00,E005,electricity,0,1790653419.884268,1790653422.680384,1790653422.710674
2026-02-23 02:45:00+00:00,E006,electricity,0,1790653419.884293,1790653422.680384,1790653422.710674
2026-02-23 02:45:00+00:00,E002,electricity,0,1790653419.884317,1790653422.680384,1790653422.710674
2026-02-23 02:45:00+00:00,E004,electricity,0,1790653419.884347,1790653422.680384,1790653422.710674
2026-02-23 02:45:00+00:00,E001,electricity,0,1790653419.884372,1790653422.680384,1790653422.710674
2026-02-23 02:15:00+00:00,W001,water,0,1790653419.884396,1790653422.680384,1790653422.710674
2026-02-23 02:15:00+00:00,W007,water,0,1790653419.884600,1790653422.680384,1790653422.710674
2026-02-23 02:15:00+00:00,W008,water,1,1790653419.884687,1790653422.680384,1790653422.710674
2026-02-23 02:30:00+00:00,W009,water,0,1790653419.885092,1790653422.680384,1790653422.710674
2026-02-23 02:15:00+00:00,W005,water,0,1790653419.885119,1790653422.680384,1790653422.710674
2026-02-23 02:15:00+00:00,W006,water,0,1790653419.885306,1790653422.680384,1790653422.710674
2026-02-23 02:30:00+00:00,W002,water,1,1790653419.885340,1790653422.680384,1790653422.710674
2026-02-23 02:30:00+00:00,W004,water,0,1790653419.887451,1790653422.680384,1790653422.710674
2026-02-23 02:30:00+00:00,W000,water,0,1790653419.887487,1790653422.680384,1790653422.710674
2026-02-23 02:30:00+00:00,W003,water,0,1790653419.888246,1790653422.680384,1790653422.710674
2026-02-23 03:00:00+00:00,E007,electricity,0,1790653419.888591,1790653422.680384,1790653422.710674
2026-02-23 03:00:00+00:00,E001,electricity,0,1790653419.888618,1790653422.680384,1790653422.710674
2026-02-23 03:00:00+00:00,E000,electricity,0,1790653419.888642,1790653422.680384,1790653422.710674
2026-02-23 03:00:00+00:00,E002,electricity,0,1790653419.888665,1790653422.680384,1790653422.710674
2026-02-23 03:00:00+00:00,G005,gas,0,1790653419.888696,1790653422.680384,1790653422.710674
2026-02-23 03:00:00+00:00,G007,gas,0,1790653419.888720,1790653422.680384,1790653422.710674
2026-02-23 03:00:00+00:00,E009,electricity,0,1790653419.888744,1790653422.680384,1790653422.710674
2026-02-23 03:00:00+00:00,E003,electricity,0,1790653419.888766,1790653422.680384,1790653422.710674
2026-02-23 03:00:00+00:00,E006,electricity,0,1790653419.888788,1790653422.680384,1790653422.710674
2026-02-23 03:00:00+00:00,E008,electricity,0,1790653419.888811,1790653422.680384,1790653422.710674
2026-02-23 03:00:00+00:00,G006,gas,0,1790653419.888834,1790653422.680384,1790653422.710674
2026-02-23 03:00:00+00:00,G000,gas,1,1790653419.888856,1790653422.680384,1790653422.710674
2026-02-23 03:00:00+00:00,G002,gas,0,1790653419.888878,1790653422.680384,1790653422.710674
2026-02-23 03:00:00+00:00,G001,gas,0,1790653419.888900,1790653422.680384,1790653422.710674
2026-02-23 03:00:00+00:00,G009,gas,0,1790653419.888923,1790653422.680384,1790653422.710674
2026-02-23 03:00:00+00:00,E005,electricity,0,1790653419.888945,1790653422.680384,1790653422.710674
2026-02-23 03:00:00+00:00,G004,gas,0,1790653419.888981,1790653422.680384,1790653422.710674
2026-02-23 03:00:00+00:00,E004,electricity,0,1790653419.889007,1790653422.680384,1790653422.710674
2026-02-23 03:00:00+00:00,G003,gas,0,1790653419.889032,1790653422.680384,1790653422.710674
2026-02-23 03:00:00+00:00,G008,gas,0,1790653419.889056,1790653422.680384,1790653422.710674
2026-02-23 02:45:00+00:00,W000,water,0,1790653419.890637,1790653422.680384,1790653422.710674
2026-02-23 02:45:00+00:00,W001,water,0,1790653419.890949,1790653422.680384,1790653422.710674
2026-02-23 02:45:00+00:00,W009,water,0,1790653419.890997,1790653422.680384,1790653422.710674
2026-02-23 02:45:00+00:00,W006,water,0,1790653419.891027,1790653422.680384,1790653422.710674
2026-02-23 02:45:00+00:00,W004,water,0,1790653419.891469,1790653422.680384,1790653422.710674
2026-02-23 02:45:00+00:00,W008,water,1,1790653419.891918,1790653422.680384,1790653422.710674
2026-02-23 02:45:00+00:00,W002,water,1,1790653419.892563,1790653422.680384,1790653422.710674
2026-02-23 03:15:00+00:00,E008,electricity,0,1790653419.893093,1790653422.680384,1790653422.710674
2026-02-23 03:15:00+00:00,E003,electricity,0,1790653419.893120,1790653422.680384,1790653422.710674
2026-02-23 03:15:00+00:00,E002,electricity,0,1790653419.893143,1790653422.680384,1790653422.710674
2026-02-23 03:15:00+00:00,E005,electricity,0,1790653419.893167,1790653422.680384,1790653422.710674
2026-02-23 03:15:00+00:00,E006,electricity,0,1790653419.893190,1790653422.680384,1790653422.710674
2026-02-23 03:15:00+00:00,E007,electricity,0,1790653419.893211,1790653422.680384,1790653422.710674
2026-02-23 03:15:00+00:00,E000,electricity,0,1790653419.893233,1790653422.680384,1790653422.710674
2026-02-23 03:15:00+00:00,E004,electricity,0,1790653419.893255,1790653422.680384,1790653422.710674
2026-02-23 03:15:00+00:00,E001,electricity,0,1790653419.893286,1790653422.680384,1790653422.710674
2026-02-23 03:15:00+00:00,E009,electricity,0,1790653419.893309,1790653422.680384,1790653422.710674
2026-02-23 02:45:00+00:00,W007,water,0,1790653419.893522,1790653422.680384,1790653422.710674
2026-02-23 02:45:00+00:00,W003,water,0,1790653419.893806,1790653422.680384,1790653422.710674
2026-02-23 03:00:00+00:00,W004,water,0,1790653419.894006,1790653422.680384,1790653422.710674
2026-02-23 03:00:00+00:00,W000,water,0,1790653419.894166,1790653422.680384,1790653422.710674
2026-02-23 03:00:00+00:00,W002,water,1,1790653419.894276,1790653422.680384,1790653422.710674
2026-02-23 03:00:00+00:00,W009,water,0,1790653419.894302,1790653422.680384,1790653422.710674
2026-02-23 03:00:00+00:00,W006,water,0,1790653419.894641,1790653422.680384,1790653422.710674
2026-02-23 02:45:00+00:00,W005,water,0,1790653419.894668,1790653422.680384,1790653422.710674
2026-02-23 03:30:00+00:00,E008,electricity,0,1790653419.897599,1790653422.680384,1790653422.710674
2026-02-23 03:30:00+00:00,E002,electricity,0,1790653419.897641,1790653422.680384,1790653422.710674
2026-02-23 03:30:00+00:00,E007,electricity,0,1790653419.897671,1790653422.680384,1790653422.710674
2026-02-23 03:30:00+00:00,E004,electricity,0,1790653419.897707,1790653422.680384,1790653422.710674
2026-02-23 03:30:00+00:00,E005,electricity,0,1790653419.897734,1790653422.680384,1790653422.710674
2026-02-23 03:30:00+00:00,E001,electricity,0,1790653419.897759,1790653422.680384,1790653422.710674
2026-02-23 03:30:00+00:00,E009,electricity,0,1790653419.897784,1790653422.680384,1790653422.710674
2026-02-23 03:30:00+00:00,E006,electricity,0,1790653419.897811,1790653422.680384,1790653422.710674
2026-02-23 03:30:00+00:00,E003,electricity,0,1790653419.897835,1790653422.680384,1790653422.710674
2026-02-23 03:30:00+00:00,E000,electricity,0,1790653419.897860,1790653422.680384,1790653422.710674
2026-02-23 03:15:00+00:00,W003,water,0,1790653419.897964,1790653422.680384,1790653422.710674
2026-02-23 03:15:00+00:00,W000,water,0,1790653419.898187,1790653422.680384,1790653422.710674
2026-02-23 03:00:00+00:00,W008,water,1,1790653419.898281,1790653422.680384,1790653422.710674
2026-02-23 03:00:00+00:00,W001,water,0,1790653419.899489,1790653422.680384,1790653422.710674
2026-02-23 03:15:00+00:00,W007,water,0,1790653419.899769,1790653422.680384,1790653422.710674
2026-02-23 03:15:00+00:00,W005,water,0,1790653419.900274,1790653422.680384,1790653422.710674
2026-02-23 03:15:00+00:00,W009,water,0,1790653419.900637,1790653422.680384,1790653422.710674
2026-02-23 03:15:00+00:00,W004,water,0,1790653419.901235,1790653423.698262,1790653424.253779
2026-02-23 03:45:00+00:00,E002,electricity,0,1790653419.902074,1790653423.698262,1790653424.253779
2026-02-23 03:45:00+00:00,E000,electricity,0,1790653419.902100,1790653423.698262,1790653424.253779
2026-02-23 03:45:00+00:00,E003,electricity,0,1790653419.902125,1790653423.698262,1790653424.253779
2026-02-23 03:45:00+00:00,E009,electricity,0,1790653419.902150,1790653423.698262,1790653424.253779
2026-02-23 03:45:00+00:00,E004,electricity,0,1790653419.902174,1790653423.698262,1790653424.253779
2026-02-23 03:45:00+00:00,E001,electricity,0,1790653419.902199,1790653423.698262,1790653424.253779
2026-02-23 03:45:00+00:00,E006,electricity,0,1790653419.902223,1790653423.698262,1790653424.253779
2026-02-23 03:45:00+00:00,E008,electricity,0,1790653419.902247,1790653423.698262,1790653424.253779
2026-02-23 03:45:00+00:00,E005,electricity,0,1790653419.902272,1790653423.698262,1790653424.253779
2026-02-23 03:45:00+00:00,E007,electricity,0,1790653419.902297,1790653423.698262,1790653424.253779
2026-02-23 03:15:00+00:00,W006,water,0,1790653419.902335,1790653423.698262,1790653424.253779
2026-02-23 03:30:00+00:00,W001,water,0,1790653419.902892,1790653423.698262,1790653424.253779
2026-02-23 03:30:00+00:00,W005,water,0,1790653419.903942,1790653423.698262,1790653424.253779
2026-02-23 03:30:00+00:00,W000,water,0,1790653419.904013,1790653423.698262,1790653424.253779
2026-02-23 03:15:00+00:00,W002,water,1,1790653419.905318,1790653423.698262,1790653424.253779
2026-02-23 03:30:00+00:00,W004,water,0,1790653419.906142,1790653423.698262,1790653424.253779
2026-02-23 04:00:00+00:00,G007,gas,0,1790653419.906592,1790653423.698262,1790653424.253779
2026-02-23 04:00:00+00:00,G003,gas,0,1790653419.906621,1790653423.698262,1790653424.253779
2026-02-23 04:00:00+00:00,G000,gas,1,1790653419.906647,1790653423.698262,1790653424.253779
2026-02-23 04:00:00+00:00,G002,gas,0,1790653419.906673,1790653423.698262,1790653424.253779
2026-02-23 04:00:00+00:00,E004,electricity,0,1790653419.906697,1790653423.698262,1790653424.253779
2026-02-23 04:00:00+00:00,E001,electricity,0,1790653419.906720,1790653423.698262,1790653424.253779
2026-02-23 04:00:00+00:00,E008,electricity,0,1790653419.906744,1790653423.698262,1790653424.253779
2026-02-23 04:00:00+00:00,E003,electricity,0,1790653419.906766,1790653423.698262,1790653424.253779
2026-02-23 04:00:00+00:00,E007,electricity,0,1790653419.906789,1790653423.698262,1790653424.253779
2026-02-23 04:00:00+00:00,G009,gas,0,1790653419.906812,1790653423.698262,1790653424.253779
2026-02-23 04:00:00+00:00,E006,electricity,0,1790653419.906835,1790653423.698262,1790653424.253779
2026-02-23 04:00:00+00:00,E002,electricity,0,1790653419.906858,1790653423.698262,1790653424.253779
2026-02-23 04:00:00+00:00,E005,electricity,0,1790653419.906881,1790653423.698262,1790653424.253779
2026-02-23 04:00:00+00:00,E009,electricity,0,1790653419.906904,1790653423.698262,1790653424.253779
2026-02-23 04:00:00+00:00,G001,gas,0,1790653419.906928,1790653423.698262,1790653424.253779
2026-02-23 04:00:00+00:00,G006,gas,0,1790653419.906950,1790653423.698262,1790653424.253779
2026-02-23 04:00:00+00:00,G005,gas,0,1790653419.906972,1790653423.698262,1790653424.253779
2026-02-23 04:00:00+00:00,E000,electricity,0,1790653419.906995,1790653423.698262,1790653424.253779
2026-02-23 04:00:00+00:00,G004,gas,0,1790653419.907018,1790653423.698262,1790653424.253779
2026-02-23 04:00:00+00:00,G008,gas,0,1790653419.907051,1790653423.698262,1790653424.253779
2026-02-23 03:30:00+00:00,W008,water,1,1790653419.907074,1790653423.698262,1790653424.253779
2026-02-23 03:30:00+00:00,W007,water,0,1790653419.907098,1790653423.698262,1790653424.253779
2026-02-23 03:45:00+00:00,W006,water,0,1790653419.907122,1790653423.698262,1790653424.253779
2026-02-23 03:45:00+00:00,W002,water,1,1790653419.907145,1790653423.698262,1790653424.253779
2026-02-23 03:30:00+00:00,W009,water,0,1790653419.907168,1790653423.698262,1790653424.253779
2026-02-23 03:30:00+00:00,W003,water,0,1790653419.907191,1790653423.698262,1790653424.253779
2026-02-23 03:45:00+00:00,W000,water,0,1790653419.908174,1790653423.698262,1790653424.253779
2026-02-23 03:45:00+00:00,W005,water,0,1790653419.908286,1790653423.698262,1790653424.253779
2026-02-23 03:45:00+00:00,W004,water,0,1790653419.911053,1790653423.698262,1790653424.253779
2026-02-23 04:15:00+00:00,E004,electricity,0,1790653419.911128,1790653423.698262,1790653424.253779
2026-02-23 04:15:00+00:00,E007,electricity,0,1790653419.911159,1790653423.698262,1790653424.253779
2026-02-23 04:15:00+00:00,E005,electricity,0,1790653419.911188,1790653423.698262,1790653424.253779
2026-02-23 04:15:00+00:00,E008,electricity,0,1790653419.911214,1790653423.698262,1790653424.253779
2026-02-23 04:15:00+00:00,E006,electricity,0,1790653419.911248,1790653423.698262,1790653424.253779
2026-02-23 04:15:00+00:00,E002,electricity,0,1790653419.911273,1790653423.698262,1790653424.253779
2026-02-23 04:15:00+00:00,E003,electricity,0,1790653419.911301,1790653423.698262,1790653424.253779
2026-02-23 04:15:00+00:00,E001,electricity,0,1790653419.911325,1790653423.698262,1790653424.253779
2026-02-23 04:15:00+00:00,E009,electricity,0,1790653419.911348,1790653423.698262,1790653424.253779
2026-02-23 04:15:00+00:00,E000,electricity,0,1790653419.911371,1790653423.698262,1790653424.253779
2026-02-23 03:45:00+00:00,W001,water,0,1790653419.911393,1790653423.698262,1790653424.253779
2026-02-23 04:00:00+00:00,W009,water,0,1790653419.911417,1790653423.698262,1790653424.253779
2026-02-23 04:00:00+00:00,W000,water,0,1790653419.911993,1790653423.698262,1790653424.253779
2026-02-23 04:00:00+00:00,W006,water,0,1790653419.913115,1790653423.698262,1790653424.253779
2026-02-23 04:00:00+00:00,W007,water,0,1790653419.913321,1790653423.698262,1790653424.253779
2026-02-23 04:00:00+00:00,W002,water,1,1790653419.914082,1790653423.698262,1790653424.253779
2026-02-23 04:00:00+00:00,W008,water,1,1790653419.914961,1790653423.698262,1790653424.253779
2026-02-23 04:00:00+00:00,W003,water,0,1790653419.915566,1790653423.698262,1790653424.253779
2026-02-23 04:30:00+00:00,E005,electricity,0,1790653419.915595,1790653423.698262,1790653424.253779
2026-02-23 04:30:00+00:00,E001,electricity,0,1790653419.915619,1790653423.698262,1790653424.253779
2026-02-23 04:30:00+00:00,E007,electricity,0,1790653419.915643,1790653423.698262,1790653424.253779
2026-02-23 04:30:00+00:00,E006,electricity,0,1790653419.915665,1790653423.698262,1790653424.253779
2026-02-23 04:30:00+00:00,E009,electricity,0,1790653419.915688,1790653423.698262,1790653424.253779
2026-02-23 04:30:00+00:00,E003,electricity,0,1790653419.915721,1790653423.698262,1790653424.253779
2026-02-23 04:30:00+00:00,E000,electricity,0,1790653419.915745,1790653423.698262,1790653424.253779
2026-02-23 04:30:00+00:00,E004,electricity,0,1790653419.915767,1790653423.698262,1790653424.253779
2026-02-23 04:30:00+00:00,E008,electricity,0,1790653419.915790,1790653423.698262,1790653424.253779
2026-02-23 04:30:00+00:00,E002,electricity,0,1790653419.915812,1790653423.698262,1790653424.253779
2026-02-23 04:15:00+00:00,W006,water,0,1790653419.915834,1790653423.698262,1790653424.253779
2026-02-23 04:15:00+00:00,W007,water,0,1790653419.916194,1790653423.698262,1790653424.253779
2026-02-23 04:00:00+00:00,W005,water,0,1790653419.917503,1790653423.698262,1790653424.253779
2026-02-23 04:00:00+00:00,W004,water,0,1790653419.917578,1790653423.698262,1790653424.253779
2026-02-23 04:15:00+00:00,W009,water,0,1790653419.917610,1790653423.698262,1790653424.253779
2026-02-23 04:15:00+00:00,W001,water,0,1790653419.918185,1790653423.698262,1790653424.253779
2026-02-23 04:15:00+00:00,W002,water,1,1790653419.918238,1790653423.698262,1790653424.253779
2026-02-23 04:15:00+00:00,W003,water,0,1790653419.918544,1790653423.698262,1790653424.253779
2026-02-23 04:45:00+00:00,E000,electricity,0,1790653419.920092,1790653423.698262,1790653424.253779
2026-02-23 04:45:00+00:00,E004,electricity,0,1790653419.920123,1790653423.698262,1790653424.253779
2026-02-23 04:45:00+00:00,E007,electricity,0,1790653419.920157,1790653423.698262,1790653424.253779
2026-02-23 04:45:00+00:00,E009,electricity,0,1790653419.920183,1790653423.698262,1790653424.253779
2026-02-23 04:45:00+00:00,E006,electricity,0,1790653419.920207,1790653423.698262,1790653424.253779
2026-02-23 04:45:00+00:00,E005,electricity,0,1790653419.920232,1790653423.698262,1790653424.253779
2026-02-23 04:45:00+00:00,E008,electricity,0,1790653419.920255,1790653423.698262,1790653424.253779
2026-02-23 04:45:00+00:00,E003,electricity,0,1790653419.920279,1790653423.698262,1790653424.253779
2026-02-23 04:45:00+00:00,E001,electricity,0,1790653419.920302,1790653423.698262,1790653424.253779
2026-02-23 04:45:00+00:00,E002,electricity,0,1790653419.920325,1790653423.698262,1790653424.253779
2026-02-23 04:30:00+00:00,W003,water,0,1790653419.920412,1790653423.698262,1790653424.253779
2026-02-23 04:15:00+00:00,W000,water,0,1790653419.920981,1790653423.698262,1790653424.253779
2026-02-23 04:30:00+00:00,W007,water,0,1790653419.921327,1790653423.698262,1790653424.253779
2026-02-23 04:30:00+00:00,W005,water,0,1790653419.921651,1790653423.698262,1790653424.253779
2026-02-23 04:15:00+00:00,W008,water,1,1790653419.921846,1790653423.698262,1790653424.253779
2026-02-23 04:30:00+00:00,W002,water,1,1790653419.921951,1790653423.698262,1790653424.253779
2026-02-23 04:30:00+00:00,W006,water,0,1790653419.921978,1790653423.698262,1790653424.253779
2026-02-23 04:30:00+00:00,W001,water,0,1790653419.922001,1790653423.698262,1790653424.253779
2026-02-23 04:30:00+00:00,W009,water,0,1790653419.924573,1790653423.698262,1790653424.253779
2026-02-23 05:00:00+00:00,G001,gas,0,1790653419.924646,1790653423.698262,1790653424.253779
2026-02-23 05:00:00+00:00,E004,electricity,0,1790653419.924678,1790653423.698262,1790653424.253779
2026-02-23 05:00:00+00:00,G005,gas,0,1790653419.924706,1790653423.698262,1790653424.253779
2026-02-23 05:00:00+00:00,G004,gas,0,1790653419.924733,1790653423.698262,1790653424.253779
2026-02-23 05:00:00+00:00,E006,electricity,0,1790653419.924758,1790653423.698262,1790653424.253779
2026-02-23 05:00:00+00:00,G007,gas,0,1790653419.924783,1790653423.698262,1790653424.253779
2026-02-23 05:00:00+00:00,E008,electricity,0,1790653419.924816,1790653423.698262,1790653424.253779
2026-02-23 05:00:00+00:00,E009,electricity,0,1790653419.924840,1790653423.698262,1790653424.253779
2026-02-23 05:00:00+00:00,G002,gas,0,1790653419.924863,1790653423.698262,1790653424.253779
2026-02-23 05:00:00+00:00,E001,electricity,0,1790653419.924886,1790653423.698262,1790653424.253779
2026-02-23 05:00:00+00:00,G000,gas,1,1790653419.924909,1790653423.698262,1790653424.253779
2026-02-23 05:00:00+00:00,E007,electricity,0,1790653419.924932,1790653423.698262,1790653424.253779
2026-02-23 05:00:00+00:00,G008,gas,0,1790653419.924955,1790653423.698262,1790653424.253779
2026-02-23 05:00:00+00:00,E003,electricity,0,1790653419.924977,1790653423.698262,1790653424.253779
2026-02-23 05:00:00+00:00,G009,gas,0,1790653419.924999,1790653423.698262,1790653424.253779
2026-02-23 05:00:00+00:00,E002,electricity,0,1790653419.925021,1790653423.698262,1790653424.253779
2026-02-23 05:00:00+00:00,E005,electricity,0,1790653419.925049,1790653423.698262,1790653424.253779
2026-02-23 05:00:00+00:00,E000,electricity,0,1790653419.925072,1790653423.698262,1790653424.253779
2026-02-23 05:00:00+00:00,G006,gas,0,1790653419.925100,1790653423.698262,1790653424.253779
2026-02-23 05:00:00+00:00,G003,gas,0,1790653419.925124,1790653423.698262,1790653424.253779
2026-02-23 04:45:00+00:00,W006,water,0,1790653419.925146,1790653423.698262,1790653424.253779
2026-02-23 04:45:00+00:00,W000,water,0,1790653419.925169,1790653423.698262,1790653424.253779
2026-02-23 04:30:00+00:00,W004,water,0,1790653419.925191,1790653423.698262,1790653424.253779
2026-02-23 04:45:00+00:00,W008,water,1,1790653419.925877,1790653423.698262,1790653424.253779
2026-02-23 04:45:00+00:00,W007,water,0,1790653419.926923,1790653423.698262,1790653424.253779
2026-02-23 04:45:00+00:00,W001,water,0,1790653419.927360,1790653423.698262,1790653424.253779
2026-02-23 04:45:00+00:00,W003,water,0,1790653419.927427,1790653423.698262,1790653424.253779
2026-02-23 04:45:00+00:00,W002,water,1,1790653419.928799,1790653423.698262,1790653424.253779
2026-02-23 04:45:00+00:00,W009,water,0,1790653419.928827,1790653423.698262,1790653424.253779
2026-02-23 04:45:00+00:00,W005,water,0,1790653419.928924,1790653423.698262,1790653424.253779
2026-02-23 05:15:00+00:00,E009,electricity,0,1790653419.929091,1790653423.698262,1790653424.253779
2026-02-23 05:15:00+00:00,E006,electricity,0,1790653419.929132,1790653423.698262,1790653424.253779
2026-02-23 05:15:00+00:00,E001,electricity,0,1790653419.929156,1790653423.698262,1790653424.253779
2026-02-23 05:15:00+00:00,E007,electricity,0,1790653419.929180,1790653423.698262,1790653424.253779
2026-02-23 05:15:00+00:00,E008,electricity,0,1790653419.929203,1790653423.698262,1790653424.253779
2026-02-23 05:15:00+00:00,E003,electricity,0,1790653419.929233,1790653423.698262,1790653424.253779
2026-02-23 05:15:00+00:00,E002,electricity,0,1790653419.929262,1790653423.698262,1790653424.253779
2026-02-23 05:15:00+00:00,E005,electricity,0,1790653419.929285,1790653423.698262,1790653424.253779
2026-02-23 05:15:00+00:00,E004,electricity,0,1790653419.929308,1790653423.698262,1790653424.253779
2026-02-23 05:15:00+00:00,E000,electricity,0,1790653419.929330,1790653423.698262,1790653424.253779
2026-02-23 05:00:00+00:00,W008,water,0,1790653419.929397,1790653423.698262,1790653424.253779
2026-02-23 05:00:00+00:00,W001,water,0,1790653419.929808,1790653423.698262,1790653424.253779
2026-02-23 05:00:00+00:00,W009,water,0,1790653419.932394,1790653423.698262,1790653424.253779
2026-02-23 05:00:00+00:00,W006,water,0,1790653419.932522,1790653423.698262,1790653424.253779
2026-02-23 05:00:00+00:00,W000,water,0,1790653419.932798,1790653423.698262,1790653424.253779
2026-02-23 05:30:00+00:00,E004,electricity,0,1790653419.933599,1790653423.698262,1790653424.253779
2026-02-23 05:30:00+00:00,E002,electricity,0,1790653419.933635,1790653423.698262,1790653424.253779
2026-02-23 05:30:00+00:00,E009,electricity,0,1790653419.933672,1790653423.698262,1790653424.253779
2026-02-23 05:30:00+00:00,E003,electricity,0,1790653419.933701,1790653423.698262,1790653424.253779
2026-02-23 05:30:00+00:00,E001,electricity,0,1790653419.933727,1790653423.698262,1790653424.253779
2026-02-23 05:30:00+00:00,E000,electricity,0,1790653419.933752,1790653423.698262,1790653424.253779
2026-02-23 05:30:00+00:00,E006,electricity,0,1790653419.933782,1790653423.698262,1790653424.253779
2026-02-23 05:30:00+00:00,E007,electricity,0,1790653419.933806,1790653423.698262,1790653424.253779
2026-02-23 05:30:00+00:00,E005,electricity,0,1790653419.933830,1790653423.698262,1790653424.253779
2026-02-23 05:30:00+00:00,E008,electricity,0,1790653419.933854,1790653423.698262,1790653424.253779
2026-02-23 05:00:00+00:00,W003,water,0,1790653419.934385,1790653423.698262,1790653424.253779
2026-02-23 05:00:00+00:00,W007,water,0,1790653419.934737,1790653423.698262,1790653424.253779
2026-02-23 05:00:00+00:00,W005,water,0,1790653419.935205,1790653423.698262,1790653424.253779
2026-02-23 05:15:00+00:00,W008,water,0,1790653419.935242,1790653423.698262,1790653424.253779
2026-02-23 05:15:00+00:00,W006,water,0,1790653419.936283,1790653423.698262,1790653424.253779
2026-02-23 05:00:00+00:00,W002,water,0,1790653419.936642,1790653423.698262,1790653424.253779
2026-02-23 05:00:00+00:00,W004,water,0,1790653419.936997,1790653423.698262,1790653424.253779
2026-02-23 05:45:00+00:00,E008,electricity,0,1790653419.938748,1790653423.698262,1790653424.253779
2026-02-23 05:45:00+00:00,E007,electricity,0,1790653419.938836,1790653423.698262,1790653424.253779
2026-02-23 05:45:00+00:00,E006,electricity,0,1790653419.938881,1790653423.698262,1790653424.253779
2026-02-23 05:45:00+00:00,E003,electricity,0,1790653419.938909,1790653423.698262,1790653424.253779
2026-02-23 05:45:00+00:00,E004,electricity,0,1790653419.938934,1790653423.698262,1790653424.253779
2026-02-23 05:45:00+00:00,E001,electricity,0,1790653419.938963,1790653423.698262,1790653424.253779
2026-02-23 05:45:00+00:00,E005,electricity,0,1790653419.938987,1790653423.698262,1790653424.253779
2026-02-23 05:45:00+00:00,E009,electricity,0,1790653419.939011,1790653423.698262,1790653424.253779
2026-02-23 05:45:00+00:00,E000,electricity,0,1790653419.939035,1790653423.698262,1790653424.253779
2026-02-23 05:45:00+00:00,E002,electricity,0,1790653419.939058,1790653423.698262,1790653424.253779
2026-02-23 05:15:00+00:00,W001,water,0,1790653419.939087,1790653423.698262,1790653424.253779
2026-02-23 05:15:00+00:00,W009,water,0,1790653419.939111,1790653423.698262,1790653424.253779
2026-02-23 05:30:00+00:00,W007,water,0,1790653419.939134,1790653423.698262,1790653424.253779
2026-02-23 05:30:00+00:00,W006,water,0,1790653419.939158,1790653423.698262,1790653424.253779
2026-02-23 05:15:00+00:00,W000,water,0,1790653419.940341,1790653423.698262,1790653424.253779
2026-02-23 05:30:00+00:00,W005,water,0,1790653419.940789,1790653423.698262,1790653424.253779
2026-02-23 05:30:00+00:00,W002,water,0,1790653419.941411,1790653423.698262,1790653424.253779
2026-02-23 05:30:00+00:00,W003,water,0,1790653419.941732,1790653423.698262,1790653424.253779
2026-02-23 06:00:00+00:00,E001,electricity,0,1790653419.942592,1790653423.698262,1790653424.253779
2026-02-23 06:00:00+00:00,G000,gas,1,1790653419.942620,1790653423.698262,1790653424.253779
2026-02-23 06:00:00+00:00,E004,electricity,0,1790653419.942645,1790653423.698262,1790653424.253779
2026-02-23 06:00:00+00:00,E002,electricity,0,1790653419.942670,1790653423.698262,1790653424.253779
2026-02-23 06:00:00+00:00,G004,gas,0,1790653419.942694,1790653423.698262,1790653424.253779
2026-02-23 06:00:00+00:00,E005,electricity,0,1790653419.942720,1790653423.698262,1790653424.253779
2026-02-23 06:00:00+00:00,E003,electricity,0,1790653419.942744,1790653423.698262,1790653424.253779
2026-02-23 06:00:00+00:00,G007,gas,0,1790653419.942767,1790653423.698262,1790653424.253779
2026-02-23 06:00:00+00:00,G002,gas,0,1790653419.942790,1790653423.698262,1790653424.253779
2026-02-23 06:00:00+00:00,E006,electricity,0,1790653419.942813,1790653423.698262,1790653424.253779
2026-02-23 06:00:00+00:00,E009,electricity,0,1790653419.942836,1790653425.225637,1790653425.277066
2026-02-23 06:00:00+00:00,G001,gas,0,1790653419.942858,1790653425.225637,1790653425.277066
2026-02-23 06:00:00+00:00,E007,electricity,0,1790653419.942881,1790653425.225637,1790653425.277066
2026-02-23 06:00:00+00:00,G009,gas,0,1790653419.942904,1790653425.225637,1790653425.277066
2026-02-23 06:00:00+00:00,E000,electricity,0,1790653419.942928,1790653425.225637,1790653425.277066
2026-02-23 06:00:00+00:00,G006,gas,0,1790653419.942950,1790653425.225637,1790653425.277066
2026-02-23 06:00:00+00:00,G008,gas,0,1790653419.942972,1790653425.225637,1790653425.277066
2026-02-23 06:00:00+00:00,G005,gas,0,1790653419.943006,1790653425.225637,1790653425.277066
2026-02-23 06:00:00+00:00,G003,gas,0,1790653419.943029,1790653425.225637,1790653425.277066
2026-02-23 06:00:00+00:00,E008,electricity,0,1790653419.943051,1790653425.225637,1790653425.277066
2026-02-23 05:30:00+00:00,W008,water,0,1790653419.943073,1790653425.225637,1790653425.277066
2026-02-23 05:45:00+00:00,W002,water,0,1790653419.943096,1790653425.225637,1790653425.277066
2026-02-23 05:30:00+00:00,W004,water,0,1790653419.943488,1790653425.225637,1790653425.277066
2026-02-23 05:45:00+00:00,W009,water,0,1790653419.943791,1790653425.225637,1790653425.277066
2026-02-23 05:45:00+00:00,W007,water,0,1790653419.943926,1790653425.225637,1790653425.277066
2026-02-23 05:45:00+00:00,W000,water,0,1790653419.944271,1790653425.225637,1790653425.277066
2026-02-23 05:45:00+00:00,W001,water,0,1790653419.945972,1790653425.225637,1790653425.277066
2026-02-23 05:45:00+00:00,W005,water,1,1790653419.946345,1790653425.225637,1790653425.277066
2026-02-23 06:15:00+00:00,E002,electricity,0,1790653419.947095,1790653425.225637,1790653425.277066
2026-02-23 06:15:00+00:00,E008,electricity,0,1790653419.947132,1790653425.225637,1790653425.277066
2026-02-23 06:15:00+00:00,E001,electricity,0,1790653419.947160,1790653425.225637,1790653425.277066
2026-02-23 06:15:00+00:00,E000,electricity,0,1790653419.947188,1790653425.225637,1790653425.277066
2026-02-23 06:15:00+00:00,E003,electricity,0,1790653419.947213,1790653425.225637,1790653425.277066
2026-02-23 06:15:00+00:00,E004,electricity,0,1790653419.947246,1790653425.225637,1790653425.277066
2026-02-23 06:15:00+00:00,E006,electricity,0,1790653419.947270,1790653425.225637,1790653425.277066
2026-02-23 06:15:00+00:00,E005,electricity,0,1790653419.947300,1790653425.225637,1790653425.277066
2026-02-23 06:15:00+00:00,E007,electricity,0,1790653419.947324,1790653425.225637,1790653425.277066
2026-02-23 06:15:00+00:00,E009,electricity,0,1790653419.947347,1790653425.225637,1790653425.277066
2026-02-23 05:45:00+00:00,W006,water,0,1790653419.947369,1790653425.225637,1790653425.277066
2026-02-23 06:00:00+00:00,W000,water,0,1790653419.948628,1790653425.225637,1790653425.277066
2026-02-23 06:00:00+00:00,W008,water,0,1790653419.948761,1790653425.225637,1790653425.277066
2026-02-23 05:45:00+00:00,W003,water,0,1790653419.948986,1790653425.225637,1790653425.277066
2026-02-23 06:00:00+00:00,W004,water,0,1790653419.949161,1790653425.225637,1790653425.277066
2026-02-23 06:00:00+00:00,W001,water,1,1790653419.949341,1790653425.225637,1790653425.277066
2026-02-23 06:00:00+00:00,W007,water,0,1790653419.950986,1790653425.225637,1790653425.277066
2026-02-23 06:00:00+00:00,W002,water,0,1790653419.951015,1790653425.225637,1790653425.277066
2026-02-23 06:30:00+00:00,E006,electricity,0,1790653419.952248,1790653425.225637,1790653425.277066
2026-02-23 06:30:00+00:00,E005,electricity,0,1790653419.952303,1790653425.225637,1790653425.277066
2026-02-23 06:30:00+00:00,E007,electricity,0,1790653419.952335,1790653425.225637,1790653425.277066
2026-02-23 06:30:00+00:00,E000,electricity,0,1790653419.952488,1790653425.225637,1790653425.277066
2026-02-23 06:30:00+00:00,E002,electricity,0,1790653419.952518,1790653425.225637,1790653425.277066
2026-02-23 06:30:00+00:00,E008,electricity,0,1790653419.952542,1790653425.225637,1790653425.277066
2026-02-23 06:30:00+00:00,E004,electricity,0,1790653419.952565,1790653425.225637,1790653425.277066
2026-02-23 06:30:00+00:00,E001,electricity,0,1790653419.952589,1790653425.225637,1790653425.277066
2026-02-23 06:30:00+00:00,E009,electricity,0,1790653419.952612,1790653425.225637,1790653425.277066
2026-02-23 06:30:00+00:00,E003,electricity,0,1790653419.952635,1790653425.225637,1790653425.277066
2026-02-23 06:15:00+00:00,W001,water,0,1790653419.952658,1790653425.225637,1790653425.277066
2026-02-23 06:00:00+00:00,W009,water,0,1790653419.952681,1790653425.225637,1790653425.277066
2026-02-23 06:00:00+00:00,W005,water,0,1790653419.952921,1790653425.225637,1790653425.277066
2026-02-23 06:15:00+00:00,W007,water,1,1790653419.953728,1790653425.225637,1790653425.277066
2026-02-23 06:15:00+00:00,W004,water,0,1790653419.954211,1790653425.225637,1790653425.277066
2026-02-23 06:15:00+00:00,W003,water,0,1790653419.955022,1790653425.225637,1790653425.277066
2026-02-23 06:15:00+00:00,W000,water,0,1790653419.955686,1790653425.225637,1790653425.277066
2026-02-23 06:15:00+00:00,W008,water,0,1790653419.955861,1790653425.225637,1790653425.277066
2026-02-23 06:45:00+00:00,E003,electricity,1,1790653419.956092,1790653425.225637,1790653425.277066
2026-02-23 06:45:00+00:00,E000,electricity,1,1790653419.956122,1790653425.225637,1790653425.277066
2026-02-23 06:45:00+00:00,E008,electricity,0,1790653419.956146,1790653425.225637,1790653425.277066
2026-02-23 06:45:00+00:00,E006,electricity,0,1790653419.956170,1790653425.225637,1790653425.277066
2026-02-23 06:45:00+00:00,E001,electricity,0,1790653419.956193,1790653425.225637,1790653425.277066
2026-02-23 06:45:00+00:00,E007,electricity,0,1790653419.956217,1790653425.225637,1790653425.277066
2026-02-23 06:45:00+00:00,E005,electricity,0,1790653419.956239,1790653425.225637,1790653425.277066
2026-02-23 06:45:00+00:00,E002,electricity,0,1790653419.956261,1790653425.225637,1790653425.277066
2026-02-23 06:45:00+00:00,E004,electricity,0,1790653419.956283,1790653425.225637,1790653425.277066
2026-02-23 06:45:00+00:00,E009,electricity,0,1790653419.956306,1790653425.225637,1790653425.277066
2026-02-23 06:15:00+00:00,W006,water,0,1790653419.957977,1790653425.225637,1790653425.277066
2026-02-23 06:30:00+00:00,W008,water,0,1790653419.958958,1790653425.225637,1790653425.277066
2026-02-23 06:15:00+00:00,W002,water,0,1790653419.959413,1790653425.225637,1790653425.277066
2026-02-23 06:30:00+00:00,W009,water,0,1790653419.959461,1790653425.225637,1790653425.277066
2026-02-23 06:30:00+00:00,W000,water,1,1790653419.960090,1790653425.225637,1790653425.277066
2026-02-23 06:30:00+00:00,W003,water,1,1790653419.960289,1790653425.225637,1790653425.277066
2026-02-23 06:30:00+00:00,W001,water,0,1790653419.960547,1790653425.225637,1790653425.277066
2026-02-23 07:00:00+00:00,E008,electricity,0,1790653419.960576,1790653425.225637,1790653425.277066
2026-02-23 07:00:00+00:00,E009,electricity,0,1790653419.960613,1790653425.225637,1790653425.277066
2026-02-23 07:00:00+00:00,E003,electricity,0,1790653419.960637,1790653425.225637,1790653425.277066
2026-02-23 07:00:00+00:00,E001,electricity,0,1790653419.960661,1790653425.225637,1790653425.277066
2026-02-23 07:00:00+00:00,E004,electricity,0,1790653419.960684,1790653425.225637,1790653425.277066
2026-02-23 07:00:00+00:00,G009,gas,0,1790653419.960713,1790653425.225637,1790653425.277066
2026-02-23 07:00:00+00:00,E002,electricity,0,1790653419.960736,1790653425.225637,1790653425.277066
2026-02-23 07:00:00+00:00,G005,gas,0,1790653419.960759,1790653425.225637,1790653425.277066
2026-02-23 07:00:00+00:00,G001,gas,0,1790653419.960781,1790653425.225637,1790653425.277066
2026-02-23 07:00:00+00:00,G003,gas,0,1790653419.960804,1790653425.225637,1790653425.277066
2026-02-23 07:00:00+00:00,E007,electricity,0,1790653419.960826,1790653425.225637,1790653425.277066
2026-02-23 07:00:00+00:00,G002,gas,0,1790653419.960849,1790653425.225637,1790653425.277066
2026-02-23 07:00:00+00:00,G000,gas,1,1790653419.960872,1790653425.225637,1790653425.277066
2026-02-23 07:00:00+00:00,E006,electricity,0,1790653419.960896,1790653425.225637,1790653425.277066
2026-02-23 07:00:00+00:00,G006,gas,0,1790653419.960917,1790653425.225637,1790653425.277066
2026-02-23 07:00:00+00:00,G008,gas,0,1790653419.960940,1790653425.225637,1790653425.277066
2026-02-23 07:00:00+00:00,E000,electricity,0,1790653419.960963,1790653425.225637,1790653425.277066
2026-02-23 07:00:00+00:00,E005,electricity,0,1790653419.960985,1790653425.225637,1790653425.277066
2026-02-23 07:00:00+00:00,G007,gas,0,1790653419.961009,1790653425.225637,1790653425.277066
2026-02-23 07:00:00+00:00,G004,gas,0,1790653419.961033,1790653425.225637,1790653425.277066
2026-02-23 06:30:00+00:00,W004,water,0,1790653419.961075,1790653425.225637,1790653425.277066
2026-02-23 06:30:00+00:00,W005,water,0,1790653419.961098,1790653425.225637,1790653425.277066
2026-02-23 06:30:00+00:00,W007,water,1,1790653419.961595,1790653425.225637,1790653425.277066
2026-02-23 06:45:00+00:00,W000,water,1,1790653419.961887,1790653425.225637,1790653425.277066
2026-02-23 06:45:00+00:00,W009,water,0,1790653419.962093,1790653425.225637,1790653425.277066
2026-02-23 06:45:00+00:00,W006,water,1,1790653419.962417,1790653425.225637,1790653425.277066
2026-02-23 06:45:00+00:00,W008,water,0,1790653419.962692,1790653425.225637,1790653425.277066
2026-02-23 06:45:00+00:00,W003,water,0,1790653419.962718,1790653425.225637,1790653425.277066
2026-02-23 07:15:00+00:00,E008,electricity,0,1790653419.965632,1790653425.225637,1790653425.277066
2026-02-23 07:15:00+00:00,E005,electricity,0,1790653419.965708,1790653425.225637,1790653425.277066
2026-02-23 07:15:00+00:00,E001,electricity,0,1790653419.965740,1790653425.225637,1790653425.277066
2026-02-23 07:15:00+00:00,E007,electricity,0,1790653419.965777,1790653425.225637,1790653425.277066
2026-02-23 07:15:00+00:00,E004,electricity,0,1790653419.965803,1790653425.225637,1790653425.277066
2026-02-23 07:15:00+00:00,E009,electricity,0,1790653419.965827,1790653425.225637,1790653425.277066
2026-02-23 07:15:00+00:00,E006,electricity,0,1790653419.965966,1790653425.225637,1790653425.277066
2026-02-23 07:15:00+00:00,E003,electricity,0,1790653419.965996,1790653425.225637,1790653425.277066
2026-02-23 07:15:00+00:00,E000,electricity,0,1790653419.966043,1790653425.225637,1790653425.277066
2026-02-23 07:15:00+00:00,E002,electricity,0,1790653419.966070,1790653425.225637,1790653425.277066
2026-02-23 07:00:00+00:00,W009,water,1,1790653419.966095,1790653425.225637,1790653425.277066
2026-02-23 06:45:00+00:00,W002,water,0,1790653419.966139,1790653425.225637,1790653425.277066
2026-02-23 06:45:00+00:00,W001,water,0,1790653419.966963,1790653425.225637,1790653425.277066
2026-02-23 07:00:00+00:00,W005,water,1,1790653419.967103,1790653425.225637,1790653425.277066
2026-02-23 07:00:00+00:00,W000,water,0,1790653419.967132,1790653425.225637,1790653425.277066
2026-02-23 07:00:00+00:00,W004,water,0,1790653419.967490,1790653425.225637,1790653425.277066
2026-02-23 07:00:00+00:00,W007,water,1,1790653419.967752,1790653425.225637,1790653425.277066
2026-02-23 07:00:00+00:00,W006,water,0,1790653419.968111,1790653425.225637,1790653425.277066
2026-02-23 07:30:00+00:00,E002,electricity,0,1790653419.969593,1790653425.225637,1790653425.277066
2026-02-23 07:30:00+00:00,E007,electricity,0,1790653419.969621,1790653425.225637,1790653425.277066
2026-02-23 07:30:00+00:00,E006,electricity,0,1790653419.969646,1790653425.225637,1790653425.277066
2026-02-23 07:30:00+00:00,E001,electricity,0,1790653419.969670,1790653425.225637,1790653425.277066
2026-02-23 07:30:00+00:00,E004,electricity,0,1790653419.969694,1790653425.225637,1790653425.277066
2026-02-23 07:30:00+00:00,E009,electricity,0,1790653419.969718,1790653425.225637,1790653425.277066
2026-02-23 07:30:00+00:00,E000,electricity,0,1790653419.969751,1790653425.225637,1790653425.277066
2026-02-23 07:30:00+00:00,E005,electricity,0,1790653419.969774,1790653425.225637,1790653425.277066
2026-02-23 07:30:00+00:00,E008,electricity,0,1790653419.969796,1790653425.225637,1790653425.277066
2026-02-23 07:30:00+00:00,E003,electricity,0,1790653419.969825,1790653425.225637,1790653425.277066
2026-02-23 07:15:00+00:00,W009,water,0,1790653419.970007,1790653425.225637,1790653425.277066
2026-02-23 07:15:00+00:00,W005,water,1,1790653419.970341,1790653425.225637,1790653425.277066
2026-02-23 07:00:00+00:00,W003,water,0,1790653419.970641,1790653425.225637,1790653425.277066
2026-02-23 07:15:00+00:00,W007,water,0,1790653419.970853,1790653425.225637,1790653425.277066
2026-02-23 07:15:00+00:00,W004,water,1,1790653419.970906,1790653425.225637,1790653425.277066
2026-02-23 07:00:00+00:00,W008,water,0,1790653419.970941,1790653425.225637,1790653425.277066
2026-02-23 07:15:00+00:00,W000,water,0,1790653419.972653,1790653425.225637,1790653425.277066
2026-02-23 07:15:00+00:00,W001,water,0,1790653419.973417,1790653425.225637,1790653425.277066
2026-02-23 07:45:00+00:00,E001,electricity,0,1790653419.974095,1790653425.225637,1790653425.277066
2026-02-23 07:45:00+00:00,E004,electricity,0,1790653419.974125,1790653425.225637,1790653425.277066
2026-02-23 07:45:00+00:00,E008,electricity,0,1790653419.974158,1790653425.225637,1790653425.277066
2026-02-23 07:45:00+00:00,E009,electricity,0,1790653419.974185,1790653425.225637,1790653425.277066
2026-02-23 07:45:00+00:00,E007,electricity,0,1790653419.974209,1790653425.225637,1790653425.277066
2026-02-23 07:45:00+00:00,E002,electricity,0,1790653419.974232,1790653425.225637,1790653425.277066
2026-02-23 07:45:00+00:00,E005,electricity,0,1790653419.974255,1790653425.225637,1790653425.277066
2026-02-23 07:45:00+00:00,E003,electricity,0,1790653419.974277,1790653425.225637,1790653425.277066
2026-02-23 07:45:00+00:00,E000,electricity,0,1790653419.974300,1790653425.225637,1790653425.277066
2026-02-23 07:45:00+00:00,E006,electricity,0,1790653419.974323,1790653425.225637,1790653425.277066
2026-02-23 07:30:00+00:00,W007,water,0,1790653419.974960,1790653425.225637,1790653425.277066
2026-02-23 07:30:00+00:00,W005,water,0,1790653419.976150,1790653425.225637,1790653425.277066
2026-02-23 07:30:00+00:00,W008,water,0,1790653419.976181,1790653425.225637,1790653425.277066
2026-02-23 07:15:00+00:00,W006,water,0,1790653419.976241,1790653425.225637,1790653425.277066
2026-02-23 07:30:00+00:00,W001,water,0,1790653419.976418,1790653425.225637,1790653425.277066
2026-02-23 07:30:00+00:00,W000,water,0,1790653419.976642,1790653425.225637,1790653425.277066
2026-02-23 07:15:00+00:00,W002,water,0,1790653419.977308,1790653425.225637,1790653425.277066
2026-02-23 07:30:00+00:00,W009,water,1,1790653419.977567,1790653425.225637,1790653425.277066
2026-02-23 07:30:00+00:00,W003,water,0,1790653419.977592,1790653425.225637,1790653425.277066
2026-02-23 07:30:00+00:00,W004,water,0,1790653419.978739,1790653425.225637,1790653425.277066
2026-02-23 08:00:00+00:00,G002,gas,0,1790653419.978843,1790653425.225637,1790653425.277066
2026-02-23 08:00:00+00:00,E006,electricity,1,1790653419.978868,1790653425.225637,1790653425.277066
2026-02-23 08:00:00+00:00,E008,electricity,0,1790653419.978892,1790653425.225637,1790653425.277066
2026-02-23 08:00:00+00:00,G004,gas,0,1790653419.978917,1790653425.225637,1790653425.277066
2026-02-23 08:00:00+00:00,E005,electricity,0,1790653419.978941,1790653425.225637,1790653425.277066
2026-02-23 08:00:00+00:00,E002,electricity,0,1790653419.978964,1790653425.225637,1790653425.277066
2026-02-23 08:00:00+00:00,G008,gas,0,1790653419.978987,1790653425.225637,1790653425.277066
2026-02-23 08:00:00+00:00,G003,gas,0,1790653419.979011,1790653425.225637,1790653425.277066
2026-02-23 08:00:00+00:00,E007,electricity,0,1790653419.979034,1790653425.225637,1790653425.277066
2026-02-23 08:00:00+00:00,G005,gas,0,1790653419.979057,1790653425.225637,1790653425.277066
2026-02-23 08:00:00+00:00,G006,gas,0,1790653419.979079,1790653425.225637,1790653425.277066
2026-02-23 08:00:00+00:00,G000,gas,1,1790653419.979108,1790653425.225637,1790653425.277066
2026-02-23 08:00:00+00:00,E001,electricity,0,1790653419.979132,1790653425.225637,1790653425.277066
2026-02-23 08:00:00+00:00,E000,electricity,0,1790653419.979154,1790653425.225637,1790653425.277066
2026-02-23 08:00:00+00:00,G001,gas,0,1790653419.979177,1790653425.225637,1790653425.277066
2026-02-23 08:00:00+00:00,G009,gas,0,1790653419.979200,1790653425.225637,1790653425.277066
2026-02-23 08:00:00+00:00,E004,electricity,0,1790653419.979222,1790653425.225637,1790653425.277066
2026-02-23 08:00:00+00:00,G007,gas,0,1790653419.979254,1790653425.225637,1790653425.277066
2026-02-23 08:00:00+00:00,E009,electricity,0,1790653419.979286,1790653425.225637,1790653425.277066
2026-02-23 08:00:00+00:00,E003,electricity,0,1790653419.979317,1790653425.225637,1790653425.277066
2026-02-23 07:45:00+00:00,W008,water,0,1790653419.980051,1790653425.225637,1790653425.277066
2026-02-23 07:45:00+00:00,W001,water,0,1790653419.980475,1790653425.225637,1790653425.277066
2026-02-23 07:45:00+00:00,W009,water,0,1790653419.980512,1790653425.225637,1790653425.277066
2026-02-23 07:45:00+00:00,W002,water,0,1790653419.982072,1790653425.225637,1790653425.277066
2026-02-23 07:45:00+00:00,W006,water,0,1790653419.982938,1790653425.225637,1790653425.277066
2026-02-23 08:15:00+00:00,E006,electricity,0,1790653419.983091,1790653425.225637,1790653425.277066
2026-02-23 08:15:00+00:00,E000,electricity,0,1790653419.983131,1790653425.225637,1790653425.277066
2026-02-23 08:15:00+00:00,E009,electricity,0,1790653419.983157,1790653425.225637,1790653425.277066
2026-02-23 08:15:00+00:00,E008,electricity,0,1790653419.983183,1790653425.225637,1790653425.277066
2026-02-23 08:15:00+00:00,E004,electricity,0,1790653419.983208,1790653425.225637,1790653425.277066
2026-02-23 08:15:00+00:00,E007,electricity,0,1790653419.983232,1790653425.225637,1790653425.277066
2026-02-23 08:15:00+00:00,E003,electricity,0,1790653419.983264,1790653425.225637,1790653425.277066
2026-02-23 08:15:00+00:00,E001,electricity,0,1790653419.983293,1790653425.225637,1790653425.277066
2026-02-23 08:15:00+00:00,E005,electricity,0,1790653419.983316,1790653425.225637,1790653425.277066
2026-02-23 08:15:00+00:00,E002,electricity,0,1790653419.983339,1790653425.225637,1790653425.277066
2026-02-23 07:45:00+00:00,W000,water,0,1790653419.983361,1790653425.225637,1790653425.277066
2026-02-23 08:00:00+00:00,W001,water,1,1790653419.983384,1790653425.225637,1790653425.277066
2026-02-23 07:45:00+00:00,W007,water,0,1790653419.983611,1790653426.196434,1790653426.219885
2026-02-23 08:00:00+00:00,W008,water,0,1790653419.983911,1790653426.196434,1790653426.219885
2026-02-23 07:45:00+00:00,W005,water,1,1790653419.985327,1790653426.196434,1790653426.219885
2026-02-23 07:45:00+00:00,W003,water,0,1790653419.985421,1790653426.196434,1790653426.219885
2026-02-23 07:45:00+00:00,W004,water,0,1790653419.985467,1790653426.196434,1790653426.219885
2026-02-23 08:00:00+00:00,W006,water,0,1790653419.986832,1790653426.196434,1790653426.219885
2026-02-23 08:30:00+00:00,E004,electricity,0,1790653419.987591,1790653426.196434,1790653426.219885
2026-02-23 08:30:00+00:00,E001,electricity,0,1790653419.987623,1790653426.196434,1790653426.219885
2026-02-23 08:30:00+00:00,E008,electricity,0,1790653419.987649,1790653426.196434,1790653426.219885
2026-02-23 08:30:00+00:00,E002,electricity,0,1790653419.987684,1790653426.196434,1790653426.219885
2026-02-23 08:30:00+00:00,E007,electricity,0,1790653419.987709,1790653426.196434,1790653426.219885
2026-02-23 08:30:00+00:00,E003,electricity,0,1790653419.987733,1790653426.196434,1790653426.219885
2026-02-23 08:30:00+00:00,E005,electricity,0,1790653419.987757,1790653426.196434,1790653426.219885
2026-02-23 08:30:00+00:00,E000,electricity,0,1790653419.987781,1790653426.196434,1790653426.219885
2026-02-23 08:30:00+00:00,E009,electricity,0,1790653419.987805,1790653426.196434,1790653426.219885
2026-02-23 08:30:00+00:00,E006,electricity,0,1790653419.987828,1790653426.196434,1790653426.219885
2026-02-23 08:00:00+00:00,W009,water,0,1790653419.988964,1790653426.196434,1790653426.219885
2026-02-23 08:15:00+00:00,W007,water,0,1790653419.990183,1790653426.196434,1790653426.219885
2026-02-23 08:15:00+00:00,W001,water,0,1790653419.990210,1790653426.196434,1790653426.219885
2026-02-23 08:00:00+00:00,W002,water,0,1790653419.990391,1790653426.196434,1790653426.219885
2026-02-23 08:15:00+00:00,W005,water,0,1790653419.990541,1790653426.196434,1790653426.219885
2026-02-23 08:15:00+00:00,W008,water,0,1790653419.991701,1790653426.196434,1790653426.219885
2026-02-23 08:15:00+00:00,W000,water,0,1790653419.992048,1790653426.196434,1790653426.219885
2026-02-23 08:45:00+00:00,E001,electricity,0,1790653419.992093,1790653426.196434,1790653426.219885
2026-02-23 08:45:00+00:00,E008,electricity,0,1790653419.992121,1790653426.196434,1790653426.219885
2026-02-23 08:45:00+00:00,E005,electricity,0,1790653419.992207,1790653426.196434,1790653426.219885
2026-02-23 08:45:00+00:00,E003,electricity,0,1790653419.992234,1790653426.196434,1790653426.219885
2026-02-23 08:45:00+00:00,E009,electricity,0,1790653419.992258,1790653426.196434,1790653426.219885
2026-02-23 08:45:00+00:00,E000,electricity,0,1790653419.992283,1790653426.196434,1790653426.219885
2026-02-23 08:45:00+00:00,E007,electricity,0,1790653419.992308,1790653426.196434,1790653426.219885
2026-02-23 08:45:00+00:00,E004,electricity,0,1790653419.992333,1790653426.196434,1790653426.219885
2026-02-23 08:45:00+00:00,E002,electricity,0,1790653419.992358,1790653426.196434,1790653426.219885
2026-02-23 08:45:00+00:00,E006,electricity,0,1790653419.992382,1790653426.196434,1790653426.219885
2026-02-23 08:15:00+00:00,W004,water,0,1790653419.993410,1790653426.196434,1790653426.219885
2026-02-23 08:30:00+00:00,W002,water,0,1790653419.993716,1790653426.196434,1790653426.219885
2026-02-23 08:15:00+00:00,W003,water,0,1790653419.994262,1790653426.196434,1790653426.219885
2026-02-23 08:15:00+00:00,W006,water,0,1790653419.994616,1790653426.196434,1790653426.219885
2026-02-23 08:30:00+00:00,W005,water,0,1790653419.995037,1790653426.196434,1790653426.219885
2026-02-23 08:30:00+00:00,W001,water,0,1790653419.995172,1790653426.196434,1790653426.219885
2026-02-23 08:30:00+00:00,W009,water,0,1790653419.996025,1790653426.196434,1790653426.219885
2026-02-23 08:30:00+00:00,W007,water,0,1790653419.996449,1790653426.196434,1790653426.219885
2026-02-23 09:00:00+00:00,G005,gas,0,1790653419.996591,1790653426.196434,1790653426.219885
2026-02-23 09:00:00+00:00,E005,electricity,0,1790653419.996619,1790653426.196434,1790653426.219885
2026-02-23 09:00:00+00:00,E004,electricity,0,1790653419.996644,1790653426.196434,1790653426.219885
2026-02-23 09:00:00+00:00,G002,gas,0,1790653419.996667,1790653426.196434,1790653426.219885
2026-02-23 09:00:00+00:00,E007,electricity,0,1790653419.996690,1790653426.196434,1790653426.219885
2026-02-23 09:00:00+00:00,E001,electricity,0,1790653419.996713,1790653426.196434,1790653426.219885
2026-02-23 09:00:00+00:00,E000,electricity,0,1790653419.996737,1790653426.196434,1790653426.219885
2026-02-23 09:00:00+00:00,G000,gas,1,1790653419.996761,1790653426.196434,1790653426.219885
2026-02-23 09:00:00+00:00,G004,gas,0,1790653419.996783,1790653426.196434,1790653426.219885
2026-02-23 09:00:00+00:00,G006,gas,0,1790653419.996806,1790653426.196434,1790653426.219885
2026-02-23 09:00:00+00:00,E006,electricity,0,1790653419.996829,1790653426.196434,1790653426.219885
2026-02-23 09:00:00+00:00,E009,electricity,0,1790653419.996863,1790653426.196434,1790653426.219885
2026-02-23 09:00:00+00:00,G008,gas,0,1790653419.996891,1790653426.196434,1790653426.219885
2026-02-23 09:00:00+00:00,G003,gas,0,1790653419.996915,1790653426.196434,1790653426.219885
2026-02-23 09:00:00+00:00,G001,gas,0,1790653419.996938,1790653426.196434,1790653426.219885
2026-02-23 09:00:00+00:00,G007,gas,0,1790653419.996960,1790653426.196434,1790653426.219885
2026-02-23 09:00:00+00:00,E003,electricity,0,1790653419.996982,1790653426.196434,1790653426.219885
2026-02-23 09:00:00+00:00,E002,electricity,0,1790653419.997004,1790653426.196434,1790653426.219885
2026-02-23 09:00:00+00:00,E008,electricity,0,1790653419.997036,1790653426.196434,1790653426.219885
2026-02-23 09:00:00+00:00,G009,gas,0,1790653419.997060,1790653426.196434,1790653426.219885
2026-02-23 08:45:00+00:00,W005,water,0,1790653419.997082,1790653426.196434,1790653426.219885
2026-02-23 08:45:00+00:00,W004,water,0,1790653419.997111,1790653426.196434,1790653426.219885
2026-02-23 08:45:00+00:00,W006,water,0,1790653419.998188,1790653426.196434,1790653426.219885
2026-02-23 08:30:00+00:00,W008,water,0,1790653419.999772,1790653426.196434,1790653426.219885
2026-02-23 08:30:00+00:00,W000,water,0,1790653420.000517,1790653426.196434,1790653426.219885
2026-02-23 08:45:00+00:00,W009,water,0,1790653420.001017,1790653426.196434,1790653426.219885
2026-02-23 09:15:00+00:00,E007,electricity,0,1790653420.001046,1790653426.196434,1790653426.219885
2026-02-23 09:15:00+00:00,E004,electricity,0,1790653420.001072,1790653426.196434,1790653426.219885
2026-02-23 09:15:00+00:00,E002,electricity,0,1790653420.001106,1790653426.196434,1790653426.219885
2026-02-23 09:15:00+00:00,E006,electricity,0,1790653420.001130,1790653426.196434,1790653426.219885
2026-02-23 09:15:00+00:00,E001,electricity,0,1790653420.001153,1790653426.196434,1790653426.219885
2026-02-23 09:15:00+00:00,E009,electricity,0,1790653420.001176,1790653426.196434,1790653426.219885
2026-02-23 09:15:00+00:00,E003,electricity,0,1790653420.001204,1790653426.196434,1790653426.219885
2026-02-23 09:15:00+00:00,E005,electricity,0,1790653420.001227,1790653426.196434,1790653426.219885
2026-02-23 09:15:00+00:00,E008,electricity,0,1790653420.001249,1790653426.196434,1790653426.219885
2026-02-23 09:15:00+00:00,E000,electricity,0,1790653420.001272,1790653426.196434,1790653426.219885
2026-02-23 08:45:00+00:00,W001,water,0,1790653420.001736,1790653426.196434,1790653426.219885
2026-02-23 08:45:00+00:00,W002,water,0,1790653420.002056,1790653426.196434,1790653426.219885
2026-02-23 09:00:00+00:00,W005,water,1,1790653420.002261,1790653426.196434,1790653426.219885
2026-02-23 08:45:00+00:00,W003,water,0,1790653420.003057,1790653426.196434,1790653426.219885
2026-02-23 09:00:00+00:00,W006,water,0,1790653420.003092,1790653426.196434,1790653426.219885
2026-02-23 09:00:00+00:00,W004,water,0,1790653420.003406,1790653426.196434,1790653426.219885
2026-02-23 09:00:00+00:00,W008,water,0,1790653420.004451,1790653426.196434,1790653426.219885
2026-02-23 08:45:00+00:00,W007,water,0,1790653420.005022,1790653426.196434,1790653426.219885
2026-02-23 09:30:00+00:00,E006,electricity,0,1790653420.005597,1790653426.196434,1790653426.219885
2026-02-23 09:30:00+00:00,E007,electricity,0,1790653420.005635,1790653426.196434,1790653426.219885
2026-02-23 09:30:00+00:00,E002,electricity,0,1790653420.005661,1790653426.196434,1790653426.219885
2026-02-23 09:30:00+00:00,E004,electricity,0,1790653420.005687,1790653426.196434,1790653426.219885
2026-02-23 09:30:00+00:00,E008,electricity,0,1790653420.005710,1790653426.196434,1790653426.219885
2026-02-23 09:30:00+00:00,E005,electricity,0,1790653420.005734,1790653426.196434,1790653426.219885
2026-02-23 09:30:00+00:00,E001,electricity,0,1790653420.005757,1790653426.196434,1790653426.219885
2026-02-23 09:30:00+00:00,E003,electricity,0,1790653420.005781,1790653426.196434,1790653426.219885
2026-02-23 09:30:00+00:00,E009,electricity,0,1790653420.005804,1790653426.196434,1790653426.219885
2026-02-23 09:30:00+00:00,E000,electricity,0,1790653420.005858,1790653426.196434,1790653426.219885
2026-02-23 09:00:00+00:00,W009,water,0,1790653420.006149,1790653426.196434,1790653426.219885
2026-02-23 09:15:00+00:00,W003,water,0,1790653420.006477,1790653426.196434,1790653426.219885
2026-02-23 09:15:00+00:00,W001,water,0,1790653420.006504,1790653426.196434,1790653426.219885
2026-02-23 09:15:00+00:00,W007,water,0,1790653420.006766,1790653426.196434,1790653426.219885
2026-02-23 09:15:00+00:00,W005,water,0,1790653420.007626,1790653426.196434,1790653426.219885
2026-02-23 09:00:00+00:00,W000,water,0,1790653420.008271,1790653426.196434,1790653426.219885
2026-02-23 09:15:00+00:00,W002,water,0,1790653420.009197,1790653426.196434,1790653426.219885
2026-02-23 09:15:00+00:00,W008,water,0,1790653420.009652,1790653426.196434,1790653426.219885
2026-02-23 09:45:00+00:00,E004,electricity,0,1790653420.010092,1790653426.196434,1790653426.219885
2026-02-23 09:45:00+00:00,E003,electricity,0,1790653420.010120,1790653426.196434,1790653426.219885
2026-02-23 09:45:00+00:00,E000,electricity,0,1790653420.010144,1790653426.196434,1790653426.219885
2026-02-23 09:45:00+00:00,E005,electricity,0,1790653420.010168,1790653426.196434,1790653426.219885
2026-02-23 09:45:00+00:00,E006,electricity,0,1790653420.010405,1790653426.196434,1790653426.219885
2026-02-23 09:45:00+00:00,E008,electricity,0,1790653420.010444,1790653426.196434,1790653426.219885
2026-02-23 09:45:00+00:00,E007,electricity,0,1790653420.010471,1790653426.196434,1790653426.219885
2026-02-23 09:45:00+00:00,E001,electricity,0,1790653420.010497,1790653426.196434,1790653426.219885
2026-02-23 09:45:00+00:00,E009,electricity,0,1790653420.010520,1790653426.196434,1790653426.219885
2026-02-23 09:45:00+00:00,E002,electricity,0,1790653420.010548,1790653426.196434,1790653426.219885
2026-02-23 09:15:00+00:00,W006,water,0,1790653420.010577,1790653426.196434,1790653426.219885
2026-02-23 09:15:00+00:00,W004,water,0,1790653420.011459,1790653426.196434,1790653426.219885
2026-02-23 09:30:00+00:00,W009,water,1,1790653420.011539,1790653426.196434,1790653426.219885
2026-02-23 09:30:00+00:00,W008,water,0,1790653420.011570,1790653426.196434,1790653426.219885
2026-02-23 09:30:00+00:00,W007,water,0,1790653420.011598,1790653426.196434,1790653426.219885
2026-02-23 09:30:00+00:00,W005,water,0,1790653420.012365,1790653426.196434,1790653426.219885
2026-02-23 09:30:00+00:00,W000,water,0,1790653420.012547,1790653426.196434,1790653426.219885
2026-02-23 09:30:00+00:00,W002,water,0,1790653420.014027,1790653426.196434,1790653426.219885
2026-02-23 09:30:00+00:00,W003,water,0,1790653420.014391,1790653426.196434,1790653426.219885
2026-02-23 10:00:00+00:00,E007,electricity,0,1790653420.014592,1790653426.196434,1790653426.219885
2026-02-23 10:00:00+00:00,E001,electricity,0,1790653420.014629,1790653426.196434,1790653426.219885
2026-02-23 10:00:00+00:00,G004,gas,0,1790653420.014660,1790653426.196434,1790653426.219885
2026-02-23 10:00:00+00:00,E009,electricity,0,1790653420.014687,1790653426.196434,1790653426.219885
2026-02-23 10:00:00+00:00,E003,electricity,0,1790653420.014710,1790653426.196434,1790653426.219885
2026-02-23 10:00:00+00:00,G008,gas,0,1790653420.014734,1790653426.196434,1790653426.219885
2026-02-23 10:00:00+00:00,G006,gas,0,1790653420.014756,1790653426.196434,1790653426.219885
2026-02-23 10:00:00+00:00,E004,electricity,0,1790653420.014779,1790653426.196434,1790653426.219885
2026-02-23 10:00:00+00:00,E005,electricity,0,1790653420.014801,1790653426.196434,1790653426.219885
2026-02-23 10:00:00+00:00,G000,gas,0,1790653420.014824,1790653426.196434,1790653426.219885
2026-02-23 10:00:00+00:00,E002,electricity,0,1790653420.014846,1790653426.196434,1790653426.219885
2026-02-23 10:00:00+00:00,G009,gas,0,1790653420.014869,1790653426.196434,1790653426.219885
2026-02-23 10:00:00+00:00,G002,gas,0,1790653420.014892,1790653426.196434,1790653426.219885
2026-02-23 10:00:00+00:00,G007,gas,0,1790653420.014914,1790653426.196434,1790653426.219885
2026-02-23 10:00:00+00:00,E006,electricity,0,1790653420.014937,1790653426.196434,1790653426.219885
2026-02-23 10:00:00+00:00,G001,gas,0,1790653420.014959,1790653426.196434,1790653426.219885
2026-02-23 10:00:00+00:00,G005,gas,0,1790653420.014981,1790653426.196434,1790653426.219885
2026-02-23 10:00:00+00:00,E000,electricity,0,1790653420.015023,1790653426.196434,1790653426.219885
2026-02-23 10:00:00+00:00,G003,gas,0,1790653420.015046,1790653426.196434,1790653426.219885
2026-02-23 10:00:00+00:00,E008,electricity,0,1790653420.015069,1790653426.196434,1790653426.219885
2026-02-23 09:45:00+00:00,W000,water,0,1790653420.015431,1790653426.196434,1790653426.219885
2026-02-23 09:30:00+00:00,W001,water,0,1790653420.015463,1790653426.196434,1790653426.219885
2026-02-23 09:45:00+00:00,W008,water,0,1790653420.015500,1790653426.196434,1790653426.219885
2026-02-23 09:45:00+00:00,W002,water,0,1790653420.015872,1790653426.196434,1790653426.219885
2026-02-23 09:45:00+00:00,W009,water,0,1790653420.016212,1790653426.196434,1790653426.219885
2026-02-23 09:45:00+00:00,W004,water,0,1790653420.016546,1790653426.196434,1790653426.219885
2026-02-23 09:45:00+00:00,W007,water,0,1790653420.018101,1790653426.196434,1790653426.219885
2026-02-23 09:45:00+00:00,W006,water,0,1790653420.018517,1790653426.196434,1790653426.219885
2026-02-23 09:45:00+00:00,W005,water,0,1790653420.018809,1790653426.196434,1790653426.219885
2026-02-23 10:15:00+00:00,E007,electricity,0,1790653420.019094,1790653426.196434,1790653426.219885
2026-02-23 10:15:00+00:00,E004,electricity,0,1790653420.019126,1790653426.196434,1790653426.219885
2026-02-23 10:15:00+00:00,E006,electricity,0,1790653420.019153,1790653426.196434,1790653426.219885
2026-02-23 10:15:00+00:00,E002,electricity,0,1790653420.019179,1790653426.196434,1790653426.219885
2026-02-23 10:15:00+00:00,E009,electricity,0,1790653420.019204,1790653426.196434,1790653426.219885
2026-02-23 10:15:00+00:00,E001,electricity,0,1790653420.019229,1790653426.196434,1790653426.219885
2026-02-23 10:15:00+00:00,E003,electricity,0,1790653420.019254,1790653426.196434,1790653426.219885
2026-02-23 10:15:00+00:00,E000,electricity,0,1790653420.019279,1790653426.196434,1790653426.219885
2026-02-23 10:15:00+00:00,E005,electricity,0,1790653420.019304,1790653426.196434,1790653426.219885
2026-02-23 10:15:00+00:00,E008,electricity,0,1790653420.019329,1790653426.196434,1790653426.219885
2026-02-23 10:00:00+00:00,W007,water,0,1790653420.019556,1790653426.196434,1790653426.219885
2026-02-23 10:00:00+00:00,W002,water,0,1790653420.020232,1790653426.196434,1790653426.219885
2026-02-23 10:00:00+00:00,W001,water,0,1790653420.020626,1790653426.196434,1790653426.219885
2026-02-23 10:00:00+00:00,W008,water,0,1790653420.020771,1790653426.196434,1790653426.219885
2026-02-23 10:00:00+00:00,W005,water,0,1790653420.021121,1790653426.196434,1790653426.219885
2026-02-23 09:45:00+00:00,W003,water,0,1790653420.021216,1790653426.196434,1790653426.219885
2026-02-23 10:00:00+00:00,W009,water,0,1790653420.022881,1790653426.196434,1790653426.219885
2026-02-23 10:00:00+00:00,W004,water,0,1790653420.022920,1790653426.196434,1790653426.219885
2026-02-23 10:30:00+00:00,E004,electricity,0,1790653420.023591,1790653426.196434,1790653426.219885
2026-02-23 10:30:00+00:00,E001,electricity,0,1790653420.023621,1790653426.196434,1790653426.219885
2026-02-23 10:30:00+00:00,E009,electricity,0,1790653420.023661,1790653426.196434,1790653426.219885
2026-02-23 10:30:00+00:00,E000,electricity,0,1790653420.023684,1790653426.196434,1790653426.219885
2026-02-23 10:30:00+00:00,E002,electricity,0,1790653420.023707,1790653426.196434,1790653426.219885
2026-02-23 10:30:00+00:00,E007,electricity,0,1790653420.023729,1790653426.196434,1790653426.219885
2026-02-23 10:30:00+00:00,E003,electricity,0,1790653420.023752,1790653426.196434,1790653426.219885
2026-02-23 10:30:00+00:00,E008,electricity,0,1790653420.023783,1790653426.196434,1790653426.219885
2026-02-23 10:30:00+00:00,E005,electricity,0,1790653420.023806,1790653426.196434,1790653426.219885
2026-02-23 10:30:00+00:00,E006,electricity,0,1790653420.023829,1790653426.196434,1790653426.219885
2026-02-23 10:00:00+00:00,W000,water,0,1790653420.024744,1790653426.196434,1790653426.219885
2026-02-23 10:00:00+00:00,W006,water,0,1790653420.024802,1790653426.196434,1790653426.219885
2026-02-23 10:15:00+00:00,W009,water,0,1790653420.024994,1790653426.196434,1790653426.219885
2026-02-23 10:15:00+00:00,W001,water,0,1790653420.025504,1790653426.196434,1790653426.219885
2026-02-23 10:15:00+00:00,W008,water,0,1790653420.025634,1790653426.196434,1790653426.219885
2026-02-23 10:15:00+00:00,W007,water,0,1790653420.026800,1790653426.196434,1790653426.219885
2026-02-23 10:15:00+00:00,W005,water,0,1790653420.027946,1790653426.196434,1790653426.219885
2026-02-23 10:15:00+00:00,W004,water,0,1790653420.027977,1790653426.196434,1790653426.219885
2026-02-23 10:45:00+00:00,E009,electricity,0,1790653420.028091,1790653426.196434,1790653426.219885
2026-02-23 10:45:00+00:00,E008,electricity,0,1790653420.028119,1790653426.196434,1790653426.219885
2026-02-23 10:45:00+00:00,E002,electricity,0,1790653420.028144,1790653426.196434,1790653426.219885
2026-02-23 10:45:00+00:00,E003,electricity,0,1790653420.028168,1790653426.196434,1790653426.219885
2026-02-23 10:45:00+00:00,E005,electricity,0,1790653420.028199,1790653427.117354,1790653427.138081
2026-02-23 10:45:00+00:00,E006,electricity,0,1790653420.028223,1790653427.117354,1790653427.138081
2026-02-23 10:45:00+00:00,E000,electricity,0,1790653420.028245,1790653427.117354,1790653427.138081
2026-02-23 10:45:00+00:00,E007,electricity,0,1790653420.028270,1790653427.117354,1790653427.138081
2026-02-23 10:45:00+00:00,E004,electricity,0,1790653420.028293,1790653427.117354,1790653427.138081
2026-02-23 10:45:00+00:00,E001,electricity,0,1790653420.028317,1790653427.117354,1790653427.138081
2026-02-23 10:15:00+00:00,W002,water,0,1790653420.028341,1790653427.117354,1790653427.138081
2026-02-23 10:30:00+00:00,W001,water,0,1790653420.028992,1790653427.117354,1790653427.138081
2026-02-23 10:30:00+00:00,W006,water,0,1790653420.029028,1790653427.117354,1790653427.138081
2026-02-23 10:15:00+00:00,W003,water,0,1790653420.029457,1790653427.117354,1790653427.138081
2026-02-23 10:30:00+00:00,W009,water,0,1790653420.029582,1790653427.117354,1790653427.138081
2026-02-23 10:30:00+00:00,W007,water,0,1790653420.031135,1790653427.117354,1790653427.138081
2026-02-23 10:30:00+00:00,W005,water,0,1790653420.031573,1790653427.117354,1790653427.138081
2026-02-23 10:30:00+00:00,W000,water,0,1790653420.032181,1790653427.117354,1790653427.138081
2026-02-23 11:00:00+00:00,E002,electricity,0,1790653420.032592,1790653427.117354,1790653427.138081
2026-02-23 11:00:00+00:00,E001,electricity,0,1790653420.032622,1790653427.117354,1790653427.138081
2026-02-23 11:00:00+00:00,G009,gas,0,1790653420.032647,1790653427.117354,1790653427.138081
2026-02-23 11:00:00+00:00,G008,gas,0,1790653420.032671,1790653427.117354,1790653427.138081
2026-02-23 11:00:00+00:00,E005,electricity,0,1790653420.032703,1790653427.117354,1790653427.138081
2026-02-23 11:00:00+00:00,G002,gas,0,1790653420.032728,1790653427.117354,1790653427.138081
2026-02-23 11:00:00+00:00,G005,gas,0,1790653420.032751,1790653427.117354,1790653427.138081
2026-02-23 11:00:00+00:00,E000,electricity,0,1790653420.032775,1790653427.117354,1790653427.138081
2026-02-23 11:00:00+00:00,E006,electricity,0,1790653420.032797,1790653427.117354,1790653427.138081
2026-02-23 11:00:00+00:00,G000,gas,0,1790653420.032820,1790653427.117354,1790653427.138081
2026-02-23 11:00:00+00:00,E009,electricity,0,1790653420.032843,1790653427.117354,1790653427.138081
2026-02-23 11:00:00+00:00,G003,gas,0,1790653420.032866,1790653427.117354,1790653427.138081
2026-02-23 11:00:00+00:00,E008,electricity,0,1790653420.032889,1790653427.117354,1790653427.138081
2026-02-23 11:00:00+00:00,E004,electricity,0,1790653420.032911,1790653427.117354,1790653427.138081
2026-02-23 11:00:00+00:00,G001,gas,0,1790653420.032934,1790653427.117354,1790653427.138081
2026-02-23 11:00:00+00:00,G006,gas,0,1790653420.032956,1790653427.117354,1790653427.138081
2026-02-23 11:00:00+00:00,E007,electricity,0,1790653420.032979,1790653427.117354,1790653427.138081
2026-02-23 11:00:00+00:00,E003,electricity,0,1790653420.033000,1790653427.117354,1790653427.138081
2026-02-23 11:00:00+00:00,G007,gas,0,1790653420.033023,1790653427.117354,1790653427.138081
2026-02-23 11:00:00+00:00,G004,gas,0,1790653420.033045,1790653427.117354,1790653427.138081
2026-02-23 10:45:00+00:00,W006,water,0,1790653420.034314,1790653427.117354,1790653427.138081
2026-02-23 10:45:00+00:00,W002,water,0,1790653420.034746,1790653427.117354,1790653427.138081
2026-02-23 10:45:00+00:00,W009,water,0,1790653420.034773,1790653427.117354,1790653427.138081
2026-02-23 10:45:00+00:00,W001,water,0,1790653420.035101,1790653427.117354,1790653427.138081
2026-02-23 10:45:00+00:00,W000,water,0,1790653420.035127,1790653427.117354,1790653427.138081
2026-02-23 10:30:00+00:00,W008,water,0,1790653420.035446,1790653427.117354,1790653427.138081
2026-02-23 10:30:00+00:00,W004,water,0,1790653420.037374,1790653427.117354,1790653427.138081
2026-02-23 11:15:00+00:00,E005,electricity,0,1790653420.037435,1790653427.117354,1790653427.138081
2026-02-23 11:15:00+00:00,E009,electricity,0,1790653420.037464,1790653427.117354,1790653427.138081
2026-02-23 11:15:00+00:00,E008,electricity,0,1790653420.037490,1790653427.117354,1790653427.138081
2026-02-23 11:15:00+00:00,E007,electricity,0,1790653420.037515,1790653427.117354,1790653427.138081
2026-02-23 11:15:00+00:00,E000,electricity,0,1790653420.037539,1790653427.117354,1790653427.138081
2026-02-23 11:15:00+00:00,E001,electricity,0,1790653420.037564,1790653427.117354,1790653427.138081
2026-02-23 11:15:00+00:00,E006,electricity,0,1790653420.037587,1790653427.117354,1790653427.138081
2026-02-23 11:15:00+00:00,E004,electricity,0,1790653420.037610,1790653427.117354,1790653427.138081
2026-02-23 11:15:00+00:00,E002,electricity,0,1790653420.037634,1790653427.117354,1790653427.138081
2026-02-23 11:15:00+00:00,E003,electricity,0,1790653420.037657,1790653427.117354,1790653427.138081
2026-02-23 10:45:00+00:00,W007,water,0,1790653420.037681,1790653427.117354,1790653427.138081
2026-02-23 10:45:00+00:00,W005,water,0,1790653420.037705,1790653427.117354,1790653427.138081
2026-02-23 10:45:00+00:00,W003,water,0,1790653420.038289,1790653427.117354,1790653427.138081
2026-02-23 11:00:00+00:00,W002,water,0,1790653420.038489,1790653427.117354,1790653427.138081
2026-02-23 11:00:00+00:00,W006,water,0,1790653420.038773,1790653427.117354,1790653427.138081
2026-02-23 11:00:00+00:00,W009,water,0,1790653420.039647,1790653427.117354,1790653427.138081
2026-02-23 11:00:00+00:00,W000,water,0,1790653420.039842,1790653427.117354,1790653427.138081
2026-02-23 11:30:00+00:00,E008,electricity,0,1790653420.041593,1790653427.117354,1790653427.138081
2026-02-23 11:30:00+00:00,E006,electricity,0,1790653420.041771,1790653427.117354,1790653427.138081
2026-02-23 11:30:00+00:00,E001,electricity,0,1790653420.041798,1790653427.117354,1790653427.138081
2026-02-23 11:30:00+00:00,E009,electricity,0,1790653420.041821,1790653427.117354,1790653427.138081
2026-02-23 11:30:00+00:00,E004,electricity,0,1790653420.041844,1790653427.117354,1790653427.138081
2026-02-23 11:30:00+00:00,E000,electricity,0,1790653420.041867,1790653427.117354,1790653427.138081
2026-02-23 11:30:00+00:00,E002,electricity,0,1790653420.041889,1790653427.117354,1790653427.138081
2026-02-23 11:30:00+00:00,E003,electricity,0,1790653420.041912,1790653427.117354,1790653427.138081
2026-02-23 11:30:00+00:00,E007,electricity,0,1790653420.041936,1790653427.117354,1790653427.138081
2026-02-23 11:30:00+00:00,E005,electricity,0,1790653420.041958,1790653427.117354,1790653427.138081
2026-02-23 11:00:00+00:00,W008,water,0,1790653420.042000,1790653427.117354,1790653427.138081
2026-02-23 11:15:00+00:00,W003,water,0,1790653420.042490,1790653427.117354,1790653427.138081
2026-02-23 11:00:00+00:00,W001,water,0,1790653420.042692,1790653427.117354,1790653427.138081
2026-02-23 11:15:00+00:00,W006,water,0,1790653420.044247,1790653427.117354,1790653427.138081
2026-02-23 11:15:00+00:00,W002,water,0,1790653420.044622,1790653427.117354,1790653427.138081
2026-02-23 11:15:00+00:00,W009,water,0,1790653420.044885,1790653427.117354,1790653427.138081
2026-02-23 11:00:00+00:00,W004,water,0,1790653420.045142,1790653427.117354,1790653427.138081
2026-02-23 11:15:00+00:00,W005,water,0,1790653420.045292,1790653427.117354,1790653427.138081
2026-02-23 11:15:00+00:00,W007,water,0,1790653420.045407,1790653427.117354,1790653427.138081
2026-02-23 11:15:00+00:00,W000,water,0,1790653420.045856,1790653427.117354,1790653427.138081
2026-02-23 11:45:00+00:00,E009,electricity,0,1790653420.046092,1790653427.117354,1790653427.138081
2026-02-23 11:45:00+00:00,E001,electricity,0,1790653420.046120,1790653427.117354,1790653427.138081
2026-02-23 11:45:00+00:00,E002,electricity,0,1790653420.046144,1790653427.117354,1790653427.138081
2026-02-23 11:45:00+00:00,E004,electricity,0,1790653420.046180,1790653427.117354,1790653427.138081
2026-02-23 11:45:00+00:00,E003,electricity,0,1790653420.046210,1790653427.117354,1790653427.138081
2026-02-23 11:45:00+00:00,E006,electricity,0,1790653420.046234,1790653427.117354,1790653427.138081
2026-02-23 11:45:00+00:00,E008,electricity,0,1790653420.046256,1790653427.117354,1790653427.138081
2026-02-23 11:45:00+00:00,E007,electricity,0,1790653420.046278,1790653427.117354,1790653427.138081
2026-02-23 11:45:00+00:00,E000,electricity,0,1790653420.046300,1790653427.117354,1790653427.138081
2026-02-23 11:45:00+00:00,E005,electricity,0,1790653420.046322,1790653427.117354,1790653427.138081
2026-02-23 11:30:00+00:00,W006,water,0,1790653420.047466,1790653427.117354,1790653427.138081
2026-02-23 11:30:00+00:00,W003,water,0,1790653420.047586,1790653427.117354,1790653427.138081
2026-02-23 11:30:00+00:00,W005,water,0,1790653420.048179,1790653427.117354,1790653427.138081
2026-02-23 11:30:00+00:00,W009,water,0,1790653420.049438,1790653427.117354,1790653427.138081
2026-02-23 11:30:00+00:00,W004,water,0,1790653420.049826,1790653427.117354,1790653427.138081
2026-02-23 11:30:00+00:00,W008,water,0,1790653420.050837,1790653427.117354,1790653427.138081
2026-02-23 12:00:00+00:00,E005,electricity,0,1790653420.050870,1790653427.117354,1790653427.138081
2026-02-23 12:00:00+00:00,E000,electricity,0,1790653420.050896,1790653427.117354,1790653427.138081
2026-02-23 12:00:00+00:00,E002,electricity,0,1790653420.050930,1790653427.117354,1790653427.138081
2026-02-23 12:00:00+00:00,E001,electricity,0,1790653420.050963,1790653427.117354,1790653427.138081
2026-02-23 12:00:00+00:00,G005,gas,0,1790653420.050988,1790653427.117354,1790653427.138081
2026-02-23 12:00:00+00:00,E004,electricity,0,1790653420.051011,1790653427.117354,1790653427.138081
2026-02-23 12:00:00+00:00,G009,gas,0,1790653420.051034,1790653427.117354,1790653427.138081
2026-02-23 12:00:00+00:00,G000,gas,0,1790653420.051057,1790653427.117354,1790653427.138081
2026-02-23 12:00:00+00:00,G008,gas,0,1790653420.051080,1790653427.117354,1790653427.138081
2026-02-23 12:00:00+00:00,G004,gas,0,1790653420.051102,1790653427.117354,1790653427.138081
2026-02-23 12:00:00+00:00,E003,electricity,0,1790653420.051132,1790653427.117354,1790653427.138081
2026-02-23 12:00:00+00:00,G007,gas,0,1790653420.051157,1790653427.117354,1790653427.138081
2026-02-23 12:00:00+00:00,E009,electricity,0,1790653420.051179,1790653427.117354,1790653427.138081
2026-02-23 12:00:00+00:00,E008,electricity,0,1790653420.051202,1790653427.117354,1790653427.138081
2026-02-23 12:00:00+00:00,G003,gas,0,1790653420.051224,1790653427.117354,1790653427.138081
2026-02-23 12:00:00+00:00,G001,gas,0,1790653420.051247,1790653427.117354,1790653427.138081
2026-02-23 12:00:00+00:00,G006,gas,0,1790653420.051270,1790653427.117354,1790653427.138081
2026-02-23 12:00:00+00:00,E007,electricity,0,1790653420.051302,1790653427.117354,1790653427.138081
2026-02-23 12:00:00+00:00,E006,electricity,0,1790653420.051325,1790653427.117354,1790653427.138081
2026-02-23 12:00:00+00:00,G002,gas,0,1790653420.051348,1790653427.117354,1790653427.138081
2026-02-23 11:30:00+00:00,W001,water,0,1790653420.051721,1790653427.117354,1790653427.138081
2026-02-23 11:45:00+00:00,W003,water,0,1790653420.051782,1790653427.117354,1790653427.138081
2026-02-23 11:45:00+00:00,W006,water,1,1790653420.051809,1790653427.117354,1790653427.138081
2026-02-23 11:30:00+00:00,W000,water,0,1790653420.052050,1790653427.117354,1790653427.138081
2026-02-23 11:45:00+00:00,W005,water,0,1790653420.052748,1790653427.117354,1790653427.138081
2026-02-23 11:30:00+00:00,W002,water,0,1790653420.052987,1790653427.117354,1790653427.138081
2026-02-23 11:30:00+00:00,W007,water,0,1790653420.053362,1790653427.117354,1790653427.138081
2026-02-23 12:15:00+00:00,E000,electricity,0,1790653420.055093,1790653427.117354,1790653427.138081
2026-02-23 12:15:00+00:00,E002,electricity,0,1790653420.055134,1790653427.117354,1790653427.138081
2026-02-23 12:15:00+00:00,E004,electricity,0,1790653420.055159,1790653427.117354,1790653427.138081
2026-02-23 12:15:00+00:00,E006,electricity,0,1790653420.055184,1790653427.117354,1790653427.138081
2026-02-23 12:15:00+00:00,E003,electricity,0,1790653420.055215,1790653427.117354,1790653427.138081
2026-02-23 12:15:00+00:00,E001,electricity,0,1790653420.055239,1790653427.117354,1790653427.138081
2026-02-23 12:15:00+00:00,E009,electricity,0,1790653420.055269,1790653427.117354,1790653427.138081
2026-02-23 12:15:00+00:00,E005,electricity,0,1790653420.055291,1790653427.117354,1790653427.138081
2026-02-23 12:15:00+00:00,E007,electricity,0,1790653420.055313,1790653427.117354,1790653427.138081
2026-02-23 12:15:00+00:00,E008,electricity,0,1790653420.055335,1790653427.117354,1790653427.138081
2026-02-23 12:00:00+00:00,W001,water,0,1790653420.055722,1790653427.117354,1790653427.138081
2026-02-23 12:00:00+00:00,W006,water,0,1790653420.057208,1790653427.117354,1790653427.138081
2026-02-23 12:00:00+00:00,W002,water,0,1790653420.057462,1790653427.117354,1790653427.138081
2026-02-23 12:00:00+00:00,W000,water,0,1790653420.058263,1790653427.117354,1790653427.138081
2026-02-23 11:45:00+00:00,W009,water,0,1790653420.058311,1790653427.117354,1790653427.138081
2026-02-23 11:45:00+00:00,W004,water,0,1790653420.058683,1790653427.117354,1790653427.138081
2026-02-23 12:00:00+00:00,W005,water,0,1790653420.059041,1790653427.117354,1790653427.138081
2026-02-23 12:00:00+00:00,W003,water,0,1790653420.059489,1790653427.117354,1790653427.138081
2026-02-23 11:45:00+00:00,W008,water,0,1790653420.059518,1790653427.117354,1790653427.138081
2026-02-23 12:30:00+00:00,E004,electricity,0,1790653420.059541,1790653427.117354,1790653427.138081
2026-02-23 12:30:00+00:00,E000,electricity,0,1790653420.059564,1790653427.117354,1790653427.138081
2026-02-23 12:30:00+00:00,E007,electricity,0,1790653420.059586,1790653427.117354,1790653427.138081
2026-02-23 12:30:00+00:00,E003,electricity,0,1790653420.059609,1790653427.117354,1790653427.138081
2026-02-23 12:30:00+00:00,E001,electricity,0,1790653420.059632,1790653427.117354,1790653427.138081
2026-02-23 12:30:00+00:00,E008,electricity,0,1790653420.059654,1790653427.117354,1790653427.138081
2026-02-23 12:30:00+00:00,E005,electricity,0,1790653420.059677,1790653427.117354,1790653427.138081
2026-02-23 12:30:00+00:00,E002,electricity,0,1790653420.059699,1790653427.117354,1790653427.138081
2026-02-23 12:30:00+00:00,E009,electricity,0,1790653420.059720,1790653427.117354,1790653427.138081
2026-02-23 12:30:00+00:00,E006,electricity,0,1790653420.059741,1790653427.117354,1790653427.138081
2026-02-23 12:00:00+00:00,W007,water,0,1790653420.060008,1790653427.117354,1790653427.138081
2026-02-23 12:15:00+00:00,W002,water,0,1790653420.060652,1790653427.117354,1790653427.138081
2026-02-23 12:15:00+00:00,W004,water,0,1790653420.061773,1790653427.117354,1790653427.138081
2026-02-23 12:15:00+00:00,W009,water,0,1790653420.062511,1790653427.117354,1790653427.138081
2026-02-23 12:45:00+00:00,E007,electricity,0,1790653420.064099,1790653427.117354,1790653427.138081
2026-02-23 12:45:00+00:00,E005,electricity,0,1790653420.064175,1790653427.117354,1790653427.138081
2026-02-23 12:45:00+00:00,E000,electricity,0,1790653420.064223,1790653427.117354,1790653427.138081
2026-02-23 12:45:00+00:00,E008,electricity,0,1790653420.064251,1790653427.117354,1790653427.138081
2026-02-23 12:45:00+00:00,E009,electricity,0,1790653420.064285,1790653427.117354,1790653427.138081
2026-02-23 12:45:00+00:00,E002,electricity,0,1790653420.064311,1790653427.117354,1790653427.138081
2026-02-23 12:45:00+00:00,E004,electricity,0,1790653420.064335,1790653427.117354,1790653427.138081
2026-02-23 12:45:00+00:00,E006,electricity,0,1790653420.064360,1790653427.117354,1790653427.138081
2026-02-23 12:45:00+00:00,E001,electricity,0,1790653420.064385,1790653427.117354,1790653427.138081
2026-02-23 12:45:00+00:00,E003,electricity,0,1790653420.064409,1790653427.117354,1790653427.138081
2026-02-23 12:15:00+00:00,W001,water,0,1790653420.064560,1790653427.117354,1790653427.138081
2026-02-23 12:15:00+00:00,W006,water,0,1790653420.064594,1790653427.117354,1790653427.138081
2026-02-23 12:15:00+00:00,W008,water,0,1790653420.064620,1790653427.117354,1790653427.138081
2026-02-23 12:15:00+00:00,W005,water,0,1790653420.065342,1790653427.117354,1790653427.138081
2026-02-23 12:15:00+00:00,W000,water,0,1790653420.066887,1790653427.117354,1790653427.138081
2026-02-23 12:15:00+00:00,W003,water,0,1790653420.067661,1790653427.117354,1790653427.138081
2026-02-23 12:30:00+00:00,W002,water,0,1790653420.068462,1790653427.117354,1790653427.138081
2026-02-23 13:00:00+00:00,G009,gas,0,1790653420.068591,1790653427.117354,1790653427.138081
2026-02-23 13:00:00+00:00,G000,gas,0,1790653420.068617,1790653427.117354,1790653427.138081
2026-02-23 13:00:00+00:00,E002,electricity,0,1790653420.068641,1790653427.117354,1790653427.138081
2026-02-23 13:00:00+00:00,G008,gas,0,1790653420.068664,1790653427.117354,1790653427.138081
2026-02-23 13:00:00+00:00,E005,electricity,0,1790653420.068687,1790653427.117354,1790653427.138081
2026-02-23 13:00:00+00:00,G007,gas,0,1790653420.068710,1790653427.117354,1790653427.138081
2026-02-23 13:00:00+00:00,E007,electricity,0,1790653420.068742,1790653427.117354,1790653427.138081
2026-02-23 13:00:00+00:00,G004,gas,0,1790653420.068767,1790653427.117354,1790653427.138081
2026-02-23 13:00:00+00:00,E004,electricity,0,1790653420.068790,1790653427.117354,1790653427.138081
2026-02-23 13:00:00+00:00,G006,gas,0,1790653420.068814,1790653427.117354,1790653427.138081
2026-02-23 13:00:00+00:00,G002,gas,0,1790653420.068864,1790653427.117354,1790653427.138081
2026-02-23 13:00:00+00:00,E008,electricity,0,1790653420.068888,1790653427.117354,1790653427.138081
2026-02-23 13:00:00+00:00,E001,electricity,0,1790653420.068911,1790653427.117354,1790653427.138081
2026-02-23 13:00:00+00:00,G003,gas,0,1790653420.068935,1790653427.117354,1790653427.138081
2026-02-23 13:00:00+00:00,E003,electricity,0,1790653420.068959,1790653427.117354,1790653427.138081
2026-02-23 13:00:00+00:00,E009,electricity,0,1790653420.069012,1790653427.117354,1790653427.138081
2026-02-23 13:00:00+00:00,G005,gas,0,1790653420.069045,1790653427.117354,1790653427.138081
2026-02-23 13:00:00+00:00,E006,electricity,0,1790653420.069068,1790653427.117354,1790653427.138081
2026-02-23 13:00:00+00:00,G001,gas,0,1790653420.069092,1790653427.117354,1790653427.138081
2026-02-23 13:00:00+00:00,E000,electricity,0,1790653420.069139,1790653427.117354,1790653427.138081
2026-02-23 12:30:00+00:00,W007,water,0,1790653420.069163,1790653427.117354,1790653427.138081
2026-02-23 12:45:00+00:00,W001,water,0,1790653420.069186,1790653428.209784,1790653428.230082
2026-02-23 12:45:00+00:00,W000,water,0,1790653420.069538,1790653428.209784,1790653428.230082
2026-02-23 12:30:00+00:00,W004,water,0,1790653420.070640,1790653428.209784,1790653428.230082
2026-02-23 12:30:00+00:00,W009,water,0,1790653420.070697,1790653428.209784,1790653428.230082
2026-02-23 12:45:00+00:00,W003,water,0,1790653420.070740,1790653428.209784,1790653428.230082
2026-02-23 12:45:00+00:00,W008,water,0,1790653420.071972,1790653428.209784,1790653428.230082
2026-02-23 13:15:00+00:00,E003,electricity,0,1790653420.073091,1790653428.209784,1790653428.230082
2026-02-23 13:15:00+00:00,E007,electricity,0,1790653420.073119,1790653428.209784,1790653428.230082
2026-02-23 13:15:00+00:00,E006,electricity,0,1790653420.073143,1790653428.209784,1790653428.230082
2026-02-23 13:15:00+00:00,E002,electricity,0,1790653420.073167,1790653428.209784,1790653428.230082
2026-02-23 13:15:00+00:00,E009,electricity,0,1790653420.073190,1790653428.209784,1790653428.230082
2026-02-23 13:15:00+00:00,E004,electricity,0,1790653420.073214,1790653428.209784,1790653428.230082
2026-02-23 13:15:00+00:00,E005,electricity,0,1790653420.073237,1790653428.209784,1790653428.230082
2026-02-23 13:15:00+00:00,E000,electricity,0,1790653420.073260,1790653428.209784,1790653428.230082
2026-02-23 13:15:00+00:00,E001,electricity,0,1790653420.073282,1790653428.209784,1790653428.230082
2026-02-23 13:15:00+00:00,E008,electricity,0,1790653420.073305,1790653428.209784,1790653428.230082
2026-02-23 12:45:00+00:00,W005,water,0,1790653420.073327,1790653428.209784,1790653428.230082
2026-02-23 12:45:00+00:00,W002,water,0,1790653420.074048,1790653428.209784,1790653428.230082
2026-02-23 13:00:00+00:00,W003,water,0,1790653420.075258,1790653428.209784,1790653428.230082
2026-02-23 13:00:00+00:00,W007,water,0,1790653420.075341,1790653428.209784,1790653428.230082
2026-02-23 13:00:00+00:00,W001,water,0,1790653420.075730,1790653428.209784,1790653428.230082
2026-02-23 13:00:00+00:00,W009,water,0,1790653420.076318,1790653428.209784,1790653428.230082
2026-02-23 13:00:00+00:00,W008,water,0,1790653420.076955,1790653428.209784,1790653428.230082
2026-02-23 12:45:00+00:00,W006,water,0,1790653420.077081,1790653428.209784,1790653428.230082
2026-02-23 13:30:00+00:00,E001,electricity,0,1790653420.077626,1790653428.209784,1790653428.230082
2026-02-23 13:30:00+00:00,E000,electricity,0,1790653420.077677,1790653428.209784,1790653428.230082
2026-02-23 13:30:00+00:00,E007,electricity,0,1790653420.077705,1790653428.209784,1790653428.230082
2026-02-23 13:30:00+00:00,E008,electricity,0,1790653420.077730,1790653428.209784,1790653428.230082
2026-02-23 13:30:00+00:00,E009,electricity,0,1790653420.077753,1790653428.209784,1790653428.230082
2026-02-23 13:30:00+00:00,E006,electricity,0,1790653420.077777,1790653428.209784,1790653428.230082
2026-02-23 13:30:00+00:00,E005,electricity,0,1790653420.077800,1790653428.209784,1790653428.230082
2026-02-23 13:30:00+00:00,E004,electricity,0,1790653420.077823,1790653428.209784,1790653428.230082
2026-02-23 13:30:00+00:00,E003,electricity,0,1790653420.077846,1790653428.209784,1790653428.230082
2026-02-23 13:30:00+00:00,E002,electricity,0,1790653420.077868,1790653428.209784,1790653428.230082
2026-02-23 13:00:00+00:00,W000,water,0,1790653420.077891,1790653428.209784,1790653428.230082
2026-02-23 13:00:00+00:00,W004,water,0,1790653420.077986,1790653428.209784,1790653428.230082
2026-02-23 13:15:00+00:00,W005,water,0,1790653420.078587,1790653428.209784,1790653428.230082
2026-02-23 13:15:00+00:00,W003,water,0,1790653420.079197,1790653428.209784,1790653428.230082
2026-02-23 13:15:00+00:00,W002,water,0,1790653420.079832,1790653428.209784,1790653428.230082
2026-02-23 13:15:00+00:00,W008,water,0,1790653420.081967,1790653428.209784,1790653428.230082
2026-02-23 13:45:00+00:00,E003,electricity,0,1790653420.082091,1790653428.209784,1790653428.230082
2026-02-23 13:45:00+00:00,E004,electricity,0,1790653420.082117,1790653428.209784,1790653428.230082
2026-02-23 13:45:00+00:00,E000,electricity,0,1790653420.082141,1790653428.209784,1790653428.230082
2026-02-23 13:45:00+00:00,E008,electricity,0,1790653420.082178,1790653428.209784,1790653428.230082
2026-02-23 13:45:00+00:00,E009,electricity,0,1790653420.082201,1790653428.209784,1790653428.230082
2026-02-23 13:45:00+00:00,E007,electricity,0,1790653420.082232,1790653428.209784,1790653428.230082
2026-02-23 13:45:00+00:00,E006,electricity,0,1790653420.082255,1790653428.209784,1790653428.230082
2026-02-23 13:45:00+00:00,E002,electricity,0,1790653420.082279,1790653428.209784,1790653428.230082
2026-02-23 13:45:00+00:00,E001,electricity,0,1790653420.082301,1790653428.209784,1790653428.230082
2026-02-23 13:45:00+00:00,E005,electricity,0,1790653420.082324,1790653428.209784,1790653428.230082
2026-02-23 13:30:00+00:00,W004,water,0,1790653420.083929,1790653428.209784,1790653428.230082
2026-02-23 13:15:00+00:00,W007,water,0,1790653420.084080,1790653428.209784,1790653428.230082
2026-02-23 13:15:00+00:00,W001,water,0,1790653420.084363,1790653428.209784,1790653428.230082
2026-02-23 13:15:00+00:00,W009,water,0,1790653420.084893,1790653428.209784,1790653428.230082
2026-02-23 13:30:00+00:00,W005,water,0,1790653420.085352,1790653428.209784,1790653428.230082
2026-02-23 13:15:00+00:00,W006,water,0,1790653420.085766,1790653428.209784,1790653428.230082
2026-02-23 14:00:00+00:00,E007,electricity,0,1790653420.086592,1790653428.209784,1790653428.230082
2026-02-23 14:00:00+00:00,E003,electricity,0,1790653420.086620,1790653428.209784,1790653428.230082
2026-02-23 14:00:00+00:00,E001,electricity,0,1790653420.086644,1790653428.209784,1790653428.230082
2026-02-23 14:00:00+00:00,G000,gas,0,1790653420.086667,1790653428.209784,1790653428.230082
2026-02-23 14:00:00+00:00,G007,gas,0,1790653420.086690,1790653428.209784,1790653428.230082
2026-02-23 14:00:00+00:00,E000,electricity,0,1790653420.086713,1790653428.209784,1790653428.230082
2026-02-23 14:00:00+00:00,E004,electricity,0,1790653420.086737,1790653428.209784,1790653428.230082
2026-02-23 14:00:00+00:00,G008,gas,0,1790653420.086760,1790653428.209784,1790653428.230082
2026-02-23 14:00:00+00:00,G005,gas,0,1790653420.086783,1790653428.209784,1790653428.230082
2026-02-23 14:00:00+00:00,G004,gas,0,1790653420.086807,1790653428.209784,1790653428.230082
2026-02-23 14:00:00+00:00,E005,electricity,0,1790653420.086842,1790653428.209784,1790653428.230082
2026-02-23 14:00:00+00:00,E009,electricity,0,1790653420.086866,1790653428.209784,1790653428.230082
2026-02-23 14:00:00+00:00,G002,gas,0,1790653420.086889,1790653428.209784,1790653428.230082
2026-02-23 14:00:00+00:00,E008,electricity,0,1790653420.086912,1790653428.209784,1790653428.230082
2026-02-23 14:00:00+00:00,G001,gas,0,1790653420.086935,1790653428.209784,1790653428.230082
2026-02-23 14:00:00+00:00,E002,electricity,0,1790653420.086959,1790653428.209784,1790653428.230082
2026-02-23 14:00:00+00:00,G009,gas,0,1790653420.086982,1790653428.209784,1790653428.230082
2026-02-23 14:00:00+00:00,G003,gas,0,1790653420.087004,1790653428.209784,1790653428.230082
2026-02-23 14:00:00+00:00,E006,electricity,0,1790653420.087028,1790653428.209784,1790653428.230082
2026-02-23 14:00:00+00:00,G006,gas,0,1790653420.087050,1790653428.209784,1790653428.230082
2026-02-23 13:30:00+00:00,W000,water,0,1790653420.087072,1790653428.209784,1790653428.230082
2026-02-23 13:45:00+00:00,W005,water,0,1790653420.087095,1790653428.209784,1790653428.230082
2026-02-23 13:30:00+00:00,W003,water,0,1790653420.087646,1790653428.209784,1790653428.230082
2026-02-23 13:30:00+00:00,W002,water,0,1790653420.088271,1790653428.209784,1790653428.230082
2026-02-23 13:30:00+00:00,W008,water,0,1790653420.088776,1790653428.209784,1790653428.230082
2026-02-23 13:45:00+00:00,W001,water,0,1790653420.088803,1790653428.209784,1790653428.230082
2026-02-23 13:45:00+00:00,W006,water,0,1790653420.089297,1790653428.209784,1790653428.230082
2026-02-23 13:45:00+00:00,W007,water,0,1790653420.090243,1790653428.209784,1790653428.230082
2026-02-23 13:45:00+00:00,W004,water,0,1790653420.090890,1790653428.209784,1790653428.230082
2026-02-23 14:15:00+00:00,E000,electricity,0,1790653420.091095,1790653428.209784,1790653428.230082
2026-02-23 14:15:00+00:00,E007,electricity,0,1790653420.091129,1790653428.209784,1790653428.230082
2026-02-23 14:15:00+00:00,E009,electricity,0,1790653420.091155,1790653428.209784,1790653428.230082
2026-02-23 14:15:00+00:00,E004,electricity,0,1790653420.091181,1790653428.209784,1790653428.230082
2026-02-23 14:15:00+00:00,E006,electricity,0,1790653420.091206,1790653428.209784,1790653428.230082
2026-02-23 14:15:00+00:00,E008,electricity,0,1790653420.091230,1790653428.209784,1790653428.230082
2026-02-23 14:15:00+00:00,E005,electricity,0,1790653420.091255,1790653428.209784,1790653428.230082
2026-02-23 14:15:00+00:00,E002,electricity,0,1790653420.091280,1790653428.209784,1790653428.230082
2026-02-23 14:15:00+00:00,E001,electricity,0,1790653420.091304,1790653428.209784,1790653428.230082
2026-02-23 14:15:00+00:00,E003,electricity,0,1790653420.091329,1790653428.209784,1790653428.230082
2026-02-23 14:00:00+00:00,W008,water,0,1790653420.092357,1790653428.209784,1790653428.230082
2026-02-23 14:00:00+00:00,W003,water,0,1790653420.092390,1790653428.209784,1790653428.230082
2026-02-23 13:45:00+00:00,W009,water,0,1790653420.092546,1790653428.209784,1790653428.230082
2026-02-23 14:00:00+00:00,W000,water,0,1790653420.092573,1790653428.209784,1790653428.230082
2026-02-23 14:00:00+00:00,W002,water,0,1790653420.092797,1790653428.209784,1790653428.230082
2026-02-23 14:00:00+00:00,W007,water,0,1790653420.094763,1790653428.209784,1790653428.230082
2026-02-23 14:00:00+00:00,W006,water,0,1790653420.094794,1790653428.209784,1790653428.230082
2026-02-23 14:30:00+00:00,E002,electricity,0,1790653420.095591,1790653428.209784,1790653428.230082
2026-02-23 14:30:00+00:00,E000,electricity,0,1790653420.095620,1790653428.209784,1790653428.230082
2026-02-23 14:30:00+00:00,E003,electricity,0,1790653420.095657,1790653428.209784,1790653428.230082
2026-02-23 14:30:00+00:00,E008,electricity,0,1790653420.095681,1790653428.209784,1790653428.230082
2026-02-23 14:30:00+00:00,E009,electricity,0,1790653420.095705,1790653428.209784,1790653428.230082
2026-02-23 14:30:00+00:00,E001,electricity,0,1790653420.095729,1790653428.209784,1790653428.230082
2026-02-23 14:30:00+00:00,E007,electricity,0,1790653420.095752,1790653428.209784,1790653428.230082
2026-02-23 14:30:00+00:00,E004,electricity,0,1790653420.095776,1790653428.209784,1790653428.230082
2026-02-23 14:30:00+00:00,E006,electricity,0,1790653420.095799,1790653428.209784,1790653428.230082
2026-02-23 14:30:00+00:00,E005,electricity,0,1790653420.095822,1790653428.209784,1790653428.230082
2026-02-23 14:00:00+00:00,W001,water,0,1790653420.096826,1790653428.209784,1790653428.230082
2026-02-23 14:15:00+00:00,W006,water,0,1790653420.097204,1790653428.209784,1790653428.230082
2026-02-23 14:15:00+00:00,W007,water,0,1790653420.097778,1790653428.209784,1790653428.230082
2026-02-23 14:00:00+00:00,W004,water,0,1790653420.097887,1790653428.209784,1790653428.230082
2026-02-23 14:15:00+00:00,W003,water,0,1790653420.098582,1790653428.209784,1790653428.230082
2026-02-23 14:00:00+00:00,W005,water,0,1790653420.098751,1790653428.209784,1790653428.230082
2026-02-23 14:15:00+00:00,W009,water,0,1790653420.099041,1790653428.209784,1790653428.230082
2026-02-23 14:15:00+00:00,W000,water,0,1790653420.099350,1790653428.209784,1790653428.230082
2026-02-23 14:15:00+00:00,W002,water,0,1790653420.099786,1790653428.209784,1790653428.230082
2026-02-23 14:45:00+00:00,E002,electricity,0,1790653420.100091,1790653428.209784,1790653428.230082
2026-02-23 14:45:00+00:00,E007,electricity,0,1790653420.100118,1790653428.209784,1790653428.230082
2026-02-23 14:45:00+00:00,E006,electricity,0,1790653420.100141,1790653428.209784,1790653428.230082
2026-02-23 14:45:00+00:00,E000,electricity,0,1790653420.100165,1790653428.209784,1790653428.230082
2026-02-23 14:45:00+00:00,E008,electricity,0,1790653420.100200,1790653428.209784,1790653428.230082
2026-02-23 14:45:00+00:00,E004,electricity,0,1790653420.100230,1790653428.209784,1790653428.230082
2026-02-23 14:45:00+00:00,E009,electricity,0,1790653420.100255,1790653428.209784,1790653428.230082
2026-02-23 14:45:00+00:00,E001,electricity,0,1790653420.100277,1790653428.209784,1790653428.230082
2026-02-23 14:45:00+00:00,E005,electricity,0,1790653420.100323,1790653428.209784,1790653428.230082
2026-02-23 14:45:00+00:00,E003,electricity,0,1790653420.100345,1790653428.209784,1790653428.230082
2026-02-23 14:15:00+00:00,W008,water,0,1790653420.100367,1790653428.209784,1790653428.230082
2026-02-23 14:30:00+00:00,W006,water,0,1790653420.100390,1790653428.209784,1790653428.230082
2026-02-23 14:30:00+00:00,W003,water,0,1790653420.102252,1790653428.209784,1790653428.230082
2026-02-23 14:30:00+00:00,W001,water,0,1790653420.103210,1790653428.209784,1790653428.230082
2026-02-23 14:30:00+00:00,W000,water,0,1790653420.103611,1790653428.209784,1790653428.230082
2026-02-23 14:30:00+00:00,W007,water,0,1790653420.103671,1790653428.209784,1790653428.230082
2026-02-23 14:30:00+00:00,W005,water,0,1790653420.103924,1790653428.209784,1790653428.230082
2026-02-23 15:00:00+00:00,G006,gas,0,1790653420.104571,1790653428.209784,1790653428.230082
2026-02-23 15:00:00+00:00,G005,gas,0,1790653420.104596,1790653428.209784,1790653428.230082
2026-02-23 15:00:00+00:00,G004,gas,0,1790653420.104620,1790653428.209784,1790653428.230082
2026-02-23 15:00:00+00:00,G002,gas,0,1790653420.104643,1790653428.209784,1790653428.230082
2026-02-23 15:00:00+00:00,E004,electricity,0,1790653420.104666,1790653428.209784,1790653428.230082
2026-02-23 15:00:00+00:00,E005,electricity,0,1790653420.104689,1790653428.209784,1790653428.230082
2026-02-23 15:00:00+00:00,E001,electricity,0,1790653420.104712,1790653428.209784,1790653428.230082
2026-02-23 15:00:00+00:00,E009,electricity,0,1790653420.104734,1790653428.209784,1790653428.230082
2026-02-23 15:00:00+00:00,E006,electricity,0,1790653420.104756,1790653428.209784,1790653428.230082
2026-02-23 15:00:00+00:00,G009,gas,0,1790653420.104778,1790653428.209784,1790653428.230082
2026-02-23 15:00:00+00:00,E000,electricity,0,1790653420.104800,1790653428.209784,1790653428.230082
2026-02-23 15:00:00+00:00,G003,gas,0,1790653420.104822,1790653428.209784,1790653428.230082
2026-02-23 15:00:00+00:00,E007,electricity,0,1790653420.104845,1790653428.209784,1790653428.230082
2026-02-23 15:00:00+00:00,G001,gas,0,1790653420.104867,1790653428.209784,1790653428.230082
2026-02-23 15:00:00+00:00,E008,electricity,0,1790653420.104889,1790653428.209784,1790653428.230082
2026-02-23 15:00:00+00:00,E002,electricity,0,1790653420.104912,1790653428.209784,1790653428.230082
2026-02-23 15:00:00+00:00,G000,gas,0,1790653420.104943,1790653428.209784,1790653428.230082
2026-02-23 15:00:00+00:00,E003,electricity,0,1790653420.104967,1790653428.209784,1790653428.230082
2026-02-23 15:00:00+00:00,G007,gas,0,1790653420.104990,1790653428.209784,1790653428.230082
2026-02-23 15:00:00+00:00,G008,gas,0,1790653420.105014,1790653428.209784,1790653428.230082
2026-02-23 14:45:00+00:00,W007,water,0,1790653420.105318,1790653428.209784,1790653428.230082
2026-02-23 14:45:00+00:00,W005,water,0,1790653420.105656,1790653428.209784,1790653428.230082
2026-02-23 14:45:00+00:00,W000,water,0,1790653420.105846,1790653428.209784,1790653428.230082
2026-02-23 14:30:00+00:00,W009,water,0,1790653420.105956,1790653428.209784,1790653428.230082
2026-02-23 14:30:00+00:00,W004,water,0,1790653420.106373,1790653428.209784,1790653428.230082
2026-02-23 14:45:00+00:00,W006,water,0,1790653420.106636,1790653428.209784,1790653428.230082
2026-02-23 14:45:00+00:00,W001,water,0,1790653420.107737,1790653428.209784,1790653428.230082
2026-02-23 14:30:00+00:00,W002,water,0,1790653420.107764,1790653428.209784,1790653428.230082
2026-02-23 14:45:00+00:00,W003,water,0,1790653420.110102,1790653428.209784,1790653428.230082
2026-02-23 15:15:00+00:00,E004,electricity,0,1790653420.110203,1790653428.209784,1790653428.230082
2026-02-23 15:15:00+00:00,E006,electricity,0,1790653420.110235,1790653428.209784,1790653428.230082
2026-02-23 15:15:00+00:00,E003,electricity,0,1790653420.110263,1790653428.209784,1790653428.230082
2026-02-23 15:15:00+00:00,E008,electricity,0,1790653420.110288,1790653428.209784,1790653428.230082
2026-02-23 15:15:00+00:00,E000,electricity,0,1790653420.110312,1790653428.209784,1790653428.230082
2026-02-23 15:15:00+00:00,E005,electricity,0,1790653420.110336,1790653428.209784,1790653428.230082
2026-02-23 15:15:00+00:00,E009,electricity,0,1790653420.110358,1790653428.209784,1790653428.230082
2026-02-23 15:15:00+00:00,E002,electricity,0,1790653420.110382,1790653428.209784,1790653428.230082
2026-02-23 15:15:00+00:00,E007,electricity,0,1790653420.110404,1790653428.209784,1790653428.230082
2026-02-23 15:15:00+00:00,E001,electricity,0,1790653420.110426,1790653428.209784,1790653428.230082
2026-02-23 15:00:00+00:00,W006,water,0,1790653420.110449,1790653428.209784,1790653428.230082
2026-02-23 14:45:00+00:00,W008,water,0,1790653420.111144,1790653428.209784,1790653428.230082
2026-02-23 15:00:00+00:00,W004,water,0,1790653420.111637,1790653428.209784,1790653428.230082
2026-02-23 15:30:00+00:00,E003,electricity,0,1790653420.113592,1790653428.209784,1790653428.230082
2026-02-23 15:30:00+00:00,E005,electricity,0,1790653420.113625,1790653428.209784,1790653428.230082
2026-02-23 15:30:00+00:00,E001,electricity,0,1790653420.113650,1790653428.209784,1790653428.230082
2026-02-23 15:30:00+00:00,E007,electricity,0,1790653420.113676,1790653428.209784,1790653428.230082
2026-02-23 15:30:00+00:00,E000,electricity,0,1790653420.113699,1790653428.209784,1790653428.230082
2026-02-23 15:30:00+00:00,E002,electricity,0,1790653420.113723,1790653428.209784,1790653428.230082
2026-02-23 15:30:00+00:00,E008,electricity,0,1790653420.113746,1790653428.209784,1790653428.230082
2026-02-23 15:30:00+00:00,E009,electricity,0,1790653420.113769,1790653428.209784,1790653428.230082
2026-02-23 15:30:00+00:00,E006,electricity,0,1790653420.113793,1790653429.127750,1790653429.153243
2026-02-23 15:30:00+00:00,E004,electricity,0,1790653420.113817,1790653429.127750,1790653429.153243
2026-02-23 15:00:00+00:00,W000,water,0,1790653420.113841,1790653429.127750,1790653429.153243
2026-02-23 15:00:00+00:00,W002,water,0,1790653420.113865,1790653429.127750,1790653429.153243
2026-02-23 15:00:00+00:00,W003,water,0,1790653420.114002,1790653429.127750,1790653429.153243
2026-02-23 15:00:00+00:00,W007,water,0,1790653420.114301,1790653429.127750,1790653429.153243
2026-02-23 15:00:00+00:00,W005,water,0,1790653420.114656,1790653429.127750,1790653429.153243
2026-02-23 15:15:00+00:00,W004,water,0,1790653420.114982,1790653429.127750,1790653429.153243
2026-02-23 15:00:00+00:00,W009,water,0,1790653420.115417,1790653429.127750,1790653429.153243
2026-02-23 15:00:00+00:00,W001,water,0,1790653420.116912,1790653429.127750,1790653429.153243
2026-02-23 15:15:00+00:00,W006,water,0,1790653420.117582,1790653429.127750,1790653429.153243
2026-02-23 15:45:00+00:00,E008,electricity,0,1790653420.118092,1790653429.127750,1790653429.153243
2026-02-23 15:45:00+00:00,E004,electricity,0,1790653420.118129,1790653429.127750,1790653429.153243
2026-02-23 15:45:00+00:00,E006,electricity,0,1790653420.118157,1790653429.127750,1790653429.153243
2026-02-23 15:45:00+00:00,E003,electricity,0,1790653420.118182,1790653429.127750,1790653429.153243
2026-02-23 15:45:00+00:00,E002,electricity,0,1790653420.118207,1790653429.127750,1790653429.153243
2026-02-23 15:45:00+00:00,E000,electricity,0,1790653420.118231,1790653429.127750,1790653429.153243
2026-02-23 15:45:00+00:00,E005,electricity,0,1790653420.118253,1790653429.127750,1790653429.153243
2026-02-23 15:45:00+00:00,E001,electricity,0,1790653420.118277,1790653429.127750,1790653429.153243
2026-02-23 15:45:00+00:00,E009,electricity,0,1790653420.118301,1790653429.127750,1790653429.153243
2026-02-23 15:45:00+00:00,E007,electricity,0,1790653420.118324,1790653429.127750,1790653429.153243
2026-02-23 15:15:00+00:00,W008,water,0,1790653420.118428,1790653429.127750,1790653429.153243
2026-02-23 15:30:00+00:00,W005,water,0,1790653420.118455,1790653429.127750,1790653429.153243
2026-02-23 15:30:00+00:00,W003,water,0,1790653420.118717,1790653429.127750,1790653429.153243
2026-02-23 15:30:00+00:00,W002,water,0,1790653420.119801,1790653429.127750,1790653429.153243
2026-02-23 15:30:00+00:00,W007,water,0,1790653420.119829,1790653429.127750,1790653429.153243
2026-02-23 15:30:00+00:00,W000,water,0,1790653420.119855,1790653429.127750,1790653429.153243
2026-02-23 15:30:00+00:00,W009,water,0,1790653420.122356,1790653429.127750,1790653429.153243
2026-02-23 16:00:00+00:00,E003,electricity,0,1790653420.122591,1790653429.127750,1790653429.153243
2026-02-23 16:00:00+00:00,G009,gas,0,1790653420.122617,1790653429.127750,1790653429.153243
2026-02-23 16:00:00+00:00,G005,gas,0,1790653420.122654,1790653429.127750,1790653429.153243
2026-02-23 16:00:00+00:00,E006,electricity,0,1790653420.122679,1790653429.127750,1790653429.153243
2026-02-23 16:00:00+00:00,G002,gas,0,1790653420.122719,1790653429.127750,1790653429.153243
2026-02-23 16:00:00+00:00,G008,gas,0,1790653420.122742,1790653429.127750,1790653429.153243
2026-02-23 16:00:00+00:00,E002,electricity,0,1790653420.122772,1790653429.127750,1790653429.153243
2026-02-23 16:00:00+00:00,E000,electricity,0,1790653420.122796,1790653429.127750,1790653429.153243
2026-02-23 16:00:00+00:00,G000,gas,0,1790653420.122820,1790653429.127750,1790653429.153243
2026-02-23 16:00:00+00:00,G006,gas,0,1790653420.122843,1790653429.127750,1790653429.153243
2026-02-23 16:00:00+00:00,G001,gas,0,1790653420.122866,1790653429.127750,1790653429.153243
2026-02-23 16:00:00+00:00,E005,electricity,0,1790653420.122889,1790653429.127750,1790653429.153243
2026-02-23 16:00:00+00:00,G004,gas,0,1790653420.122911,1790653429.127750,1790653429.153243
2026-02-23 16:00:00+00:00,E001,electricity,0,1790653420.122934,1790653429.127750,1790653429.153243
2026-02-23 16:00:00+00:00,E008,electricity,0,1790653420.122956,1790653429.127750,1790653429.153243
2026-02-23 16:00:00+00:00,E007,electricity,0,1790653420.122980,1790653429.127750,1790653429.153243
2026-02-23 16:00:00+00:00,G003,gas,0,1790653420.123002,1790653429.127750,1790653429.153243
2026-02-23 16:00:00+00:00,E004,electricity,0,1790653420.123043,1790653429.127750,1790653429.153243
2026-02-23 16:00:00+00:00,E009,electricity,0,1790653420.123066,1790653429.127750,1790653429.153243
2026-02-23 16:00:00+00:00,G007,gas,0,1790653420.123096,1790653429.127750,1790653429.153243
2026-02-23 15:30:00+00:00,W001,water,0,1790653420.123119,1790653429.127750,1790653429.153243
2026-02-23 15:45:00+00:00,W002,water,0,1790653420.125014,1790653429.127750,1790653429.153243
2026-02-23 15:45:00+00:00,W008,water,0,1790653420.125068,1790653429.127750,1790653429.153243
2026-02-23 15:30:00+00:00,W004,water,0,1790653420.125401,1790653429.127750,1790653429.153243
2026-02-23 15:30:00+00:00,W006,water,0,1790653420.125567,1790653429.127750,1790653429.153243
2026-02-23 15:45:00+00:00,W003,water,0,1790653420.126329,1790653429.127750,1790653429.153243
2026-02-23 16:15:00+00:00,E001,electricity,0,1790653420.127092,1790653429.127750,1790653429.153243
2026-02-23 16:15:00+00:00,E008,electricity,0,1790653420.127120,1790653429.127750,1790653429.153243
2026-02-23 16:15:00+00:00,E007,electricity,0,1790653420.127143,1790653429.127750,1790653429.153243
2026-02-23 16:15:00+00:00,E000,electricity,0,1790653420.127166,1790653429.127750,1790653429.153243
2026-02-23 16:15:00+00:00,E009,electricity,0,1790653420.127188,1790653429.127750,1790653429.153243
2026-02-23 16:15:00+00:00,E003,electricity,0,1790653420.127223,1790653429.127750,1790653429.153243
2026-02-23 16:15:00+00:00,E002,electricity,0,1790653420.127248,1790653429.127750,1790653429.153243
2026-02-23 16:15:00+00:00,E005,electricity,0,1790653420.127277,1790653429.127750,1790653429.153243
2026-02-23 16:15:00+00:00,E006,electricity,0,1790653420.127302,1790653429.127750,1790653429.153243
2026-02-23 16:15:00+00:00,E004,electricity,0,1790653420.127324,1790653429.127750,1790653429.153243
2026-02-23 16:00:00+00:00,W002,water,0,1790653420.127348,1790653429.127750,1790653429.153243
2026-02-23 15:45:00+00:00,W000,water,0,1790653420.127370,1790653429.127750,1790653429.153243
2026-02-23 16:00:00+00:00,W003,water,0,1790653420.128069,1790653429.127750,1790653429.153243
2026-02-23 15:45:00+00:00,W007,water,0,1790653420.128316,1790653429.127750,1790653429.153243
2026-02-23 16:00:00+00:00,W004,water,0,1790653420.128636,1790653429.127750,1790653429.153243
2026-02-23 15:45:00+00:00,W009,water,0,1790653420.128916,1790653429.127750,1790653429.153243
2026-02-23 15:45:00+00:00,W005,water,0,1790653420.129947,1790653429.127750,1790653429.153243
2026-02-23 16:30:00+00:00,E003,electricity,0,1790653420.131594,1790653429.127750,1790653429.153243
2026-02-23 16:30:00+00:00,E000,electricity,0,1790653420.131648,1790653429.127750,1790653429.153243
2026-02-23 16:30:00+00:00,E002,electricity,0,1790653420.131677,1790653429.127750,1790653429.153243
2026-02-23 16:30:00+00:00,E008,electricity,0,1790653420.131702,1790653429.127750,1790653429.153243
2026-02-23 16:30:00+00:00,E004,electricity,0,1790653420.131726,1790653429.127750,1790653429.153243
2026-02-23 16:30:00+00:00,E001,electricity,0,1790653420.131749,1790653429.127750,1790653429.153243
2026-02-23 16:30:00+00:00,E005,electricity,0,1790653420.131772,1790653429.127750,1790653429.153243
2026-02-23 16:30:00+00:00,E009,electricity,0,1790653420.131795,1790653429.127750,1790653429.153243
2026-02-23 16:30:00+00:00,E006,electricity,0,1790653420.131832,1790653429.127750,1790653429.153243
2026-02-23 16:30:00+00:00,E007,electricity,0,1790653420.131855,1790653429.127750,1790653429.153243
2026-02-23 16:15:00+00:00,W009,water,0,1790653420.132364,1790653429.127750,1790653429.153243
2026-02-23 16:15:00+00:00,W004,water,0,1790653420.132941,1790653429.127750,1790653429.153243
2026-02-23 16:00:00+00:00,W008,water,0,1790653420.133130,1790653429.127750,1790653429.153243
2026-02-23 16:15:00+00:00,W000,water,0,1790653420.133296,1790653429.127750,1790653429.153243
2026-02-23 16:00:00+00:00,W006,water,0,1790653420.133322,1790653429.127750,1790653429.153243
2026-02-23 16:00:00+00:00,W001,water,0,1790653420.134998,1790653429.127750,1790653429.153243
2026-02-23 16:15:00+00:00,W002,water,0,1790653420.135191,1790653429.127750,1790653429.153243
2026-02-23 16:15:00+00:00,W003,water,1,1790653420.135671,1790653429.127750,1790653429.153243
2026-02-23 16:45:00+00:00,E000,electricity,0,1790653420.136092,1790653429.127750,1790653429.153243
2026-02-23 16:45:00+00:00,E006,electricity,0,1790653420.136134,1790653429.127750,1790653429.153243
2026-02-23 16:45:00+00:00,E002,electricity,0,1790653420.136165,1790653429.127750,1790653429.153243
2026-02-23 16:45:00+00:00,E003,electricity,0,1790653420.136189,1790653429.127750,1790653429.153243
2026-02-23 16:45:00+00:00,E009,electricity,0,1790653420.136212,1790653429.127750,1790653429.153243
2026-02-23 16:45:00+00:00,E008,electricity,0,1790653420.136235,1790653429.127750,1790653429.153243
2026-02-23 16:45:00+00:00,E004,electricity,0,1790653420.136257,1790653429.127750,1790653429.153243
2026-02-23 16:45:00+00:00,E007,electricity,0,1790653420.136278,1790653429.127750,1790653429.153243
2026-02-23 16:45:00+00:00,E001,electricity,1,1790653420.136300,1790653429.127750,1790653429.153243
2026-02-23 16:45:00+00:00,E005,electricity,0,1790653420.136331,1790653429.127750,1790653429.153243
2026-02-23 16:15:00+00:00,W007,water,0,1790653420.137156,1790653429.127750,1790653429.153243
2026-02-23 16:30:00+00:00,W004,water,0,1790653420.137213,1790653429.127750,1790653429.153243
2026-02-23 16:15:00+00:00,W005,water,0,1790653420.137255,1790653429.127750,1790653429.153243
2026-02-23 16:30:00+00:00,W009,water,0,1790653420.137453,1790653429.127750,1790653429.153243
2026-02-23 16:30:00+00:00,W002,water,0,1790653420.138598,1790653429.127750,1790653429.153243
2026-02-23 16:30:00+00:00,W000,water,0,1790653420.138707,1790653429.127750,1790653429.153243
2026-02-23 16:30:00+00:00,W006,water,0,1790653420.139146,1790653429.127750,1790653429.153243
2026-02-23 17:00:00+00:00,G009,gas,0,1790653420.140592,1790653429.127750,1790653429.153243
2026-02-23 17:00:00+00:00,G000,gas,0,1790653420.140622,1790653429.127750,1790653429.153243
2026-02-23 17:00:00+00:00,E009,electricity,0,1790653420.140646,1790653429.127750,1790653429.153243
2026-02-23 17:00:00+00:00,G003,gas,0,1790653420.140671,1790653429.127750,1790653429.153243
2026-02-23 17:00:00+00:00,G008,gas,0,1790653420.140693,1790653429.127750,1790653429.153243
2026-02-23 17:00:00+00:00,G002,gas,0,1790653420.140716,1790653429.127750,1790653429.153243
2026-02-23 17:00:00+00:00,G005,gas,0,1790653420.140739,1790653429.127750,1790653429.153243
2026-02-23 17:00:00+00:00,E006,electricity,0,1790653420.140762,1790653429.127750,1790653429.153243
2026-02-23 17:00:00+00:00,E001,electricity,0,1790653420.140783,1790653429.127750,1790653429.153243
2026-02-23 17:00:00+00:00,E005,electricity,0,1790653420.140806,1790653429.127750,1790653429.153243
2026-02-23 17:00:00+00:00,E000,electricity,0,1790653420.140828,1790653429.127750,1790653429.153243
2026-02-23 17:00:00+00:00,G004,gas,0,1790653420.140850,1790653429.127750,1790653429.153243
2026-02-23 17:00:00+00:00,E008,electricity,0,1790653420.140873,1790653429.127750,1790653429.153243
2026-02-23 17:00:00+00:00,G001,gas,0,1790653420.140910,1790653429.127750,1790653429.153243
2026-02-23 17:00:00+00:00,G007,gas,0,1790653420.140939,1790653429.127750,1790653429.153243
2026-02-23 17:00:00+00:00,E007,electricity,0,1790653420.140963,1790653429.127750,1790653429.153243
2026-02-23 17:00:00+00:00,E003,electricity,0,1790653420.140993,1790653429.127750,1790653429.153243
2026-02-23 17:00:00+00:00,E002,electricity,0,1790653420.141016,1790653429.127750,1790653429.153243
2026-02-23 17:00:00+00:00,E004,electricity,0,1790653420.141039,1790653429.127750,1790653429.153243
2026-02-23 17:00:00+00:00,G006,gas,0,1790653420.141061,1790653429.127750,1790653429.153243
2026-02-23 16:45:00+00:00,W006,water,0,1790653420.141083,1790653429.127750,1790653429.153243
2026-02-23 16:45:00+00:00,W000,water,0,1790653420.141106,1790653429.127750,1790653429.153243
2026-02-23 16:30:00+00:00,W003,water,0,1790653420.141207,1790653429.127750,1790653429.153243
2026-02-23 16:30:00+00:00,W008,water,0,1790653420.141396,1790653429.127750,1790653429.153243
2026-02-23 16:45:00+00:00,W005,water,0,1790653420.141667,1790653429.127750,1790653429.153243
2026-02-23 16:45:00+00:00,W002,water,0,1790653420.142146,1790653429.127750,1790653429.153243
2026-02-23 16:30:00+00:00,W001,water,0,1790653420.143866,1790653429.127750,1790653429.153243
2026-02-23 17:15:00+00:00,E004,electricity,0,1790653420.145094,1790653429.127750,1790653429.153243
2026-02-23 17:15:00+00:00,E001,electricity,0,1790653420.145128,1790653429.127750,1790653429.153243
2026-02-23 17:15:00+00:00,E000,electricity,0,1790653420.145154,1790653429.127750,1790653429.153243
2026-02-23 17:15:00+00:00,E005,electricity,0,1790653420.145180,1790653429.127750,1790653429.153243
2026-02-23 17:15:00+00:00,E008,electricity,0,1790653420.145204,1790653429.127750,1790653429.153243
2026-02-23 17:15:00+00:00,E006,electricity,0,1790653420.145227,1790653429.127750,1790653429.153243
2026-02-23 17:15:00+00:00,E003,electricity,0,1790653420.145250,1790653429.127750,1790653429.153243
2026-02-23 17:15:00+00:00,E009,electricity,0,1790653420.145285,1790653429.127750,1790653429.153243
2026-02-23 17:15:00+00:00,E002,electricity,1,1790653420.145308,1790653429.127750,1790653429.153243
2026-02-23 17:15:00+00:00,E007,electricity,0,1790653420.145330,1790653429.127750,1790653429.153243
2026-02-23 16:45:00+00:00,W004,water,0,1790653420.145353,1790653429.127750,1790653429.153243
2026-02-23 16:45:00+00:00,W007,water,0,1790653420.145673,1790653429.127750,1790653429.153243
2026-02-23 17:00:00+00:00,W001,water,1,1790653420.147022,1790653429.127750,1790653429.153243
2026-02-23 16:45:00+00:00,W009,water,0,1790653420.147581,1790653429.127750,1790653429.153243
2026-02-23 17:00:00+00:00,W006,water,0,1790653420.147941,1790653429.127750,1790653429.153243
2026-02-23 17:00:00+00:00,W000,water,0,1790653420.148626,1790653429.127750,1790653429.153243
2026-02-23 17:00:00+00:00,W003,water,0,1790653420.149066,1790653429.127750,1790653429.153243
2026-02-23 17:30:00+00:00,E007,electricity,0,1790653420.149574,1790653429.127750,1790653429.153243
2026-02-23 17:30:00+00:00,E008,electricity,0,1790653420.149598,1790653429.127750,1790653429.153243
2026-02-23 17:30:00+00:00,E004,electricity,0,1790653420.149621,1790653429.127750,1790653429.153243
2026-02-23 17:30:00+00:00,E002,electricity,0,1790653420.149642,1790653429.127750,1790653429.153243
2026-02-23 17:30:00+00:00,E000,electricity,0,1790653420.149664,1790653429.127750,1790653429.153243
2026-02-23 17:30:00+00:00,E001,electricity,0,1790653420.149687,1790653429.127750,1790653429.153243
2026-02-23 17:30:00+00:00,E005,electricity,0,1790653420.149709,1790653429.127750,1790653429.153243
2026-02-23 17:30:00+00:00,E009,electricity,0,1790653420.149732,1790653429.127750,1790653429.153243
2026-02-23 17:30:00+00:00,E006,electricity,0,1790653420.149755,1790653429.127750,1790653429.153243
2026-02-23 17:30:00+00:00,E003,electricity,0,1790653420.149776,1790653429.127750,1790653429.153243
2026-02-23 17:00:00+00:00,W002,water,0,1790653420.150642,1790653429.127750,1790653429.153243
2026-02-23 17:15:00+00:00,W001,water,0,1790653420.150702,1790653429.127750,1790653429.153243
2026-02-23 17:00:00+00:00,W008,water,0,1790653420.150732,1790653429.127750,1790653429.153243
2026-02-23 17:15:00+00:00,W000,water,0,1790653420.150758,1790653429.127750,1790653429.153243
2026-02-23 17:15:00+00:00,W006,water,0,1790653420.151836,1790653429.127750,1790653429.153243
2026-02-23 17:00:00+00:00,W005,water,0,1790653420.151998,1790653429.127750,1790653429.153243
2026-02-23 17:15:00+00:00,W007,water,0,1790653420.153561,1790653429.127750,1790653429.153243
2026-02-23 17:45:00+00:00,E000,electricity,0,1790653420.154091,1790653429.127750,1790653429.153243
2026-02-23 17:45:00+00:00,E003,electricity,1,1790653420.154118,1790653429.127750,1790653429.153243
2026-02-23 17:45:00+00:00,E005,electricity,1,1790653420.154142,1790653429.127750,1790653429.153243
2026-02-23 17:45:00+00:00,E006,electricity,0,1790653420.154165,1790653429.127750,1790653429.153243
2026-02-23 17:45:00+00:00,E002,electricity,0,1790653420.154203,1790653429.127750,1790653429.153243
2026-02-23 17:45:00+00:00,E001,electricity,1,1790653420.154227,1790653429.127750,1790653429.153243
2026-02-23 17:45:00+00:00,E004,electricity,0,1790653420.154250,1790653429.127750,1790653429.153243
2026-02-23 17:45:00+00:00,E007,electricity,0,1790653420.154279,1790653429.127750,1790653429.153243
2026-02-23 17:45:00+00:00,E009,electricity,0,1790653420.154303,1790653429.127750,1790653429.153243
2026-02-23 17:45:00+00:00,E008,electricity,0,1790653420.154326,1790653429.127750,1790653429.153243
2026-02-23 17:15:00+00:00,W004,water,0,1790653420.154349,1790653429.127750,1790653429.153243
2026-02-23 17:30:00+00:00,W001,water,0,1790653420.154371,1790653429.127750,1790653429.153243
2026-02-23 17:30:00+00:00,W002,water,0,1790653420.156119,1790653429.127750,1790653429.153243
2026-02-23 17:15:00+00:00,W009,water,0,1790653420.156159,1790653430.161248,1790653430.202029
2026-02-23 17:15:00+00:00,W003,water,0,1790653420.157134,1790653430.161248,1790653430.202029
2026-02-23 18:00:00+00:00,G006,gas,0,1790653420.158591,1790653430.161248,1790653430.202029
2026-02-23 18:00:00+00:00,E005,electricity,1,1790653420.158622,1790653430.161248,1790653430.202029
2026-02-23 18:00:00+00:00,E003,electricity,0,1790653420.158659,1790653430.161248,1790653430.202029
2026-02-23 18:00:00+00:00,G000,gas,0,1790653420.158684,1790653430.161248,1790653430.202029
2026-02-23 18:00:00+00:00,G009,gas,0,1790653420.158708,1790653430.161248,1790653430.202029
2026-02-23 18:00:00+00:00,E009,electricity,0,1790653420.158731,1790653430.161248,1790653430.202029
2026-02-23 18:00:00+00:00,G001,gas,0,1790653420.158753,1790653430.161248,1790653430.202029
2026-02-23 18:00:00+00:00,E007,electricity,0,1790653420.158776,1790653430.161248,1790653430.202029
2026-02-23 18:00:00+00:00,E006,electricity,0,1790653420.158798,1790653430.161248,1790653430.202029
2026-02-23 18:00:00+00:00,G007,gas,0,1790653420.158820,1790653430.161248,1790653430.202029
2026-02-23 18:00:00+00:00,E001,electricity,1,1790653420.158842,1790653430.161248,1790653430.202029
2026-02-23 18:00:00+00:00,G003,gas,0,1790653420.158864,1790653430.161248,1790653430.202029
2026-02-23 18:00:00+00:00,G004,gas,0,1790653420.158885,1790653430.161248,1790653430.202029
2026-02-23 18:00:00+00:00,E008,electricity,0,1790653420.158908,1790653430.161248,1790653430.202029
2026-02-23 18:00:00+00:00,G008,gas,0,1790653420.158939,1790653430.161248,1790653430.202029
2026-02-23 18:00:00+00:00,G002,gas,0,1790653420.158962,1790653430.161248,1790653430.202029
2026-02-23 18:00:00+00:00,E002,electricity,0,1790653420.158984,1790653430.161248,1790653430.202029
2026-02-23 18:00:00+00:00,G005,gas,0,1790653420.159019,1790653430.161248,1790653430.202029
2026-02-23 18:00:00+00:00,E000,electricity,0,1790653420.159041,1790653430.161248,1790653430.202029
2026-02-23 18:00:00+00:00,E004,electricity,0,1790653420.159063,1790653430.161248,1790653430.202029
2026-02-23 17:30:00+00:00,W006,water,0,1790653420.159092,1790653430.161248,1790653430.202029
2026-02-23 17:45:00+00:00,W009,water,1,1790653420.159354,1790653430.161248,1790653430.202029
2026-02-23 17:30:00+00:00,W000,water,0,1790653420.159452,1790653430.161248,1790653430.202029
2026-02-23 17:30:00+00:00,W005,water,0,1790653420.160298,1790653430.161248,1790653430.202029
2026-02-23 17:30:00+00:00,W008,water,0,1790653420.160632,1790653430.161248,1790653430.202029
2026-02-23 17:30:00+00:00,W007,water,0,1790653420.161785,1790653430.161248,1790653430.202029
2026-02-23 18:15:00+00:00,E006,electricity,0,1790653420.163734,1790653430.161248,1790653430.202029
2026-02-23 18:15:00+00:00,E001,electricity,1,1790653420.163764,1790653430.161248,1790653430.202029
2026-02-23 18:15:00+00:00,E005,electricity,0,1790653420.163790,1790653430.161248,1790653430.202029
2026-02-23 18:15:00+00:00,E009,electricity,1,1790653420.163815,1790653430.161248,1790653430.202029
2026-02-23 18:15:00+00:00,E000,electricity,0,1790653420.163841,1790653430.161248,1790653430.202029
2026-02-23 18:15:00+00:00,E007,electricity,0,1790653420.163865,1790653430.161248,1790653430.202029
2026-02-23 18:15:00+00:00,E008,electricity,0,1790653420.163889,1790653430.161248,1790653430.202029
2026-02-23 18:15:00+00:00,E002,electricity,0,1790653420.163913,1790653430.161248,1790653430.202029
2026-02-23 18:15:00+00:00,E004,electricity,0,1790653420.163952,1790653430.161248,1790653430.202029
2026-02-23 18:15:00+00:00,E003,electricity,0,1790653420.163978,1790653430.161248,1790653430.202029
2026-02-23 17:45:00+00:00,W003,water,0,1790653420.164001,1790653430.161248,1790653430.202029
2026-02-23 18:00:00+00:00,W000,water,0,1790653420.164025,1790653430.161248,1790653430.202029
2026-02-23 18:00:00+00:00,W009,water,0,1790653420.164047,1790653430.161248,1790653430.202029
2026-02-23 17:45:00+00:00,W002,water,0,1790653420.164685,1790653430.161248,1790653430.202029
2026-02-23 17:45:00+00:00,W001,water,0,1790653420.166043,1790653430.161248,1790653430.202029
2026-02-23 17:45:00+00:00,W004,water,1,1790653420.166883,1790653430.161248,1790653430.202029
2026-02-23 18:00:00+00:00,W007,water,1,1790653420.167001,1790653430.161248,1790653430.202029
2026-02-23 18:00:00+00:00,W006,water,0,1790653420.167246,1790653430.161248,1790653430.202029
2026-02-23 18:30:00+00:00,E007,electricity,0,1790653420.167592,1790653430.161248,1790653430.202029
2026-02-23 18:30:00+00:00,E005,electricity,1,1790653420.167620,1790653430.161248,1790653430.202029
2026-02-23 18:30:00+00:00,E002,electricity,1,1790653420.167643,1790653430.161248,1790653430.202029
2026-02-23 18:30:00+00:00,E000,electricity,0,1790653420.167667,1790653430.161248,1790653430.202029
2026-02-23 18:30:00+00:00,E009,electricity,1,1790653420.167705,1790653430.161248,1790653430.202029
2026-02-23 18:30:00+00:00,E003,electricity,0,1790653420.167736,1790653430.161248,1790653430.202029
2026-02-23 18:30:00+00:00,E006,electricity,0,1790653420.167760,1790653430.161248,1790653430.202029
2026-02-23 18:30:00+00:00,E004,electricity,1,1790653420.167782,1790653430.161248,1790653430.202029
2026-02-23 18:30:00+00:00,E001,electricity,0,1790653420.167811,1790653430.161248,1790653430.202029
2026-02-23 18:30:00+00:00,E008,electricity,0,1790653420.167834,1790653430.161248,1790653430.202029
2026-02-23 18:15:00+00:00,W003,water,0,1790653420.168218,1790653430.161248,1790653430.202029
2026-02-23 18:00:00+00:00,W005,water,1,1790653420.168246,1790653430.161248,1790653430.202029
2026-02-23 18:15:00+00:00,W001,water,0,1790653420.168557,1790653430.161248,1790653430.202029
2026-02-23 18:15:00+00:00,W000,water,0,1790653420.169533,1790653430.161248,1790653430.202029
2026-02-23 18:15:00+00:00,W002,water,0,1790653420.169564,1790653430.161248,1790653430.202029
2026-02-23 18:15:00+00:00,W004,water,0,1790653420.170590,1790653430.161248,1790653430.202029
2026-02-23 18:00:00+00:00,W008,water,0,1790653420.171119,1790653430.161248,1790653430.202029
2026-02-23 18:15:00+00:00,W007,water,0,1790653420.171622,1790653430.161248,1790653430.202029
2026-02-23 18:45:00+00:00,E004,electricity,0,1790653420.172092,1790653430.161248,1790653430.202029
2026-02-23 18:45:00+00:00,E002,electricity,0,1790653420.172122,1790653430.161248,1790653430.202029
2026-02-23 18:45:00+00:00,E007,electricity,1,1790653420.172147,1790653430.161248,1790653430.202029
2026-02-23 18:45:00+00:00,E009,electricity,0,1790653420.172172,1790653430.161248,1790653430.202029
2026-02-23 18:45:00+00:00,E005,electricity,1,1790653420.172196,1790653430.161248,1790653430.202029
2026-02-23 18:45:00+00:00,E003,electricity,1,1790653420.172220,1790653430.161248,1790653430.202029
2026-02-23 18:45:00+00:00,E006,electricity,0,1790653420.172243,1790653430.161248,1790653430.202029
2026-02-23 18:45:00+00:00,E001,electricity,0,1790653420.172266,1790653430.161248,1790653430.202029
2026-02-23 18:45:00+00:00,E000,electricity,0,1790653420.172288,1790653430.161248,1790653430.202029
2026-02-23 18:45:00+00:00,E008,electricity,0,1790653420.172311,1790653430.161248,1790653430.202029
2026-02-23 18:30:00+00:00,W005,water,0,1790653420.175064,1790653430.161248,1790653430.202029
2026-02-23 18:15:00+00:00,W006,water,0,1790653420.175366,1790653430.161248,1790653430.202029
2026-02-23 18:15:00+00:00,W009,water,0,1790653420.175626,1790653430.161248,1790653430.202029
2026-02-23 18:30:00+00:00,W002,water,0,1790653420.175796,1790653430.161248,1790653430.202029
2026-02-23 18:30:00+00:00,W003,water,0,1790653420.176061,1790653430.161248,1790653430.202029
2026-02-23 18:30:00+00:00,W000,water,0,1790653420.176202,1790653430.161248,1790653430.202029
2026-02-23 19:00:00+00:00,G005,gas,0,1790653420.177037,1790653430.161248,1790653430.202029
2026-02-23 19:00:00+00:00,E009,electricity,0,1790653420.177099,1790653430.161248,1790653430.202029
2026-02-23 19:00:00+00:00,G002,gas,0,1790653420.177128,1790653430.161248,1790653430.202029
2026-02-23 19:00:00+00:00,G000,gas,0,1790653420.177154,1790653430.161248,1790653430.202029
2026-02-23 19:00:00+00:00,E007,electricity,0,1790653420.177179,1790653430.161248,1790653430.202029
2026-02-23 19:00:00+00:00,E003,electricity,0,1790653420.177203,1790653430.161248,1790653430.202029
2026-02-23 19:00:00+00:00,E004,electricity,0,1790653420.177226,1790653430.161248,1790653430.202029
2026-02-23 19:00:00+00:00,E006,electricity,0,1790653420.177248,1790653430.161248,1790653430.202029
2026-02-23 19:00:00+00:00,G001,gas,0,1790653420.177271,1790653430.161248,1790653430.202029
2026-02-23 19:00:00+00:00,E001,electricity,0,1790653420.177293,1790653430.161248,1790653430.202029
2026-02-23 19:00:00+00:00,G009,gas,0,1790653420.177330,1790653430.161248,1790653430.202029
2026-02-23 19:00:00+00:00,G007,gas,1,1790653420.177352,1790653430.161248,1790653430.202029
2026-02-23 19:00:00+00:00,G006,gas,0,1790653420.177375,1790653430.161248,1790653430.202029
2026-02-23 19:00:00+00:00,G003,gas,0,1790653420.177398,1790653430.161248,1790653430.202029
2026-02-23 19:00:00+00:00,E000,electricity,1,1790653420.177481,1790653430.161248,1790653430.202029
2026-02-23 19:00:00+00:00,G004,gas,0,1790653420.177508,1790653430.161248,1790653430.202029
2026-02-23 19:00:00+00:00,E002,electricity,0,1790653420.177530,1790653430.161248,1790653430.202029
2026-02-23 19:00:00+00:00,E005,electricity,0,1790653420.177552,1790653430.161248,1790653430.202029
2026-02-23 19:00:00+00:00,G008,gas,1,1790653420.177576,1790653430.161248,1790653430.202029
2026-02-23 19:00:00+00:00,E008,electricity,0,1790653420.177599,1790653430.161248,1790653430.202029
2026-02-23 18:30:00+00:00,W004,water,0,1790653420.178260,1790653430.161248,1790653430.202029
2026-02-23 18:30:00+00:00,W008,water,0,1790653420.178318,1790653430.161248,1790653430.202029
2026-02-23 18:45:00+00:00,W009,water,0,1790653420.179262,1790653430.161248,1790653430.202029
2026-02-23 18:30:00+00:00,W001,water,0,1790653420.179487,1790653430.161248,1790653430.202029
2026-02-23 18:30:00+00:00,W007,water,0,1790653420.180482,1790653430.161248,1790653430.202029
2026-02-23 18:45:00+00:00,W005,water,0,1790653420.180866,1790653430.161248,1790653430.202029
2026-02-23 19:15:00+00:00,E003,electricity,1,1790653420.181091,1790653430.161248,1790653430.202029
2026-02-23 19:15:00+00:00,E006,electricity,0,1790653420.181119,1790653430.161248,1790653430.202029
2026-02-23 19:15:00+00:00,E002,electricity,0,1790653420.181143,1790653430.161248,1790653430.202029
2026-02-23 19:15:00+00:00,E004,electricity,1,1790653420.181180,1790653430.161248,1790653430.202029
2026-02-23 19:15:00+00:00,E000,electricity,0,1790653420.181213,1790653430.161248,1790653430.202029
2026-02-23 19:15:00+00:00,E008,electricity,0,1790653420.181237,1790653430.161248,1790653430.202029
2026-02-23 19:15:00+00:00,E009,electricity,0,1790653420.181259,1790653430.161248,1790653430.202029
2026-02-23 19:15:00+00:00,E001,electricity,0,1790653420.181282,1790653430.161248,1790653430.202029
2026-02-23 19:15:00+00:00,E005,electricity,0,1790653420.181304,1790653430.161248,1790653430.202029
2026-02-23 19:15:00+00:00,E007,electricity,0,1790653420.181327,1790653430.161248,1790653430.202029
2026-02-23 18:45:00+00:00,W002,water,0,1790653420.181587,1790653430.161248,1790653430.202029
2026-02-23 18:45:00+00:00,W000,water,0,1790653420.181615,1790653430.161248,1790653430.202029
2026-02-23 19:00:00+00:00,W001,water,0,1790653420.181792,1790653430.161248,1790653430.202029
2026-02-23 18:45:00+00:00,W003,water,0,1790653420.181819,1790653430.161248,1790653430.202029
2026-02-23 18:45:00+00:00,W006,water,0,1790653420.183235,1790653430.161248,1790653430.202029
2026-02-23 19:00:00+00:00,W008,water,0,1790653420.183298,1790653430.161248,1790653430.202029
2026-02-23 19:00:00+00:00,W009,water,0,1790653420.183328,1790653430.161248,1790653430.202029
2026-02-23 19:00:00+00:00,W007,water,0,1790653420.183581,1790653430.161248,1790653430.202029
2026-02-23 19:30:00+00:00,E003,electricity,0,1790653420.185597,1790653430.161248,1790653430.202029
2026-02-23 19:30:00+00:00,E001,electricity,0,1790653420.185630,1790653430.161248,1790653430.202029
2026-02-23 19:30:00+00:00,E005,electricity,1,1790653420.185656,1790653430.161248,1790653430.202029
2026-02-23 19:30:00+00:00,E002,electricity,0,1790653420.185680,1790653430.161248,1790653430.202029
2026-02-23 19:30:00+00:00,E004,electricity,0,1790653420.185704,1790653430.161248,1790653430.202029
2026-02-23 19:30:00+00:00,E000,electricity,0,1790653420.185726,1790653430.161248,1790653430.202029
2026-02-23 19:30:00+00:00,E006,electricity,0,1790653420.185749,1790653430.161248,1790653430.202029
2026-02-23 19:30:00+00:00,E007,electricity,0,1790653420.185771,1790653430.161248,1790653430.202029
2026-02-23 19:30:00+00:00,E009,electricity,0,1790653420.185794,1790653430.161248,1790653430.202029
2026-02-23 19:30:00+00:00,E008,electricity,1,1790653420.185829,1790653430.161248,1790653430.202029
2026-02-23 19:15:00+00:00,W007,water,0,1790653420.185851,1790653430.161248,1790653430.202029
2026-02-23 19:00:00+00:00,W004,water,0,1790653420.186361,1790653430.161248,1790653430.202029
2026-02-23 19:15:00+00:00,W003,water,1,1790653420.186669,1790653430.161248,1790653430.202029
2026-02-23 19:15:00+00:00,W006,water,0,1790653420.187493,1790653430.161248,1790653430.202029
2026-02-23 19:15:00+00:00,W009,water,0,1790653420.188524,1790653430.161248,1790653430.202029
2026-02-23 19:00:00+00:00,W005,water,0,1790653420.188551,1790653430.161248,1790653430.202029
2026-02-23 19:15:00+00:00,W008,water,0,1790653420.189004,1790653430.161248,1790653430.202029
2026-02-23 19:15:00+00:00,W000,water,0,1790653420.189669,1790653430.161248,1790653430.202029
2026-02-23 19:15:00+00:00,W001,water,0,1790653420.190089,1790653430.161248,1790653430.202029
2026-02-23 19:45:00+00:00,E007,electricity,0,1790653420.190145,1790653430.161248,1790653430.202029
2026-02-23 19:45:00+00:00,E002,electricity,0,1790653420.190175,1790653430.161248,1790653430.202029
2026-02-23 19:45:00+00:00,E006,electricity,0,1790653420.190201,1790653430.161248,1790653430.202029
2026-02-23 19:45:00+00:00,E003,electricity,1,1790653420.190226,1790653430.161248,1790653430.202029
2026-02-23 19:45:00+00:00,E009,electricity,0,1790653420.190250,1790653430.161248,1790653430.202029
2026-02-23 19:45:00+00:00,E004,electricity,0,1790653420.190273,1790653430.161248,1790653430.202029
2026-02-23 19:45:00+00:00,E008,electricity,0,1790653420.190297,1790653430.161248,1790653430.202029
2026-02-23 19:45:00+00:00,E001,electricity,0,1790653420.190321,1790653430.161248,1790653430.202029
2026-02-23 19:45:00+00:00,E005,electricity,0,1790653420.190345,1790653430.161248,1790653430.202029
2026-02-23 19:45:00+00:00,E000,electricity,0,1790653420.190370,1790653430.161248,1790653430.202029
2026-02-23 19:15:00+00:00,W002,water,0,1790653420.190394,1790653430.161248,1790653430.202029
2026-02-23 19:30:00+00:00,W004,water,1,1790653420.190785,1790653430.161248,1790653430.202029
2026-02-23 19:30:00+00:00,W006,water,0,1790653420.193018,1790653430.161248,1790653430.202029
2026-02-23 19:30:00+00:00,W005,water,0,1790653420.193206,1790653430.161248,1790653430.202029
2026-02-23 19:30:00+00:00,W001,water,0,1790653420.193568,1790653430.161248,1790653430.202029
2026-02-23 19:30:00+00:00,W003,water,0,1790653420.193961,1790653430.161248,1790653430.202029
2026-02-23 19:30:00+00:00,W008,water,0,1790653420.194332,1790653430.161248,1790653430.202029
2026-02-23 20:00:00+00:00,G007,gas,1,1790653420.194593,1790653430.161248,1790653430.202029
2026-02-23 20:00:00+00:00,E000,electricity,0,1790653420.194620,1790653430.161248,1790653430.202029
2026-02-23 20:00:00+00:00,G008,gas,1,1790653420.194645,1790653430.161248,1790653430.202029
2026-02-23 20:00:00+00:00,G006,gas,0,1790653420.194669,1790653430.161248,1790653430.202029
2026-02-23 20:00:00+00:00,G009,gas,1,1790653420.194692,1790653430.161248,1790653430.202029
2026-02-23 20:00:00+00:00,G003,gas,0,1790653420.194715,1790653430.161248,1790653430.202029
2026-02-23 20:00:00+00:00,E007,electricity,1,1790653420.194737,1790653430.161248,1790653430.202029
2026-02-23 20:00:00+00:00,G000,gas,0,1790653420.194775,1790653430.161248,1790653430.202029
2026-02-23 20:00:00+00:00,E001,electricity,0,1790653420.194798,1790653430.161248,1790653430.202029
2026-02-23 20:00:00+00:00,G001,gas,1,1790653420.194826,1790653430.161248,1790653430.202029
2026-02-23 20:00:00+00:00,G004,gas,0,1790653420.194850,1790653430.161248,1790653430.202029
2026-02-23 20:00:00+00:00,E005,electricity,0,1790653420.194872,1790653430.161248,1790653430.202029
2026-02-23 20:00:00+00:00,E006,electricity,0,1790653420.194903,1790653430.161248,1790653430.202029
2026-02-23 20:00:00+00:00,E002,electricity,0,1790653420.194927,1790653430.161248,1790653430.202029
2026-02-23 20:00:00+00:00,E008,electricity,0,1790653420.194950,1790653430.161248,1790653430.202029
2026-02-23 20:00:00+00:00,E004,electricity,0,1790653420.194973,1790653430.161248,1790653430.202029
2026-02-23 20:00:00+00:00,G005,gas,1,1790653420.194995,1790653430.161248,1790653430.202029
2026-02-23 20:00:00+00:00,E003,electricity,0,1790653420.195019,1790653430.161248,1790653430.202029
2026-02-23 20:00:00+00:00,G002,gas,0,1790653420.195043,1790653430.161248,1790653430.202029
2026-02-23 20:00:00+00:00,E009,electricity,0,1790653420.195065,1790653430.161248,1790653430.202029
2026-02-23 19:30:00+00:00,W007,water,0,1790653420.195623,1790653430.161248,1790653430.202029
2026-02-23 19:45:00+00:00,W002,water,0,1790653420.196747,1790653430.161248,1790653430.202029
2026-02-23 19:30:00+00:00,W000,water,0,1790653420.196823,1790653430.161248,1790653430.202029
2026-02-23 19:45:00+00:00,W004,water,0,1790653420.197236,1790653430.161248,1790653430.202029
2026-02-23 19:30:00+00:00,W009,water,0,1790653420.197299,1790653430.161248,1790653430.202029
2026-02-23 19:45:00+00:00,W008,water,0,1790653420.197328,1790653430.161248,1790653430.202029
2026-02-23 19:45:00+00:00,W001,water,0,1790653420.198190,1790653430.161248,1790653430.202029
2026-02-23 19:45:00+00:00,W006,water,0,1790653420.198974,1790653430.161248,1790653430.202029
2026-02-23 20:15:00+00:00,E009,electricity,0,1790653420.199110,1790653431.122116,1790653431.147425
2026-02-23 20:15:00+00:00,E002,electricity,0,1790653420.199139,1790653431.122116,1790653431.147425
2026-02-23 20:15:00+00:00,E006,electricity,0,1790653420.199164,1790653431.122116,1790653431.147425
2026-02-23 20:15:00+00:00,E004,electricity,0,1790653420.199187,1790653431.122116,1790653431.147425
2026-02-23 20:15:00+00:00,E008,electricity,0,1790653420.199210,1790653431.122116,1790653431.147425
2026-02-23 20:15:00+00:00,E005,electricity,0,1790653420.199233,1790653431.122116,1790653431.147425
2026-02-23 20:15:00+00:00,E003,electricity,0,1790653420.199268,1790653431.122116,1790653431.147425
2026-02-23 20:15:00+00:00,E000,electricity,0,1790653420.199299,1790653431.122116,1790653431.147425
2026-02-23 20:15:00+00:00,E001,electricity,0,1790653420.199322,1790653431.122116,1790653431.147425
2026-02-23 20:15:00+00:00,E007,electricity,0,1790653420.199345,1790653431.122116,1790653431.147425
2026-02-23 19:45:00+00:00,W005,water,1,1790653420.199642,1790653431.122116,1790653431.147425
2026-02-23 20:00:00+00:00,W008,water,0,1790653420.201963,1790653431.122116,1790653431.147425
2026-02-23 20:00:00+00:00,W004,water,0,1790653420.202111,1790653431.122116,1790653431.147425
2026-02-23 19:45:00+00:00,W003,water,0,1790653420.202201,1790653431.122116,1790653431.147425
2026-02-23 20:00:00+00:00,W000,water,0,1790653420.203260,1790653431.122116,1790653431.147425
2026-02-23 20:00:00+00:00,W007,water,0,1790653420.203329,1790653431.122116,1790653431.147425
2026-02-23 20:00:00+00:00,W001,water,0,1790653420.203360,1790653431.122116,1790653431.147425
2026-02-23 20:00:00+00:00,W002,water,0,1790653420.203798,1790653431.122116,1790653431.147425
2026-02-23 20:30:00+00:00,E008,electricity,0,1790653420.203863,1790653431.122116,1790653431.147425
2026-02-23 20:30:00+00:00,E001,electricity,0,1790653420.203892,1790653431.122116,1790653431.147425
2026-02-23 20:30:00+00:00,E009,electricity,0,1790653420.203930,1790653431.122116,1790653431.147425
2026-02-23 20:30:00+00:00,E003,electricity,0,1790653420.203954,1790653431.122116,1790653431.147425
2026-02-23 20:30:00+00:00,E007,electricity,0,1790653420.203979,1790653431.122116,1790653431.147425
2026-02-23 20:30:00+00:00,E000,electricity,0,1790653420.204009,1790653431.122116,1790653431.147425
2026-02-23 20:30:00+00:00,E006,electricity,0,1790653420.204045,1790653431.122116,1790653431.147425
2026-02-23 20:30:00+00:00,E005,electricity,0,1790653420.204068,1790653431.122116,1790653431.147425
2026-02-23 20:30:00+00:00,E004,electricity,0,1790653420.204090,1790653431.122116,1790653431.147425
2026-02-23 20:30:00+00:00,E002,electricity,0,1790653420.204113,1790653431.122116,1790653431.147425
2026-02-23 20:15:00+00:00,W000,water,0,1790653420.204353,1790653431.122116,1790653431.147425
2026-02-23 20:00:00+00:00,W009,water,0,1790653420.204569,1790653431.122116,1790653431.147425
2026-02-23 20:15:00+00:00,W007,water,0,1790653420.205064,1790653431.122116,1790653431.147425
2026-02-23 20:00:00+00:00,W006,water,0,1790653420.206369,1790653431.122116,1790653431.147425
2026-02-23 20:15:00+00:00,W008,water,0,1790653420.207488,1790653431.122116,1790653431.147425
2026-02-23 20:45:00+00:00,E007,electricity,0,1790653420.208092,1790653431.122116,1790653431.147425
2026-02-23 20:45:00+00:00,E006,electricity,0,1790653420.208119,1790653431.122116,1790653431.147425
2026-02-23 20:45:00+00:00,E001,electricity,0,1790653420.208143,1790653431.122116,1790653431.147425
2026-02-23 20:45:00+00:00,E008,electricity,0,1790653420.208167,1790653431.122116,1790653431.147425
2026-02-23 20:45:00+00:00,E004,electricity,0,1790653420.208190,1790653431.122116,1790653431.147425
2026-02-23 20:45:00+00:00,E002,electricity,0,1790653420.208226,1790653431.122116,1790653431.147425
2026-02-23 20:45:00+00:00,E000,electricity,0,1790653420.208249,1790653431.122116,1790653431.147425
2026-02-23 20:45:00+00:00,E009,electricity,0,1790653420.208278,1790653431.122116,1790653431.147425
2026-02-23 20:45:00+00:00,E003,electricity,0,1790653420.208301,1790653431.122116,1790653431.147425
2026-02-23 20:45:00+00:00,E005,electricity,1,1790653420.208324,1790653431.122116,1790653431.147425
2026-02-23 20:15:00+00:00,W001,water,0,1790653420.209291,1790653431.122116,1790653431.147425
2026-02-23 20:15:00+00:00,W004,water,0,1790653420.209355,1790653431.122116,1790653431.147425
2026-02-23 20:30:00+00:00,W008,water,0,1790653420.209908,1790653431.122116,1790653431.147425
2026-02-23 20:15:00+00:00,W003,water,1,1790653420.210320,1790653431.122116,1790653431.147425
2026-02-23 20:30:00+00:00,W000,water,0,1790653420.210588,1790653431.122116,1790653431.147425
2026-02-23 20:15:00+00:00,W002,water,0,1790653420.210817,1790653431.122116,1790653431.147425
2026-02-23 20:30:00+00:00,W009,water,0,1790653420.212043,1790653431.122116,1790653431.147425
2026-02-23 20:15:00+00:00,W005,water,0,1790653420.212070,1790653431.122116,1790653431.147425
2026-02-23 21:00:00+00:00,G008,gas,1,1790653420.212594,1790653431.122116,1790653431.147425
2026-02-23 21:00:00+00:00,G003,gas,0,1790653420.212629,1790653431.122116,1790653431.147425
2026-02-23 21:00:00+00:00,E003,electricity,0,1790653420.212654,1790653431.122116,1790653431.147425
2026-02-23 21:00:00+00:00,E001,electricity,0,1790653420.212679,1790653431.122116,1790653431.147425
2026-02-23 21:00:00+00:00,G005,gas,0,1790653420.212702,1790653431.122116,1790653431.147425
2026-02-23 21:00:00+00:00,G001,gas,0,1790653420.212725,1790653431.122116,1790653431.147425
2026-02-23 21:00:00+00:00,E005,electricity,0,1790653420.212770,1790653431.122116,1790653431.147425
2026-02-23 21:00:00+00:00,E008,electricity,0,1790653420.212793,1790653431.122116,1790653431.147425
2026-02-23 21:00:00+00:00,G009,gas,0,1790653420.212815,1790653431.122116,1790653431.147425
2026-02-23 21:00:00+00:00,G007,gas,0,1790653420.212849,1790653431.122116,1790653431.147425
2026-02-23 21:00:00+00:00,E004,electricity,0,1790653420.212872,1790653431.122116,1790653431.147425
2026-02-23 21:00:00+00:00,G004,gas,0,1790653420.212894,1790653431.122116,1790653431.147425
2026-02-23 21:00:00+00:00,E002,electricity,0,1790653420.212916,1790653431.122116,1790653431.147425
2026-02-23 21:00:00+00:00,E007,electricity,0,1790653420.212938,1790653431.122116,1790653431.147425
2026-02-23 21:00:00+00:00,G002,gas,0,1790653420.212960,1790653431.122116,1790653431.147425
2026-02-23 21:00:00+00:00,E009,electricity,0,1790653420.212991,1790653431.122116,1790653431.147425
2026-02-23 21:00:00+00:00,E006,electricity,0,1790653420.213014,1790653431.122116,1790653431.147425
2026-02-23 21:00:00+00:00,E000,electricity,0,1790653420.213036,1790653431.122116,1790653431.147425
2026-02-23 21:00:00+00:00,G006,gas,0,1790653420.213065,1790653431.122116,1790653431.147425
2026-02-23 21:00:00+00:00,G000,gas,0,1790653420.213089,1790653431.122116,1790653431.147425
2026-02-23 20:45:00+00:00,W002,water,0,1790653420.213112,1790653431.122116,1790653431.147425
2026-02-23 20:30:00+00:00,W007,water,0,1790653420.213562,1790653431.122116,1790653431.147425
2026-02-23 20:45:00+00:00,W009,water,1,1790653420.213593,1790653431.122116,1790653431.147425
2026-02-23 20:45:00+00:00,W005,water,0,1790653420.214172,1790653431.122116,1790653431.147425
2026-02-23 20:45:00+00:00,W008,water,0,1790653420.214516,1790653431.122116,1790653431.147425
2026-02-23 20:30:00+00:00,W006,water,0,1790653420.214897,1790653431.122116,1790653431.147425
2026-02-23 20:45:00+00:00,W003,water,0,1790653420.215196,1790653431.122116,1790653431.147425
2026-02-23 21:15:00+00:00,E006,electricity,0,1790653420.217100,1790653431.122116,1790653431.147425
2026-02-23 21:15:00+00:00,E004,electricity,0,1790653420.217198,1790653431.122116,1790653431.147425
2026-02-23 21:15:00+00:00,E005,electricity,0,1790653420.217235,1790653431.122116,1790653431.147425
2026-02-23 21:15:00+00:00,E009,electricity,0,1790653420.217264,1790653431.122116,1790653431.147425
2026-02-23 21:15:00+00:00,E002,electricity,0,1790653420.217289,1790653431.122116,1790653431.147425
2026-02-23 21:15:00+00:00,E003,electricity,0,1790653420.217312,1790653431.122116,1790653431.147425
2026-02-23 21:15:00+00:00,E001,electricity,0,1790653420.217335,1790653431.122116,1790653431.147425
2026-02-23 21:15:00+00:00,E008,electricity,0,1790653420.217359,1790653431.122116,1790653431.147425
2026-02-23 21:15:00+00:00,E000,electricity,0,1790653420.217404,1790653431.122116,1790653431.147425
2026-02-23 21:15:00+00:00,E007,electricity,0,1790653420.217427,1790653431.122116,1790653431.147425
2026-02-23 20:45:00+00:00,W004,water,0,1790653420.217449,1790653431.122116,1790653431.147425
2026-02-23 20:45:00+00:00,W001,water,0,1790653420.217856,1790653431.122116,1790653431.147425
2026-02-23 20:45:00+00:00,W000,water,0,1790653420.218006,1790653431.122116,1790653431.147425
2026-02-23 21:00:00+00:00,W009,water,0,1790653420.218191,1790653431.122116,1790653431.147425
2026-02-23 21:00:00+00:00,W007,water,0,1790653420.218386,1790653431.122116,1790653431.147425
2026-02-23 21:00:00+00:00,W002,water,1,1790653420.218787,1790653431.122116,1790653431.147425
2026-02-23 21:00:00+00:00,W006,water,0,1790653420.221146,1790653431.122116,1790653431.147425
2026-02-23 21:00:00+00:00,W005,water,0,1790653420.221491,1790653431.122116,1790653431.147425
2026-02-23 21:30:00+00:00,E008,electricity,0,1790653420.221607,1790653431.122116,1790653431.147425
2026-02-23 21:30:00+00:00,E007,electricity,0,1790653420.221636,1790653431.122116,1790653431.147425
2026-02-23 21:30:00+00:00,E004,electricity,0,1790653420.221660,1790653431.122116,1790653431.147425
2026-02-23 21:30:00+00:00,E009,electricity,0,1790653420.221683,1790653431.122116,1790653431.147425
2026-02-23 21:30:00+00:00,E001,electricity,0,1790653420.221719,1790653431.122116,1790653431.147425
2026-02-23 21:30:00+00:00,E006,electricity,0,1790653420.221743,1790653431.122116,1790653431.147425
2026-02-23 21:30:00+00:00,E003,electricity,0,1790653420.221765,1790653431.122116,1790653431.147425
2026-02-23 21:30:00+00:00,E005,electricity,0,1790653420.221788,1790653431.122116,1790653431.147425
2026-02-23 21:30:00+00:00,E000,electricity,0,1790653420.221810,1790653431.122116,1790653431.147425
2026-02-23 21:30:00+00:00,E002,electricity,0,1790653420.221987,1790653431.122116,1790653431.147425
2026-02-23 21:15:00+00:00,W004,water,0,1790653420.222021,1790653431.122116,1790653431.147425
2026-02-23 21:15:00+00:00,W001,water,0,1790653420.222047,1790653431.122116,1790653431.147425
2026-02-23 21:15:00+00:00,W002,water,0,1790653420.222149,1790653431.122116,1790653431.147425
2026-02-23 21:00:00+00:00,W008,water,0,1790653420.223580,1790653431.122116,1790653431.147425
2026-02-23 21:00:00+00:00,W003,water,0,1790653420.223707,1790653431.122116,1790653431.147425
2026-02-23 21:15:00+00:00,W007,water,0,1790653420.223868,1790653431.122116,1790653431.147425
2026-02-23 21:15:00+00:00,W006,water,0,1790653420.224205,1790653431.122116,1790653431.147425
2026-02-23 21:15:00+00:00,W009,water,0,1790653420.224549,1790653431.122116,1790653431.147425
2026-02-23 21:15:00+00:00,W005,water,0,1790653420.225013,1790653431.122116,1790653431.147425
2026-02-23 21:15:00+00:00,W000,water,0,1790653420.225612,1790653431.122116,1790653431.147425
2026-02-23 21:45:00+00:00,E004,electricity,0,1790653420.226092,1790653431.122116,1790653431.147425
2026-02-23 21:45:00+00:00,E003,electricity,0,1790653420.226121,1790653431.122116,1790653431.147425
2026-02-23 21:45:00+00:00,E000,electricity,0,1790653420.226146,1790653431.122116,1790653431.147425
2026-02-23 21:45:00+00:00,E006,electricity,0,1790653420.226170,1790653431.122116,1790653431.147425
2026-02-23 21:45:00+00:00,E007,electricity,0,1790653420.226193,1790653431.122116,1790653431.147425
2026-02-23 21:45:00+00:00,E001,electricity,0,1790653420.226216,1790653431.122116,1790653431.147425
2026-02-23 21:45:00+00:00,E002,electricity,0,1790653420.226240,1790653431.122116,1790653431.147425
2026-02-23 21:45:00+00:00,E005,electricity,0,1790653420.226277,1790653431.122116,1790653431.147425
2026-02-23 21:45:00+00:00,E009,electricity,0,1790653420.226301,1790653431.122116,1790653431.147425
2026-02-23 21:45:00+00:00,E008,electricity,0,1790653420.226323,1790653431.122116,1790653431.147425
2026-02-23 21:30:00+00:00,W009,water,0,1790653420.226346,1790653431.122116,1790653431.147425
2026-02-23 21:30:00+00:00,W008,water,0,1790653420.226368,1790653431.122116,1790653431.147425
2026-02-23 21:30:00+00:00,W004,water,0,1790653420.226777,1790653431.122116,1790653431.147425
2026-02-23 21:30:00+00:00,W007,water,0,1790653420.226911,1790653431.122116,1790653431.147425
2026-02-23 21:30:00+00:00,W003,water,0,1790653420.228452,1790653431.122116,1790653431.147425
2026-02-23 21:30:00+00:00,W006,water,0,1790653420.229006,1790653431.122116,1790653431.147425
2026-02-23 21:30:00+00:00,W002,water,0,1790653420.230259,1790653431.122116,1790653431.147425
2026-02-23 22:00:00+00:00,G000,gas,0,1790653420.230661,1790653431.122116,1790653431.147425
2026-02-23 22:00:00+00:00,G006,gas,0,1790653420.230712,1790653431.122116,1790653431.147425
2026-02-23 22:00:00+00:00,G005,gas,0,1790653420.230739,1790653431.122116,1790653431.147425
2026-02-23 22:00:00+00:00,E006,electricity,0,1790653420.230766,1790653431.122116,1790653431.147425
2026-02-23 22:00:00+00:00,E009,electricity,0,1790653420.230808,1790653431.122116,1790653431.147425
2026-02-23 22:00:00+00:00,E003,electricity,0,1790653420.230840,1790653431.122116,1790653431.147425
2026-02-23 22:00:00+00:00,E008,electricity,0,1790653420.230865,1790653431.122116,1790653431.147425
2026-02-23 22:00:00+00:00,E005,electricity,0,1790653420.230892,1790653431.122116,1790653431.147425
2026-02-23 22:00:00+00:00,G009,gas,0,1790653420.230917,1790653431.122116,1790653431.147425
2026-02-23 22:00:00+00:00,E001,electricity,0,1790653420.230940,1790653431.122116,1790653431.147425
2026-02-23 22:00:00+00:00,E004,electricity,0,1790653420.230963,1790653431.122116,1790653431.147425
2026-02-23 22:00:00+00:00,E002,electricity,0,1790653420.230986,1790653431.122116,1790653431.147425
2026-02-23 22:00:00+00:00,E000,electricity,0,1790653420.231009,1790653431.122116,1790653431.147425
2026-02-23 22:00:00+00:00,G003,gas,0,1790653420.231032,1790653431.122116,1790653431.147425
2026-02-23 22:00:00+00:00,G004,gas,0,1790653420.231055,1790653431.122116,1790653431.147425
2026-02-23 22:00:00+00:00,G007,gas,0,1790653420.231079,1790653431.122116,1790653431.147425
2026-02-23 22:00:00+00:00,G008,gas,0,1790653420.231102,1790653431.122116,1790653431.147425
2026-02-23 22:00:00+00:00,E007,electricity,0,1790653420.231124,1790653431.122116,1790653431.147425
2026-02-23 22:00:00+00:00,G001,gas,0,1790653420.231147,1790653431.122116,1790653431.147425
2026-02-23 22:00:00+00:00,G002,gas,0,1790653420.231169,1790653431.122116,1790653431.147425
2026-02-23 21:45:00+00:00,W006,water,0,1790653420.231192,1790653431.122116,1790653431.147425
2026-02-23 21:30:00+00:00,W001,water,0,1790653420.231223,1790653431.122116,1790653431.147425
2026-02-23 21:30:00+00:00,W000,water,0,1790653420.231246,1790653431.122116,1790653431.147425
2026-02-23 21:45:00+00:00,W007,water,0,1790653420.231914,1790653431.122116,1790653431.147425
2026-02-23 21:30:00+00:00,W005,water,0,1790653420.232162,1790653431.122116,1790653431.147425
2026-02-23 21:45:00+00:00,W008,water,0,1790653420.232506,1790653431.122116,1790653431.147425
2026-02-23 21:45:00+00:00,W003,water,0,1790653420.232535,1790653431.122116,1790653431.147425
2026-02-23 21:45:00+00:00,W004,water,0,1790653420.234797,1790653431.122116,1790653431.147425
2026-02-23 22:15:00+00:00,E008,electricity,0,1790653420.235092,1790653431.122116,1790653431.147425
2026-02-23 22:15:00+00:00,E004,electricity,0,1790653420.235120,1790653431.122116,1790653431.147425
2026-02-23 22:15:00+00:00,E000,electricity,0,1790653420.235144,1790653431.122116,1790653431.147425
2026-02-23 22:15:00+00:00,E003,electricity,0,1790653420.235168,1790653431.122116,1790653431.147425
2026-02-23 22:15:00+00:00,E005,electricity,0,1790653420.235190,1790653431.122116,1790653431.147425
2026-02-23 22:15:00+00:00,E006,electricity,0,1790653420.235212,1790653431.122116,1790653431.147425
2026-02-23 22:15:00+00:00,E001,electricity,0,1790653420.235234,1790653431.122116,1790653431.147425
2026-02-23 22:15:00+00:00,E002,electricity,0,1790653420.235257,1790653431.122116,1790653431.147425
2026-02-23 22:15:00+00:00,E009,electricity,0,1790653420.235279,1790653431.122116,1790653431.147425
2026-02-23 22:15:00+00:00,E007,electricity,0,1790653420.235301,1790653431.122116,1790653431.147425
2026-02-23 22:00:00+00:00,W000,water,0,1790653420.235323,1790653431.122116,1790653431.147425
2026-02-23 22:00:00+00:00,W005,water,0,1790653420.236545,1790653431.122116,1790653431.147425
2026-02-23 21:45:00+00:00,W002,water,0,1790653420.237199,1790653431.122116,1790653431.147425
2026-02-23 22:00:00+00:00,W004,water,0,1790653420.237249,1790653431.122116,1790653431.147425
2026-02-23 22:00:00+00:00,W007,water,0,1790653420.237911,1790653431.122116,1790653431.147425
2026-02-23 21:45:00+00:00,W009,water,0,1790653420.237997,1790653431.122116,1790653431.147425
2026-02-23 22:00:00+00:00,W001,water,0,1790653420.238909,1790653431.122116,1790653431.147425
2026-02-23 22:00:00+00:00,W006,water,0,1790653420.239491,1790653431.122116,1790653431.147425
2026-02-23 22:30:00+00:00,E002,electricity,0,1790653420.239571,1790653431.122116,1790653431.147425
2026-02-23 22:30:00+00:00,E009,electricity,0,1790653420.239600,1790653431.122116,1790653431.147425
2026-02-23 22:30:00+00:00,E001,electricity,0,1790653420.239623,1790653431.122116,1790653431.147425
2026-02-23 22:30:00+00:00,E005,electricity,0,1790653420.239656,1790653431.122116,1790653431.147425
2026-02-23 22:30:00+00:00,E008,electricity,0,1790653420.239679,1790653431.122116,1790653431.147425
2026-02-23 22:30:00+00:00,E003,electricity,0,1790653420.239703,1790653431.122116,1790653431.147425
2026-02-23 22:30:00+00:00,E006,electricity,0,1790653420.239742,1790653431.122116,1790653431.147425
2026-02-23 22:30:00+00:00,E004,electricity,0,1790653420.239767,1790653431.122116,1790653431.147425
2026-02-23 22:30:00+00:00,E000,electricity,0,1790653420.239789,1790653431.122116,1790653431.147425
2026-02-23 22:30:00+00:00,E007,electricity,0,1790653420.239813,1790653431.122116,1790653431.147425
2026-02-23 22:15:00+00:00,W007,water,0,1790653420.239836,1790653431.122116,1790653431.147425
2026-02-23 22:15:00+00:00,W005,water,0,1790653420.239859,1790653431.122116,1790653431.147425
2026-02-23 22:15:00+00:00,W004,water,0,1790653420.239882,1790653432.090663,1790653432.114403
2026-02-23 22:00:00+00:00,W003,water,0,1790653420.240389,1790653432.090663,1790653432.114403
2026-02-23 22:00:00+00:00,W008,water,0,1790653420.240506,1790653432.090663,1790653432.114403
2026-02-23 22:15:00+00:00,W001,water,0,1790653420.240534,1790653432.090663,1790653432.114403
2026-02-23 22:15:00+00:00,W002,water,0,1790653420.242922,1790653432.090663,1790653432.114403
2026-02-23 22:15:00+00:00,W009,water,0,1790653420.243100,1790653432.090663,1790653432.114403
2026-02-23 22:15:00+00:00,W000,water,0,1790653420.243704,1790653432.090663,1790653432.114403
2026-02-23 22:45:00+00:00,E003,electricity,0,1790653420.244092,1790653432.090663,1790653432.114403
2026-02-23 22:45:00+00:00,E008,electricity,0,1790653420.244123,1790653432.090663,1790653432.114403
2026-02-23 22:45:00+00:00,E001,electricity,0,1790653420.244148,1790653432.090663,1790653432.114403
2026-02-23 22:45:00+00:00,E000,electricity,0,1790653420.244172,1790653432.090663,1790653432.114403
2026-02-23 22:45:00+00:00,E004,electricity,0,1790653420.244195,1790653432.090663,1790653432.114403
2026-02-23 22:45:00+00:00,E005,electricity,0,1790653420.244218,1790653432.090663,1790653432.114403
2026-02-23 22:45:00+00:00,E009,electricity,0,1790653420.244240,1790653432.090663,1790653432.114403
2026-02-23 22:45:00+00:00,E007,electricity,0,1790653420.244263,1790653432.090663,1790653432.114403
2026-02-23 22:45:00+00:00,E006,electricity,0,1790653420.244285,1790653432.090663,1790653432.114403
2026-02-23 22:45:00+00:00,E002,electricity,0,1790653420.244308,1790653432.090663,1790653432.114403
2026-02-23 22:15:00+00:00,W006,water,0,1790653420.246418,1790653432.090663,1790653432.114403
2026-02-23 22:30:00+00:00,W004,water,0,1790653420.246787,1790653432.090663,1790653432.114403
2026-02-23 22:30:00+00:00,W003,water,0,1790653420.247067,1790653432.090663,1790653432.114403
2026-02-23 22:30:00+00:00,W005,water,0,1790653420.247486,1790653432.090663,1790653432.114403
2026-02-23 22:30:00+00:00,W001,water,0,1790653420.248338,1790653432.090663,1790653432.114403
2026-02-23 23:00:00+00:00,G000,gas,0,1790653420.249126,1790653432.090663,1790653432.114403
2026-02-23 23:00:00+00:00,E001,electricity,0,1790653420.249192,1790653432.090663,1790653432.114403
2026-02-23 23:00:00+00:00,E009,electricity,0,1790653420.249233,1790653432.090663,1790653432.114403
2026-02-23 23:00:00+00:00,G006,gas,0,1790653420.249259,1790653432.090663,1790653432.114403
2026-02-23 23:00:00+00:00,G008,gas,0,1790653420.249284,1790653432.090663,1790653432.114403
2026-02-23 23:00:00+00:00,G005,gas,0,1790653420.249307,1790653432.090663,1790653432.114403
2026-02-23 23:00:00+00:00,E007,electricity,0,1790653420.249330,1790653432.090663,1790653432.114403
2026-02-23 23:00:00+00:00,G009,gas,0,1790653420.249352,1790653432.090663,1790653432.114403
2026-02-23 23:00:00+00:00,G002,gas,0,1790653420.249375,1790653432.090663,1790653432.114403
2026-02-23 23:00:00+00:00,E005,electricity,0,1790653420.249398,1790653432.090663,1790653432.114403
2026-02-23 23:00:00+00:00,G001,gas,0,1790653420.249420,1790653432.090663,1790653432.114403
2026-02-23 23:00:00+00:00,E002,electricity,0,1790653420.249443,1790653432.090663,1790653432.114403
2026-02-23 23:00:00+00:00,E003,electricity,0,1790653420.249465,1790653432.090663,1790653432.114403
2026-02-23 23:00:00+00:00,E000,electricity,0,1790653420.249488,1790653432.090663,1790653432.114403
2026-02-23 23:00:00+00:00,E004,electricity,0,1790653420.249510,1790653432.090663,1790653432.114403
2026-02-23 23:00:00+00:00,E006,electricity,0,1790653420.249532,1790653432.090663,1790653432.114403
2026-02-23 23:00:00+00:00,G004,gas,0,1790653420.249554,1790653432.090663,1790653432.114403
2026-02-23 23:00:00+00:00,G003,gas,0,1790653420.249584,1790653432.090663,1790653432.114403
2026-02-23 23:00:00+00:00,E008,electricity,0,1790653420.249607,1790653432.090663,1790653432.114403
2026-02-23 23:00:00+00:00,G007,gas,0,1790653420.249629,1790653432.090663,1790653432.114403
2026-02-23 22:30:00+00:00,W007,water,0,1790653420.249651,1790653432.090663,1790653432.114403
2026-02-23 22:30:00+00:00,W002,water,0,1790653420.249674,1790653432.090663,1790653432.114403
2026-02-23 22:30:00+00:00,W009,water,0,1790653420.250326,1790653432.090663,1790653432.114403
2026-02-23 22:30:00+00:00,W000,water,0,1790653420.250377,1790653432.090663,1790653432.114403
2026-02-23 22:30:00+00:00,W008,water,0,1790653420.250584,1790653432.090663,1790653432.114403
2026-02-23 22:45:00+00:00,W001,water,0,1790653420.251347,1790653432.090663,1790653432.114403
2026-02-23 22:45:00+00:00,W005,water,0,1790653420.251601,1790653432.090663,1790653432.114403
2026-02-23 22:45:00+00:00,W003,water,0,1790653420.251791,1790653432.090663,1790653432.114403
2026-02-23 22:45:00+00:00,W004,water,0,1790653420.252191,1790653432.090663,1790653432.114403
2026-02-23 23:15:00+00:00,E007,electricity,0,1790653420.253091,1790653432.090663,1790653432.114403
2026-02-23 23:15:00+00:00,E000,electricity,0,1790653420.253117,1790653432.090663,1790653432.114403
2026-02-23 23:15:00+00:00,E002,electricity,0,1790653420.253148,1790653432.090663,1790653432.114403
2026-02-23 23:15:00+00:00,E004,electricity,0,1790653420.253173,1790653432.090663,1790653432.114403
2026-02-23 23:15:00+00:00,E006,electricity,0,1790653420.253196,1790653432.090663,1790653432.114403
2026-02-23 23:15:00+00:00,E001,electricity,0,1790653420.253218,1790653432.090663,1790653432.114403
2026-02-23 23:15:00+00:00,E008,electricity,0,1790653420.253240,1790653432.090663,1790653432.114403
2026-02-23 23:15:00+00:00,E003,electricity,0,1790653420.253262,1790653432.090663,1790653432.114403
2026-02-23 23:15:00+00:00,E005,electricity,0,1790653420.253285,1790653432.090663,1790653432.114403
2026-02-23 23:15:00+00:00,E009,electricity,0,1790653420.253307,1790653432.090663,1790653432.114403
2026-02-23 23:00:00+00:00,W007,water,0,1790653420.253751,1790653432.090663,1790653432.114403
2026-02-23 22:45:00+00:00,W006,water,0,1790653420.253941,1790653432.090663,1790653432.114403
2026-02-23 23:00:00+00:00,W001,water,0,1790653420.255349,1790653432.090663,1790653432.114403
2026-02-23 23:00:00+00:00,W003,water,0,1790653420.255765,1790653432.090663,1790653432.114403
2026-02-23 23:00:00+00:00,W005,water,0,1790653420.255828,1790653432.090663,1790653432.114403
2026-02-23 23:00:00+00:00,W008,water,0,1790653420.256506,1790653432.090663,1790653432.114403
2026-02-23 23:00:00+00:00,W000,water,0,1790653420.257160,1790653432.090663,1790653432.114403
2026-02-23 23:00:00+00:00,W002,water,0,1790653420.257518,1790653432.090663,1790653432.114403
2026-02-23 23:30:00+00:00,E000,electricity,0,1790653420.257547,1790653432.090663,1790653432.114403
2026-02-23 23:30:00+00:00,E009,electricity,0,1790653420.257572,1790653432.090663,1790653432.114403
2026-02-23 23:30:00+00:00,E003,electricity,0,1790653420.257595,1790653432.090663,1790653432.114403
2026-02-23 23:30:00+00:00,E007,electricity,0,1790653420.257619,1790653432.090663,1790653432.114403
2026-02-23 23:30:00+00:00,E008,electricity,0,1790653420.257642,1790653432.090663,1790653432.114403
2026-02-23 23:30:00+00:00,E005,electricity,0,1790653420.257664,1790653432.090663,1790653432.114403
2026-02-23 23:30:00+00:00,E001,electricity,0,1790653420.257687,1790653432.090663,1790653432.114403
2026-02-23 23:30:00+00:00,E006,electricity,0,1790653420.257709,1790653432.090663,1790653432.114403
2026-02-23 23:30:00+00:00,E004,electricity,0,1790653420.257731,1790653432.090663,1790653432.114403
2026-02-23 23:30:00+00:00,E002,electricity,0,1790653420.257754,1790653432.090663,1790653432.114403
2026-02-23 23:15:00+00:00,W003,water,0,1790653420.258088,1790653432.090663,1790653432.114403
2026-02-23 23:15:00+00:00,W005,water,0,1790653420.258692,1790653432.090663,1790653432.114403
2026-02-23 23:15:00+00:00,W002,water,1,1790653420.259041,1790653432.090663,1790653432.114403
2026-02-23 23:00:00+00:00,W009,water,0,1790653420.259166,1790653432.090663,1790653432.114403
2026-02-23 23:00:00+00:00,W004,water,0,1790653420.259192,1790653432.090663,1790653432.114403
2026-02-23 23:15:00+00:00,W007,water,0,1790653420.260031,1790653432.090663,1790653432.114403
2026-02-23 23:15:00+00:00,W006,water,0,1790653420.262078,1790653432.090663,1790653432.114403
2026-02-23 23:45:00+00:00,E002,electricity,0,1790653420.262137,1790653432.090663,1790653432.114403
2026-02-23 23:45:00+00:00,E005,electricity,0,1790653420.262166,1790653432.090663,1790653432.114403
2026-02-23 23:45:00+00:00,E000,electricity,0,1790653420.262191,1790653432.090663,1790653432.114403
2026-02-23 23:45:00+00:00,E008,electricity,0,1790653420.262217,1790653432.090663,1790653432.114403
2026-02-23 23:45:00+00:00,E003,electricity,0,1790653420.262241,1790653432.090663,1790653432.114403
2026-02-23 23:45:00+00:00,E007,electricity,0,1790653420.262266,1790653432.090663,1790653432.114403
2026-02-23 23:45:00+00:00,E009,electricity,0,1790653420.262290,1790653432.090663,1790653432.114403
2026-02-23 23:45:00+00:00,E006,electricity,0,1790653420.262315,1790653432.090663,1790653432.114403
2026-02-23 23:45:00+00:00,E001,electricity,0,1790653420.262339,1790653432.090663,1790653432.114403
2026-02-23 23:45:00+00:00,E004,electricity,0,1790653420.262362,1790653432.090663,1790653432.114403
2026-02-23 23:30:00+00:00,W005,water,0,1790653420.262386,1790653432.090663,1790653432.114403
2026-02-23 23:15:00+00:00,W001,water,0,1790653420.262715,1790653432.090663,1790653432.114403
2026-02-23 23:15:00+00:00,W000,water,0,1790653420.263146,1790653432.090663,1790653432.114403
2026-02-23 23:30:00+00:00,W004,water,0,1790653420.263489,1790653432.090663,1790653432.114403
2026-02-23 23:30:00+00:00,W003,water,0,1790653420.263523,1790653432.090663,1790653432.114403
2026-02-23 23:30:00+00:00,W007,water,0,1790653420.263901,1790653432.090663,1790653432.114403
2026-02-23 23:30:00+00:00,W009,water,0,1790653420.264483,1790653432.090663,1790653432.114403
2026-02-23 23:15:00+00:00,W008,water,0,1790653420.264807,1790653432.090663,1790653432.114403
2026-02-23 23:30:00+00:00,W002,water,0,1790653420.265276,1790653432.090663,1790653432.114403
2026-02-23 23:30:00+00:00,W006,water,0,1790653420.266258,1790653432.090663,1790653432.114403
2026-02-24 00:00:00+00:00,E003,electricity,0,1790653420.266592,1790653432.090663,1790653432.114403
2026-02-24 00:00:00+00:00,E008,electricity,0,1790653420.266619,1790653432.090663,1790653432.114403
2026-02-24 00:00:00+00:00,E001,electricity,0,1790653420.266642,1790653432.090663,1790653432.114403
2026-02-24 00:00:00+00:00,G002,gas,0,1790653420.266665,1790653432.090663,1790653432.114403
2026-02-24 00:00:00+00:00,G006,gas,0,1790653420.266698,1790653432.090663,1790653432.114403
2026-02-24 00:00:00+00:00,G003,gas,0,1790653420.266721,1790653432.090663,1790653432.114403
2026-02-24 00:00:00+00:00,E009,electricity,0,1790653420.266744,1790653432.090663,1790653432.114403
2026-02-24 00:00:00+00:00,G007,gas,1,1790653420.266767,1790653432.090663,1790653432.114403
2026-02-24 00:00:00+00:00,G004,gas,0,1790653420.266789,1790653432.090663,1790653432.114403
2026-02-24 00:00:00+00:00,E005,electricity,0,1790653420.266818,1790653432.090663,1790653432.114403
2026-02-24 00:00:00+00:00,E002,electricity,0,1790653420.266842,1790653432.090663,1790653432.114403
2026-02-24 00:00:00+00:00,E006,electricity,0,1790653420.266865,1790653432.090663,1790653432.114403
2026-02-24 00:00:00+00:00,E000,electricity,0,1790653420.266888,1790653432.090663,1790653432.114403
2026-02-24 00:00:00+00:00,E007,electricity,0,1790653420.266910,1790653432.090663,1790653432.114403
2026-02-24 00:00:00+00:00,G001,gas,0,1790653420.266932,1790653432.090663,1790653432.114403
2026-02-24 00:00:00+00:00,E004,electricity,0,1790653420.266954,1790653432.090663,1790653432.114403
2026-02-24 00:00:00+00:00,G000,gas,0,1790653420.266977,1790653432.090663,1790653432.114403
2026-02-24 00:00:00+00:00,G005,gas,0,1790653420.267000,1790653432.090663,1790653432.114403
2026-02-24 00:00:00+00:00,G008,gas,0,1790653420.267023,1790653432.090663,1790653432.114403
2026-02-24 00:00:00+00:00,G009,gas,0,1790653420.267046,1790653432.090663,1790653432.114403
2026-02-23 23:45:00+00:00,W001,water,0,1790653420.267068,1790653432.090663,1790653432.114403
2026-02-23 23:45:00+00:00,W004,water,0,1790653420.267089,1790653432.090663,1790653432.114403
2026-02-23 23:45:00+00:00,W002,water,0,1790653420.267328,1790653432.090663,1790653432.114403
2026-02-23 23:45:00+00:00,W005,water,0,1790653420.267777,1790653432.090663,1790653432.114403
2026-02-23 23:45:00+00:00,W003,water,0,1790653420.274359,1790653432.090663,1790653432.114403
2026-02-23 23:45:00+00:00,W008,water,0,1790653420.274681,1790653432.090663,1790653432.114403
2026-02-23 23:45:00+00:00,W000,water,0,1790653420.274727,1790653432.090663,1790653432.114403
2026-02-23 23:45:00+00:00,W009,water,0,1790653420.274756,1790653432.090663,1790653432.114403
2026-02-23 23:45:00+00:00,W007,water,0,1790653420.274807,1790653432.090663,1790653432.114403
2026-02-23 23:45:00+00:00,W006,water,0,1790653420.274830,1790653432.090663,1790653432.114403
2026-02-24 00:15:00+00:00,E008,electricity,0,1790653420.274853,1790653432.090663,1790653432.114403
2026-02-24 00:15:00+00:00,E004,electricity,0,1790653420.274876,1790653432.090663,1790653432.114403
2026-02-24 00:15:00+00:00,E005,electricity,0,1790653420.274920,1790653432.090663,1790653432.114403
2026-02-24 00:15:00+00:00,E003,electricity,0,1790653420.274945,1790653432.090663,1790653432.114403
2026-02-24 00:15:00+00:00,E002,electricity,0,1790653420.274967,1790653432.090663,1790653432.114403
2026-02-24 00:15:00+00:00,E006,electricity,0,1790653420.275014,1790653432.090663,1790653432.114403
2026-02-24 00:15:00+00:00,E007,electricity,0,1790653420.275043,1790653432.090663,1790653432.114403
2026-02-24 00:15:00+00:00,E009,electricity,1,1790653420.275074,1790653432.090663,1790653432.114403
2026-02-24 00:15:00+00:00,E001,electricity,0,1790653420.275097,1790653432.090663,1790653432.114403
2026-02-24 00:15:00+00:00,E000,electricity,0,1790653420.275119,1790653432.090663,1790653432.114403
2026-02-24 00:00:00+00:00,W008,water,0,1790653420.275142,1790653432.090663,1790653432.114403
2026-02-24 00:00:00+00:00,W003,water,0,1790653420.275165,1790653432.090663,1790653432.114403
2026-02-24 00:00:00+00:00,W009,water,0,1790653420.275187,1790653432.090663,1790653432.114403
2026-02-24 00:00:00+00:00,W004,water,0,1790653420.275208,1790653432.090663,1790653432.114403
2026-02-24 00:00:00+00:00,W005,water,0,1790653420.275231,1790653432.090663,1790653432.114403
2026-02-24 00:00:00+00:00,W000,water,0,1790653420.275467,1790653432.090663,1790653432.114403
2026-02-24 00:30:00+00:00,E008,electricity,0,1790653420.275669,1790653432.090663,1790653432.114403
2026-02-24 00:30:00+00:00,E006,electricity,0,1790653420.275713,1790653432.090663,1790653432.114403
2026-02-24 00:30:00+00:00,E004,electricity,0,1790653420.275739,1790653432.090663,1790653432.114403
2026-02-24 00:30:00+00:00,E001,electricity,0,1790653420.275764,1790653432.090663,1790653432.114403
2026-02-24 00:30:00+00:00,E000,electricity,0,1790653420.275789,1790653432.090663,1790653432.114403
2026-02-24 00:30:00+00:00,E003,electricity,0,1790653420.275812,1790653432.090663,1790653432.114403
2026-02-24 00:30:00+00:00,E005,electricity,0,1790653420.275849,1790653432.090663,1790653432.114403
2026-02-24 00:30:00+00:00,E007,electricity,0,1790653420.275874,1790653432.090663,1790653432.114403
2026-02-24 00:30:00+00:00,E009,electricity,0,1790653420.275897,1790653432.090663,1790653432.114403
2026-02-24 00:30:00+00:00,E002,electricity,0,1790653420.275922,1790653432.090663,1790653432.114403
2026-02-24 00:00:00+00:00,W006,water,0,1790653420.275946,1790653432.090663,1790653432.114403
2026-02-24 00:00:00+00:00,W002,water,0,1790653420.275969,1790653432.090663,1790653432.114403
2026-02-24 00:00:00+00:00,W007,water,0,1790653420.276196,1790653432.090663,1790653432.114403
2026-02-24 00:15:00+00:00,W003,water,0,1790653420.277190,1790653432.090663,1790653432.114403
2026-02-24 00:00:00+00:00,W001,water,0,1790653420.278274,1790653432.090663,1790653432.114403
2026-02-24 00:15:00+00:00,W009,water,0,1790653420.278612,1790653432.090663,1790653432.114403
2026-02-24 00:15:00+00:00,W008,water,0,1790653420.279408,1790653432.090663,1790653432.114403
2026-02-24 00:45:00+00:00,E002,electricity,1,1790653420.280091,1790653432.090663,1790653432.114403
2026-02-24 00:45:00+00:00,E003,electricity,0,1790653420.280123,1790653432.090663,1790653432.114403
2026-02-24 00:45:00+00:00,E005,electricity,0,1790653420.280148,1790653432.090663,1790653432.114403
2026-02-24 00:45:00+00:00,E001,electricity,0,1790653420.280173,1790653432.090663,1790653432.114403
2026-02-24 00:45:00+00:00,E008,electricity,0,1790653420.280206,1790653432.090663,1790653432.114403
2026-02-24 00:45:00+00:00,E007,electricity,0,1790653420.280230,1790653432.090663,1790653432.114403
2026-02-24 00:45:00+00:00,E009,electricity,0,1790653420.280253,1790653432.090663,1790653432.114403
2026-02-24 00:45:00+00:00,E006,electricity,0,1790653420.280276,1790653432.090663,1790653432.114403
2026-02-24 00:45:00+00:00,E004,electricity,0,1790653420.280305,1790653432.090663,1790653432.114403
2026-02-24 00:45:00+00:00,E000,electricity,0,1790653420.280329,1790653432.090663,1790653432.114403
2026-02-24 00:30:00+00:00,W002,water,0,1790653420.280352,1790653432.090663,1790653432.114403
2026-02-24 00:15:00+00:00,W000,water,1,1790653420.281699,1790653432.090663,1790653432.114403
2026-02-24 00:15:00+00:00,W005,water,0,1790653420.281759,1790653432.090663,1790653432.114403
2026-02-24 00:15:00+00:00,W004,water,0,1790653420.283510,1790653432.090663,1790653432.114403
2026-02-24 00:30:00+00:00,W003,water,0,1790653420.283661,1790653432.090663,1790653432.114403
2026-02-24 00:30:00+00:00,W007,water,0,1790653420.285665,1790653432.090663,1790653432.114403
2026-02-24 01:00:00+00:00,G004,gas,0,1790653420.285754,1790653432.090663,1790653432.114403
2026-02-24 01:00:00+00:00,G009,gas,0,1790653420.285795,1790653432.090663,1790653432.114403
2026-02-24 01:00:00+00:00,G006,gas,0,1790653420.285825,1790653432.090663,1790653432.114403
2026-02-24 01:00:00+00:00,E006,electricity,0,1790653420.285851,1790653432.090663,1790653432.114403
2026-02-24 01:00:00+00:00,E007,electricity,0,1790653420.285877,1790653432.090663,1790653432.114403
2026-02-24 01:00:00+00:00,E000,electricity,0,1790653420.285901,1790653433.010683,1790653433.032557
2026-02-24 01:00:00+00:00,G005,gas,0,1790653420.285925,1790653433.010683,1790653433.032557
2026-02-24 01:00:00+00:00,E008,electricity,0,1790653420.285947,1790653433.010683,1790653433.032557
2026-02-24 01:00:00+00:00,E004,electricity,0,1790653420.285969,1790653433.010683,1790653433.032557
2026-02-24 01:00:00+00:00,G003,gas,0,1790653420.285991,1790653433.010683,1790653433.032557
2026-02-24 01:00:00+00:00,G008,gas,0,1790653420.286026,1790653433.010683,1790653433.032557
2026-02-24 01:00:00+00:00,E002,electricity,1,1790653420.286051,1790653433.010683,1790653433.032557
2026-02-24 01:00:00+00:00,G002,gas,0,1790653420.286074,1790653433.010683,1790653433.032557
2026-02-24 01:00:00+00:00,E003,electricity,0,1790653420.286097,1790653433.010683,1790653433.032557
2026-02-24 01:00:00+00:00,E009,electricity,0,1790653420.286137,1790653433.010683,1790653433.032557
2026-02-24 01:00:00+00:00,G000,gas,0,1790653420.286161,1790653433.010683,1790653433.032557
2026-02-24 01:00:00+00:00,G001,gas,0,1790653420.286186,1790653433.010683,1790653433.032557
2026-02-24 01:00:00+00:00,G007,gas,0,1790653420.286209,1790653433.010683,1790653433.032557
2026-02-24 01:00:00+00:00,E005,electricity,0,1790653420.286239,1790653433.010683,1790653433.032557
2026-02-24 01:00:00+00:00,E001,electricity,0,1790653420.286263,1790653433.010683,1790653433.032557
2026-02-24 00:45:00+00:00,W005,water,0,1790653420.286286,1790653433.010683,1790653433.032557
2026-02-24 00:45:00+00:00,W002,water,0,1790653420.286309,1790653433.010683,1790653433.032557
2026-02-24 00:30:00+00:00,W009,water,0,1790653420.286333,1790653433.010683,1790653433.032557
2026-02-24 00:30:00+00:00,W001,water,0,1790653420.287225,1790653433.010683,1790653433.032557
2026-02-24 00:45:00+00:00,W004,water,0,1790653420.287285,1790653433.010683,1790653433.032557
2026-02-24 00:30:00+00:00,W008,water,0,1790653420.287820,1790653433.010683,1790653433.032557
2026-02-24 00:30:00+00:00,W006,water,0,1790653420.288162,1790653433.010683,1790653433.032557
2026-02-24 00:45:00+00:00,W000,water,0,1790653420.288972,1790653433.010683,1790653433.032557
2026-02-24 01:15:00+00:00,E007,electricity,0,1790653420.289093,1790653433.010683,1790653433.032557
2026-02-24 01:15:00+00:00,E009,electricity,0,1790653420.289133,1790653433.010683,1790653433.032557
2026-02-24 01:15:00+00:00,E006,electricity,0,1790653420.289162,1790653433.010683,1790653433.032557
2026-02-24 01:15:00+00:00,E003,electricity,0,1790653420.289190,1790653433.010683,1790653433.032557
2026-02-24 01:15:00+00:00,E004,electricity,0,1790653420.289231,1790653433.010683,1790653433.032557
2026-02-24 01:15:00+00:00,E008,electricity,0,1790653420.289258,1790653433.010683,1790653433.032557
2026-02-24 01:15:00+00:00,E002,electricity,0,1790653420.289282,1790653433.010683,1790653433.032557
2026-02-24 01:15:00+00:00,E000,electricity,0,1790653420.289305,1790653433.010683,1790653433.032557
2026-02-24 01:15:00+00:00,E001,electricity,0,1790653420.289327,1790653433.010683,1790653433.032557
2026-02-24 01:15:00+00:00,E005,electricity,0,1790653420.289349,1790653433.010683,1790653433.032557
2026-02-24 01:00:00+00:00,W004,water,0,1790653420.289562,1790653433.010683,1790653433.032557
2026-02-24 00:45:00+00:00,W003,water,0,1790653420.289776,1790653433.010683,1790653433.032557
2026-02-24 01:00:00+00:00,W008,water,0,1790653420.291310,1790653433.010683,1790653433.032557
2026-02-24 01:00:00+00:00,W009,water,0,1790653420.293692,1790653433.010683,1790653433.032557
2026-02-24 00:45:00+00:00,W007,water,0,1790653420.293791,1790653433.010683,1790653433.032557
2026-02-24 01:00:00+00:00,W006,water,0,1790653420.293871,1790653433.010683,1790653433.032557
2026-02-24 01:30:00+00:00,E001,electricity,0,1790653420.293902,1790653433.010683,1790653433.032557
2026-02-24 01:30:00+00:00,E003,electricity,0,1790653420.293926,1790653433.010683,1790653433.032557
2026-02-24 01:30:00+00:00,E007,electricity,0,1790653420.293949,1790653433.010683,1790653433.032557
2026-02-24 01:30:00+00:00,E005,electricity,0,1790653420.293972,1790653433.010683,1790653433.032557
2026-02-24 01:30:00+00:00,E004,electricity,0,1790653420.293993,1790653433.010683,1790653433.032557
2026-02-24 01:30:00+00:00,E000,electricity,0,1790653420.294017,1790653433.010683,1790653433.032557
2026-02-24 01:30:00+00:00,E006,electricity,0,1790653420.294040,1790653433.010683,1790653433.032557
2026-02-24 01:30:00+00:00,E009,electricity,0,1790653420.294063,1790653433.010683,1790653433.032557
2026-02-24 01:30:00+00:00,E002,electricity,0,1790653420.294086,1790653433.010683,1790653433.032557
2026-02-24 01:30:00+00:00,E008,electricity,0,1790653420.294109,1790653433.010683,1790653433.032557
2026-02-24 01:00:00+00:00,W000,water,0,1790653420.294256,1790653433.010683,1790653433.032557
2026-02-24 01:15:00+00:00,W004,water,0,1790653420.294298,1790653433.010683,1790653433.032557
2026-02-24 01:00:00+00:00,W005,water,0,1790653420.294772,1790653433.010683,1790653433.032557
2026-02-24 01:15:00+00:00,W003,water,0,1790653420.294823,1790653433.010683,1790653433.032557
2026-02-24 01:00:00+00:00,W001,water,0,1790653420.295467,1790653433.010683,1790653433.032557
2026-02-24 01:00:00+00:00,W002,water,0,1790653420.295550,1790653433.010683,1790653433.032557
2026-02-24 01:15:00+00:00,W009,water,0,1790653420.295668,1790653433.010683,1790653433.032557
2026-02-24 01:15:00+00:00,W008,water,0,1790653420.295953,1790653433.010683,1790653433.032557
2026-02-24 01:15:00+00:00,W007,water,0,1790653420.298059,1790653433.010683,1790653433.032557
2026-02-24 01:45:00+00:00,E009,electricity,0,1790653420.298094,1790653433.010683,1790653433.032557
2026-02-24 01:45:00+00:00,E000,electricity,0,1790653420.298122,1790653433.010683,1790653433.032557
2026-02-24 01:45:00+00:00,E001,electricity,0,1790653420.298148,1790653433.010683,1790653433.032557
2026-02-24 01:45:00+00:00,E008,electricity,0,1790653420.298173,1790653433.010683,1790653433.032557
2026-02-24 01:45:00+00:00,E004,electricity,0,1790653420.298197,1790653433.010683,1790653433.032557
2026-02-24 01:45:00+00:00,E002,electricity,0,1790653420.298219,1790653433.010683,1790653433.032557
2026-02-24 01:45:00+00:00,E003,electricity,0,1790653420.298243,1790653433.010683,1790653433.032557
2026-02-24 01:45:00+00:00,E006,electricity,0,1790653420.298265,1790653433.010683,1790653433.032557
2026-02-24 01:45:00+00:00,E007,electricity,0,1790653420.298287,1790653433.010683,1790653433.032557
2026-02-24 01:45:00+00:00,E005,electricity,0,1790653420.298311,1790653433.010683,1790653433.032557
2026-02-24 01:30:00+00:00,W004,water,0,1790653420.298849,1790653433.010683,1790653433.032557
2026-02-24 01:15:00+00:00,W006,water,0,1790653420.299850,1790653433.010683,1790653433.032557
2026-02-24 01:30:00+00:00,W008,water,0,1790653420.300834,1790653433.010683,1790653433.032557
2026-02-24 01:30:00+00:00,W005,water,0,1790653420.301615,1790653433.010683,1790653433.032557
2026-02-24 01:30:00+00:00,W009,water,0,1790653420.302143,1790653433.010683,1790653433.032557
2026-02-24 01:30:00+00:00,W003,water,0,1790653420.302370,1790653433.010683,1790653433.032557
2026-02-24 01:30:00+00:00,W007,water,0,1790653420.302418,1790653433.010683,1790653433.032557
2026-02-24 02:00:00+00:00,G001,gas,0,1790653420.302593,1790653433.010683,1790653433.032557
2026-02-24 02:00:00+00:00,G000,gas,0,1790653420.302628,1790653433.010683,1790653433.032557
2026-02-24 02:00:00+00:00,G009,gas,0,1790653420.302655,1790653433.010683,1790653433.032557
2026-02-24 02:00:00+00:00,E003,electricity,0,1790653420.302680,1790653433.010683,1790653433.032557
2026-02-24 02:00:00+00:00,E002,electricity,0,1790653420.302706,1790653433.010683,1790653433.032557
2026-02-24 02:00:00+00:00,E005,electricity,0,1790653420.302729,1790653433.010683,1790653433.032557
2026-02-24 02:00:00+00:00,E001,electricity,0,1790653420.302753,1790653433.010683,1790653433.032557
2026-02-24 02:00:00+00:00,G005,gas,0,1790653420.302776,1790653433.010683,1790653433.032557
2026-02-24 02:00:00+00:00,G004,gas,0,1790653420.302799,1790653433.010683,1790653433.032557
2026-02-24 02:00:00+00:00,G003,gas,0,1790653420.302821,1790653433.010683,1790653433.032557
2026-02-24 02:00:00+00:00,E000,electricity,0,1790653420.302843,1790653433.010683,1790653433.032557
2026-02-24 02:00:00+00:00,G006,gas,0,1790653420.302866,1790653433.010683,1790653433.032557
2026-02-24 02:00:00+00:00,E006,electricity,0,1790653420.302888,1790653433.010683,1790653433.032557
2026-02-24 02:00:00+00:00,G007,gas,0,1790653420.302912,1790653433.010683,1790653433.032557
2026-02-24 02:00:00+00:00,G002,gas,0,1790653420.302966,1790653433.010683,1790653433.032557
2026-02-24 02:00:00+00:00,E008,electricity,0,1790653420.302991,1790653433.010683,1790653433.032557
2026-02-24 02:00:00+00:00,E007,electricity,0,1790653420.303014,1790653433.010683,1790653433.032557
2026-02-24 02:00:00+00:00,E009,electricity,0,1790653420.303037,1790653433.010683,1790653433.032557
2026-02-24 02:00:00+00:00,G008,gas,0,1790653420.303059,1790653433.010683,1790653433.032557
2026-02-24 02:00:00+00:00,E004,electricity,0,1790653420.303081,1790653433.010683,1790653433.032557
2026-02-24 01:30:00+00:00,W000,water,0,1790653420.303103,1790653433.010683,1790653433.032557
2026-02-24 01:45:00+00:00,W008,water,0,1790653420.303126,1790653433.010683,1790653433.032557
2026-02-24 01:30:00+00:00,W002,water,0,1790653420.303148,1790653433.010683,1790653433.032557
2026-02-24 01:30:00+00:00,W001,water,0,1790653420.304188,1790653433.010683,1790653433.032557
2026-02-24 01:45:00+00:00,W004,water,0,1790653420.306449,1790653433.010683,1790653433.032557
2026-02-24 01:45:00+00:00,W003,water,0,1790653420.306550,1790653433.010683,1790653433.032557
2026-02-24 02:15:00+00:00,E007,electricity,0,1790653420.307160,1790653433.010683,1790653433.032557
2026-02-24 02:15:00+00:00,E009,electricity,0,1790653420.307219,1790653433.010683,1790653433.032557
2026-02-24 02:15:00+00:00,E001,electricity,0,1790653420.307251,1790653433.010683,1790653433.032557
2026-02-24 02:15:00+00:00,E002,electricity,0,1790653420.307278,1790653433.010683,1790653433.032557
2026-02-24 02:15:00+00:00,E005,electricity,0,1790653420.307303,1790653433.010683,1790653433.032557
2026-02-24 02:15:00+00:00,E004,electricity,0,1790653420.307327,1790653433.010683,1790653433.032557
2026-02-24 02:15:00+00:00,E008,electricity,0,1790653420.307363,1790653433.010683,1790653433.032557
2026-02-24 02:15:00+00:00,E000,electricity,0,1790653420.307388,1790653433.010683,1790653433.032557
2026-02-24 02:15:00+00:00,E003,electricity,0,1790653420.307413,1790653433.010683,1790653433.032557
2026-02-24 02:15:00+00:00,E006,electricity,0,1790653420.307438,1790653433.010683,1790653433.032557
2026-02-24 01:45:00+00:00,W007,water,0,1790653420.307462,1790653433.010683,1790653433.032557
2026-02-24 01:45:00+00:00,W006,water,0,1790653420.307497,1790653433.010683,1790653433.032557
2026-02-24 02:00:00+00:00,W003,water,0,1790653420.307530,1790653433.010683,1790653433.032557
2026-02-24 02:00:00+00:00,W008,water,0,1790653420.307555,1790653433.010683,1790653433.032557
2026-02-24 01:45:00+00:00,W005,water,0,1790653420.308662,1790653433.010683,1790653433.032557
2026-02-24 02:00:00+00:00,W004,water,0,1790653420.308964,1790653433.010683,1790653433.032557
2026-02-24 02:00:00+00:00,W000,water,0,1790653420.309198,1790653433.010683,1790653433.032557
2026-02-24 02:00:00+00:00,W001,water,0,1790653420.310898,1790653433.010683,1790653433.032557
2026-02-24 01:45:00+00:00,W009,water,0,1790653420.310930,1790653433.010683,1790653433.032557
2026-02-24 02:00:00+00:00,W002,water,0,1790653420.311374,1790653433.010683,1790653433.032557
2026-02-24 02:30:00+00:00,E009,electricity,0,1790653420.311592,1790653433.010683,1790653433.032557
2026-02-24 02:30:00+00:00,E007,electricity,0,1790653420.311630,1790653433.010683,1790653433.032557
2026-02-24 02:30:00+00:00,E001,electricity,0,1790653420.311656,1790653433.010683,1790653433.032557
2026-02-24 02:30:00+00:00,E002,electricity,1,1790653420.311681,1790653433.010683,1790653433.032557
2026-02-24 02:30:00+00:00,E008,electricity,0,1790653420.311723,1790653433.010683,1790653433.032557
2026-02-24 02:30:00+00:00,E004,electricity,0,1790653420.311746,1790653433.010683,1790653433.032557
2026-02-24 02:30:00+00:00,E006,electricity,0,1790653420.311769,1790653433.010683,1790653433.032557
2026-02-24 02:30:00+00:00,E005,electricity,0,1790653420.311792,1790653433.010683,1790653433.032557
2026-02-24 02:30:00+00:00,E003,electricity,0,1790653420.311816,1790653433.010683,1790653433.032557
2026-02-24 02:30:00+00:00,E000,electricity,0,1790653420.311837,1790653433.010683,1790653433.032557
2026-02-24 02:15:00+00:00,W006,water,0,1790653420.313265,1790653433.010683,1790653433.032557
2026-02-24 02:15:00+00:00,W009,water,0,1790653420.313365,1790653433.010683,1790653433.032557
2026-02-24 02:15:00+00:00,W005,water,0,1790653420.313402,1790653433.010683,1790653433.032557
2026-02-24 02:15:00+00:00,W003,water,0,1790653420.313430,1790653433.010683,1790653433.032557
2026-02-24 02:15:00+00:00,W001,water,0,1790653420.314236,1790653433.010683,1790653433.032557
2026-02-24 02:15:00+00:00,W007,water,0,1790653420.314483,1790653433.010683,1790653433.032557
2026-02-24 02:15:00+00:00,W008,water,0,1790653420.314789,1790653433.010683,1790653433.032557
2026-02-24 02:15:00+00:00,W000,water,0,1790653420.315264,1790653433.010683,1790653433.032557
2026-02-24 02:15:00+00:00,W004,water,0,1790653420.315377,1790653433.010683,1790653433.032557
2026-02-24 02:15:00+00:00,W002,water,0,1790653420.315792,1790653433.010683,1790653433.032557
2026-02-24 02:45:00+00:00,E003,electricity,0,1790653420.316094,1790653433.010683,1790653433.032557
2026-02-24 02:45:00+00:00,E002,electricity,0,1790653420.316144,1790653433.010683,1790653433.032557
2026-02-24 02:45:00+00:00,E001,electricity,0,1790653420.316173,1790653433.010683,1790653433.032557
2026-02-24 02:45:00+00:00,E006,electricity,0,1790653420.316199,1790653433.010683,1790653433.032557
2026-02-24 02:45:00+00:00,E007,electricity,0,1790653420.316223,1790653433.010683,1790653433.032557
2026-02-24 02:45:00+00:00,E009,electricity,0,1790653420.316263,1790653433.010683,1790653433.032557
2026-02-24 02:45:00+00:00,E005,electricity,0,1790653420.316287,1790653433.010683,1790653433.032557
2026-02-24 02:45:00+00:00,E000,electricity,0,1790653420.316310,1790653433.010683,1790653433.032557
2026-02-24 02:45:00+00:00,E004,electricity,0,1790653420.316334,1790653433.010683,1790653433.032557
2026-02-24 02:45:00+00:00,E008,electricity,0,1790653420.316357,1790653433.010683,1790653433.032557
2026-02-24 02:30:00+00:00,W000,water,0,1790653420.316887,1790653433.010683,1790653433.032557
2026-02-24 02:30:00+00:00,W006,water,0,1790653420.317245,1790653433.010683,1790653433.032557
2026-02-24 02:30:00+00:00,W009,water,0,1790653420.317492,1790653433.010683,1790653433.032557
2026-02-24 02:30:00+00:00,W007,water,0,1790653420.319108,1790653433.010683,1790653433.032557
2026-02-24 02:30:00+00:00,W008,water,0,1790653420.320349,1790653433.010683,1790653433.032557
2026-02-24 02:30:00+00:00,W002,water,0,1790653420.320460,1790653433.010683,1790653433.032557
2026-02-24 02:30:00+00:00,W003,water,0,1790653420.320500,1790653433.010683,1790653433.032557
2026-02-24 02:30:00+00:00,W004,water,0,1790653420.320540,1790653433.010683,1790653433.032557
2026-02-24 02:30:00+00:00,W001,water,0,1790653420.320570,1790653433.010683,1790653433.032557
2026-02-24 02:30:00+00:00,W005,water,0,1790653420.320596,1790653433.010683,1790653433.032557
2026-02-24 03:00:00+00:00,G003,gas,0,1790653420.320622,1790653433.010683,1790653433.032557
2026-02-24 03:00:00+00:00,G007,gas,0,1790653420.320648,1790653433.010683,1790653433.032557
2026-02-24 03:00:00+00:00,G002,gas,0,1790653420.320672,1790653433.010683,1790653433.032557
2026-02-24 03:00:00+00:00,E000,electricity,0,1790653420.320695,1790653433.010683,1790653433.032557
2026-02-24 03:00:00+00:00,E003,electricity,0,1790653420.320720,1790653433.010683,1790653433.032557
2026-02-24 03:00:00+00:00,G006,gas,0,1790653420.320745,1790653433.010683,1790653433.032557
2026-02-24 03:00:00+00:00,E004,electricity,0,1790653420.320768,1790653433.010683,1790653433.032557
2026-02-24 03:00:00+00:00,G001,gas,0,1790653420.320792,1790653433.010683,1790653433.032557
2026-02-24 03:00:00+00:00,E002,electricity,0,1790653420.320816,1790653433.010683,1790653433.032557
2026-02-24 03:00:00+00:00,E009,electricity,0,1790653420.320840,1790653433.010683,1790653433.032557
2026-02-24 03:00:00+00:00,G008,gas,0,1790653420.320863,1790653433.010683,1790653433.032557
2026-02-24 03:00:00+00:00,E008,electricity,0,1790653420.320888,1790653433.010683,1790653433.032557
2026-02-24 03:00:00+00:00,G005,gas,0,1790653420.320911,1790653433.010683,1790653433.032557
2026-02-24 03:00:00+00:00,E005,electricity,0,1790653420.320934,1790653433.010683,1790653433.032557
2026-02-24 03:00:00+00:00,G004,gas,0,1790653420.320966,1790653433.010683,1790653433.032557
2026-02-24 03:00:00+00:00,E001,electricity,0,1790653420.320997,1790653433.010683,1790653433.032557
2026-02-24 03:00:00+00:00,G000,gas,0,1790653420.321024,1790653433.010683,1790653433.032557
2026-02-24 03:00:00+00:00,E006,electricity,0,1790653420.321048,1790653433.010683,1790653433.032557
2026-02-24 03:00:00+00:00,G009,gas,0,1790653420.321072,1790653433.010683,1790653433.032557
2026-02-24 03:00:00+00:00,E007,electricity,0,1790653420.321096,1790653433.010683,1790653433.032557
2026-02-24 02:45:00+00:00,W000,water,0,1790653420.321120,1790653433.010683,1790653433.032557
2026-02-24 02:45:00+00:00,W006,water,0,1790653420.322008,1790653433.010683,1790653433.032557
2026-02-24 02:45:00+00:00,W009,water,0,1790653420.324047,1790653433.010683,1790653433.032557
2026-02-24 02:45:00+00:00,W008,water,0,1790653420.324238,1790653433.010683,1790653433.032557
2026-02-24 02:45:00+00:00,W003,water,0,1790653420.324518,1790653433.010683,1790653433.032557
2026-02-24 03:15:00+00:00,E000,electricity,0,1790653420.325093,1790653433.010683,1790653433.032557
2026-02-24 03:15:00+00:00,E006,electricity,0,1790653420.325123,1790653433.010683,1790653433.032557
2026-02-24 03:15:00+00:00,E009,electricity,0,1790653420.325148,1790653433.010683,1790653433.032557
2026-02-24 03:15:00+00:00,E004,electricity,0,1790653420.325171,1790653433.010683,1790653433.032557
2026-02-24 03:15:00+00:00,E005,electricity,0,1790653420.325194,1790653433.010683,1790653433.032557
2026-02-24 03:15:00+00:00,E008,electricity,0,1790653420.325217,1790653433.968236,1790653433.993852
2026-02-24 03:15:00+00:00,E003,electricity,0,1790653420.325248,1790653433.968236,1790653433.993852
2026-02-24 03:15:00+00:00,E007,electricity,0,1790653420.325279,1790653433.968236,1790653433.993852
2026-02-24 03:15:00+00:00,E002,electricity,1,1790653420.325302,1790653433.968236,1790653433.993852
2026-02-24 03:15:00+00:00,E001,electricity,0,1790653420.325332,1790653433.968236,1790653433.993852
2026-02-24 02:45:00+00:00,W004,water,0,1790653420.325355,1790653433.968236,1790653433.993852
2026-02-24 02:45:00+00:00,W007,water,0,1790653420.325500,1790653433.968236,1790653433.993852
2026-02-24 03:00:00+00:00,W009,water,0,1790653420.325897,1790653433.968236,1790653433.993852
2026-02-24 02:45:00+00:00,W002,water,0,1790653420.327945,1790653433.968236,1790653433.993852
2026-02-24 03:00:00+00:00,W000,water,0,1790653420.328037,1790653433.968236,1790653433.993852
2026-02-24 02:45:00+00:00,W005,water,0,1790653420.328068,1790653433.968236,1790653433.993852
2026-02-24 02:45:00+00:00,W001,water,0,1790653420.329106,1790653433.968236,1790653433.993852
2026-02-24 03:30:00+00:00,E003,electricity,0,1790653420.329594,1790653433.968236,1790653433.993852
2026-02-24 03:30:00+00:00,E008,electricity,0,1790653420.329623,1790653433.968236,1790653433.993852
2026-02-24 03:30:00+00:00,E006,electricity,0,1790653420.329648,1790653433.968236,1790653433.993852
2026-02-24 03:30:00+00:00,E002,electricity,0,1790653420.329671,1790653433.968236,1790653433.993852
2026-02-24 03:30:00+00:00,E000,electricity,0,1790653420.329696,1790653433.968236,1790653433.993852
2026-02-24 03:30:00+00:00,E009,electricity,0,1790653420.329719,1790653433.968236,1790653433.993852
2026-02-24 03:30:00+00:00,E005,electricity,1,1790653420.329742,1790653433.968236,1790653433.993852
2026-02-24 03:30:00+00:00,E001,electricity,0,1790653420.329764,1790653433.968236,1790653433.993852
2026-02-24 03:30:00+00:00,E004,electricity,0,1790653420.329786,1790653433.968236,1790653433.993852
2026-02-24 03:30:00+00:00,E007,electricity,0,1790653420.329809,1790653433.968236,1790653433.993852
2026-02-24 03:15:00+00:00,W005,water,0,1790653420.329841,1790653433.968236,1790653433.993852
2026-02-24 03:00:00+00:00,W003,water,0,1790653420.329864,1790653433.968236,1790653433.993852
2026-02-24 03:15:00+00:00,W000,water,0,1790653420.330116,1790653433.968236,1790653433.993852
2026-02-24 03:00:00+00:00,W008,water,0,1790653420.330211,1790653433.968236,1790653433.993852
2026-02-24 03:00:00+00:00,W006,water,0,1790653420.331676,1790653433.968236,1790653433.993852
2026-02-24 03:15:00+00:00,W007,water,0,1790653420.332156,1790653433.968236,1790653433.993852
2026-02-24 03:15:00+00:00,W002,water,0,1790653420.333252,1790653433.968236,1790653433.993852
2026-02-24 03:45:00+00:00,E008,electricity,0,1790653420.334122,1790653433.968236,1790653433.993852
2026-02-24 03:45:00+00:00,E004,electricity,0,1790653420.334208,1790653433.968236,1790653433.993852
2026-02-24 03:45:00+00:00,E000,electricity,0,1790653420.334239,1790653433.968236,1790653433.993852
2026-02-24 03:45:00+00:00,E009,electricity,0,1790653420.334341,1790653433.968236,1790653433.993852
2026-02-24 03:45:00+00:00,E001,electricity,0,1790653420.334374,1790653433.968236,1790653433.993852
2026-02-24 03:45:00+00:00,E003,electricity,0,1790653420.334400,1790653433.968236,1790653433.993852
2026-02-24 03:45:00+00:00,E007,electricity,0,1790653420.334425,1790653433.968236,1790653433.993852
2026-02-24 03:45:00+00:00,E002,electricity,0,1790653420.334450,1790653433.968236,1790653433.993852
2026-02-24 03:45:00+00:00,E005,electricity,1,1790653420.334475,1790653433.968236,1790653433.993852
2026-02-24 03:45:00+00:00,E006,electricity,0,1790653420.334515,1790653433.968236,1790653433.993852
2026-02-24 03:15:00+00:00,W004,water,0,1790653420.334541,1790653433.968236,1790653433.993852
2026-02-24 03:30:00+00:00,W003,water,0,1790653420.334572,1790653433.968236,1790653433.993852
2026-02-24 03:30:00+00:00,W005,water,0,1790653420.336516,1790653433.968236,1790653433.993852
2026-02-24 03:15:00+00:00,W009,water,0,1790653420.337159,1790653433.968236,1790653433.993852
2026-02-24 03:30:00+00:00,W008,water,0,1790653420.337203,1790653433.968236,1790653433.993852
2026-02-24 03:15:00+00:00,W001,water,0,1790653420.337885,1790653433.968236,1790653433.993852
2026-02-24 04:00:00+00:00,G008,gas,0,1790653420.338592,1790653433.968236,1790653433.993852
2026-02-24 04:00:00+00:00,E001,electricity,0,1790653420.338620,1790653433.968236,1790653433.993852
2026-02-24 04:00:00+00:00,G009,gas,0,1790653420.338645,1790653433.968236,1790653433.993852
2026-02-24 04:00:00+00:00,G000,gas,0,1790653420.338669,1790653433.968236,1790653433.993852
2026-02-24 04:00:00+00:00,E002,electricity,0,1790653420.338693,1790653433.968236,1790653433.993852
2026-02-24 04:00:00+00:00,G004,gas,0,1790653420.338717,1790653433.968236,1790653433.993852
2026-02-24 04:00:00+00:00,G007,gas,0,1790653420.338739,1790653433.968236,1790653433.993852
2026-02-24 04:00:00+00:00,E005,electricity,1,1790653420.338762,1790653433.968236,1790653433.993852
2026-02-24 04:00:00+00:00,E003,electricity,0,1790653420.338795,1790653433.968236,1790653433.993852
2026-02-24 04:00:00+00:00,E009,electricity,0,1790653420.338819,1790653433.968236,1790653433.993852
2026-02-24 04:00:00+00:00,G005,gas,0,1790653420.338841,1790653433.968236,1790653433.993852
2026-02-24 04:00:00+00:00,E008,electricity,0,1790653420.338864,1790653433.968236,1790653433.993852
2026-02-24 04:00:00+00:00,E004,electricity,0,1790653420.338887,1790653433.968236,1790653433.993852
2026-02-24 04:00:00+00:00,G001,gas,0,1790653420.338911,1790653433.968236,1790653433.993852
2026-02-24 04:00:00+00:00,E006,electricity,0,1790653420.338933,1790653433.968236,1790653433.993852
2026-02-24 04:00:00+00:00,G006,gas,0,1790653420.338954,1790653433.968236,1790653433.993852
2026-02-24 04:00:00+00:00,G002,gas,0,1790653420.338978,1790653433.968236,1790653433.993852
2026-02-24 04:00:00+00:00,G003,gas,0,1790653420.339009,1790653433.968236,1790653433.993852
2026-02-24 04:00:00+00:00,E007,electricity,0,1790653420.339033,1790653433.968236,1790653433.993852
2026-02-24 04:00:00+00:00,E000,electricity,0,1790653420.339056,1790653433.968236,1790653433.993852
2026-02-24 03:30:00+00:00,W000,water,0,1790653420.339079,1790653433.968236,1790653433.993852
2026-02-24 03:30:00+00:00,W007,water,0,1790653420.340916,1790653433.968236,1790653433.993852
2026-02-24 03:30:00+00:00,W006,water,0,1790653420.340984,1790653433.968236,1790653433.993852
2026-02-24 03:45:00+00:00,W008,water,0,1790653420.341503,1790653433.968236,1790653433.993852
2026-02-24 03:45:00+00:00,W004,water,0,1790653420.341554,1790653433.968236,1790653433.993852
2026-02-24 03:30:00+00:00,W002,water,0,1790653420.341893,1790653433.968236,1790653433.993852
2026-02-24 04:15:00+00:00,E007,electricity,0,1790653420.343092,1790653433.968236,1790653433.993852
2026-02-24 04:15:00+00:00,E005,electricity,1,1790653420.343132,1790653433.968236,1790653433.993852
2026-02-24 04:15:00+00:00,E001,electricity,0,1790653420.343157,1790653433.968236,1790653433.993852
2026-02-24 04:15:00+00:00,E009,electricity,0,1790653420.343182,1790653433.968236,1790653433.993852
2026-02-24 04:15:00+00:00,E008,electricity,0,1790653420.343205,1790653433.968236,1790653433.993852
2026-02-24 04:15:00+00:00,E004,electricity,0,1790653420.343250,1790653433.968236,1790653433.993852
2026-02-24 04:15:00+00:00,E000,electricity,0,1790653420.343272,1790653433.968236,1790653433.993852
2026-02-24 04:15:00+00:00,E002,electricity,1,1790653420.343294,1790653433.968236,1790653433.993852
2026-02-24 04:15:00+00:00,E003,electricity,0,1790653420.343324,1790653433.968236,1790653433.993852
2026-02-24 04:15:00+00:00,E006,electricity,0,1790653420.343353,1790653433.968236,1790653433.993852
2026-02-24 03:45:00+00:00,W005,water,0,1790653420.343541,1790653433.968236,1790653433.993852
2026-02-24 03:45:00+00:00,W003,water,0,1790653420.343626,1790653433.968236,1790653433.993852
2026-02-24 03:45:00+00:00,W001,water,0,1790653420.344361,1790653433.968236,1790653433.993852
2026-02-24 03:45:00+00:00,W009,water,0,1790653420.344389,1790653433.968236,1790653433.993852
2026-02-24 04:00:00+00:00,W002,water,0,1790653420.344986,1790653433.968236,1790653433.993852
2026-02-24 04:00:00+00:00,W000,water,0,1790653420.345311,1790653433.968236,1790653433.993852
2026-02-24 04:00:00+00:00,W004,water,0,1790653420.346192,1790653433.968236,1790653433.993852
2026-02-24 04:00:00+00:00,W007,water,0,1790653420.347177,1790653433.968236,1790653433.993852
2026-02-24 04:30:00+00:00,E002,electricity,0,1790653420.347600,1790653433.968236,1790653433.993852
2026-02-24 04:30:00+00:00,E007,electricity,0,1790653420.347657,1790653433.968236,1790653433.993852
2026-02-24 04:30:00+00:00,E003,electricity,0,1790653420.347688,1790653433.968236,1790653433.993852
2026-02-24 04:30:00+00:00,E005,electricity,1,1790653420.347715,1790653433.968236,1790653433.993852
2026-02-24 04:30:00+00:00,E004,electricity,0,1790653420.347751,1790653433.968236,1790653433.993852
2026-02-24 04:30:00+00:00,E009,electricity,0,1790653420.347777,1790653433.968236,1790653433.993852
2026-02-24 04:30:00+00:00,E000,electricity,0,1790653420.347802,1790653433.968236,1790653433.993852
2026-02-24 04:30:00+00:00,E008,electricity,0,1790653420.347827,1790653433.968236,1790653433.993852
2026-02-24 04:30:00+00:00,E006,electricity,0,1790653420.347852,1790653433.968236,1790653433.993852
2026-02-24 04:30:00+00:00,E001,electricity,0,1790653420.347877,1790653433.968236,1790653433.993852
2026-02-24 04:15:00+00:00,W003,water,0,1790653420.348220,1790653433.968236,1790653433.993852
2026-02-24 04:00:00+00:00,W006,water,0,1790653420.348421,1790653433.968236,1790653433.993852
2026-02-24 04:00:00+00:00,W008,water,0,1790653420.348811,1790653433.968236,1790653433.993852
2026-02-24 04:15:00+00:00,W009,water,0,1790653420.349546,1790653433.968236,1790653433.993852
2026-02-24 04:15:00+00:00,W004,water,0,1790653420.350313,1790653433.968236,1790653433.993852
2026-02-24 04:15:00+00:00,W005,water,0,1790653420.350368,1790653433.968236,1790653433.993852
2026-02-24 04:15:00+00:00,W002,water,0,1790653420.350758,1790653433.968236,1790653433.993852
2026-02-24 04:15:00+00:00,W000,water,0,1790653420.351487,1790653433.968236,1790653433.993852
2026-02-24 04:15:00+00:00,W001,water,0,1790653420.351676,1790653433.968236,1790653433.993852
2026-02-24 04:45:00+00:00,E006,electricity,0,1790653420.352091,1790653433.968236,1790653433.993852
2026-02-24 04:45:00+00:00,E000,electricity,0,1790653420.352119,1790653433.968236,1790653433.993852
2026-02-24 04:45:00+00:00,E004,electricity,0,1790653420.352143,1790653433.968236,1790653433.993852
2026-02-24 04:45:00+00:00,E003,electricity,0,1790653420.352167,1790653433.968236,1790653433.993852
2026-02-24 04:45:00+00:00,E005,electricity,1,1790653420.352203,1790653433.968236,1790653433.993852
2026-02-24 04:45:00+00:00,E002,electricity,0,1790653420.352226,1790653433.968236,1790653433.993852
2026-02-24 04:45:00+00:00,E007,electricity,0,1790653420.352249,1790653433.968236,1790653433.993852
2026-02-24 04:45:00+00:00,E009,electricity,0,1790653420.352271,1790653433.968236,1790653433.993852
2026-02-24 04:45:00+00:00,E001,electricity,0,1790653420.352292,1790653433.968236,1790653433.993852
2026-02-24 04:45:00+00:00,E008,electricity,0,1790653420.352314,1790653433.968236,1790653433.993852
2026-02-24 04:30:00+00:00,W006,water,0,1790653420.352336,1790653433.968236,1790653433.993852
2026-02-24 04:15:00+00:00,W007,water,0,1790653420.353509,1790653433.968236,1790653433.993852
2026-02-24 04:30:00+00:00,W003,water,0,1790653420.353578,1790653433.968236,1790653433.993852
2026-02-24 04:30:00+00:00,W005,water,0,1790653420.354974,1790653433.968236,1790653433.993852
2026-02-24 05:00:00+00:00,G000,gas,0,1790653420.356591,1790653433.968236,1790653433.993852
2026-02-24 05:00:00+00:00,E000,electricity,0,1790653420.356620,1790653433.968236,1790653433.993852
2026-02-24 05:00:00+00:00,E001,electricity,0,1790653420.356645,1790653433.968236,1790653433.993852
2026-02-24 05:00:00+00:00,G004,gas,0,1790653420.356668,1790653433.968236,1790653433.993852
2026-02-24 05:00:00+00:00,E004,electricity,0,1790653420.356691,1790653433.968236,1790653433.993852
2026-02-24 05:00:00+00:00,E002,electricity,0,1790653420.356714,1790653433.968236,1790653433.993852
2026-02-24 05:00:00+00:00,G003,gas,0,1790653420.356736,1790653433.968236,1790653433.993852
2026-02-24 05:00:00+00:00,E003,electricity,0,1790653420.356760,1790653433.968236,1790653433.993852
2026-02-24 05:00:00+00:00,E009,electricity,0,1790653420.356782,1790653433.968236,1790653433.993852
2026-02-24 05:00:00+00:00,G002,gas,0,1790653420.356805,1790653433.968236,1790653433.993852
2026-02-24 05:00:00+00:00,G007,gas,0,1790653420.356827,1790653433.968236,1790653433.993852
2026-02-24 04:30:00+00:00,W008,water,0,1790653420.356850,1790653433.968236,1790653433.993852
2026-02-24 05:00:00+00:00,G001,gas,0,1790653420.356885,1790653433.968236,1790653433.993852
2026-02-24 05:00:00+00:00,E007,electricity,0,1790653420.356909,1790653433.968236,1790653433.993852
2026-02-24 05:00:00+00:00,E008,electricity,0,1790653420.356932,1790653433.968236,1790653433.993852
2026-02-24 05:00:00+00:00,G008,gas,0,1790653420.356954,1790653433.968236,1790653433.993852
2026-02-24 05:00:00+00:00,G009,gas,0,1790653420.356977,1790653433.968236,1790653433.993852
2026-02-24 05:00:00+00:00,E006,electricity,0,1790653420.356999,1790653433.968236,1790653433.993852
2026-02-24 05:00:00+00:00,G005,gas,0,1790653420.357020,1790653433.968236,1790653433.993852
2026-02-24 05:00:00+00:00,G006,gas,0,1790653420.357050,1790653433.968236,1790653433.993852
2026-02-24 05:00:00+00:00,E005,electricity,1,1790653420.357072,1790653433.968236,1790653433.993852
2026-02-24 04:30:00+00:00,W002,water,0,1790653420.357095,1790653433.968236,1790653433.993852
2026-02-24 04:30:00+00:00,W000,water,0,1790653420.357118,1790653433.968236,1790653433.993852
2026-02-24 04:30:00+00:00,W004,water,0,1790653420.357988,1790653433.968236,1790653433.993852
2026-02-24 04:30:00+00:00,W009,water,0,1790653420.358381,1790653433.968236,1790653433.993852
2026-02-24 04:30:00+00:00,W001,water,0,1790653420.359832,1790653433.968236,1790653433.993852
2026-02-24 04:45:00+00:00,W003,water,0,1790653420.360211,1790653433.968236,1790653433.993852
2026-02-24 04:45:00+00:00,W006,water,0,1790653420.360263,1790653433.968236,1790653433.993852
2026-02-24 04:45:00+00:00,W007,water,0,1790653420.360523,1790653433.968236,1790653433.993852
2026-02-24 04:45:00+00:00,W005,water,0,1790653420.360878,1790653433.968236,1790653433.993852
2026-02-24 05:15:00+00:00,E004,electricity,0,1790653420.361092,1790653433.968236,1790653433.993852
2026-02-24 05:15:00+00:00,E005,electricity,1,1790653420.361121,1790653433.968236,1790653433.993852
2026-02-24 05:15:00+00:00,E008,electricity,0,1790653420.361145,1790653433.968236,1790653433.993852
2026-02-24 05:15:00+00:00,E006,electricity,0,1790653420.361170,1790653433.968236,1790653433.993852
2026-02-24 05:15:00+00:00,E001,electricity,0,1790653420.361193,1790653433.968236,1790653433.993852
2026-02-24 05:15:00+00:00,E003,electricity,0,1790653420.361217,1790653433.968236,1790653433.993852
2026-02-24 05:15:00+00:00,E002,electricity,0,1790653420.361248,1790653433.968236,1790653433.993852
2026-02-24 05:15:00+00:00,E009,electricity,0,1790653420.361270,1790653433.968236,1790653433.993852
2026-02-24 05:15:00+00:00,E007,electricity,0,1790653420.361293,1790653433.968236,1790653433.993852
2026-02-24 05:15:00+00:00,E000,electricity,0,1790653420.361316,1790653433.968236,1790653433.993852
2026-02-24 05:00:00+00:00,W004,water,0,1790653420.362044,1790653433.968236,1790653433.993852
2026-02-24 05:00:00+00:00,W007,water,0,1790653420.362567,1790653433.968236,1790653433.993852
2026-02-24 05:00:00+00:00,W008,water,0,1790653420.363402,1790653433.968236,1790653433.993852
2026-02-24 05:00:00+00:00,W002,water,0,1790653420.363485,1790653433.968236,1790653433.993852
2026-02-24 05:00:00+00:00,W009,water,0,1790653420.363767,1790653433.968236,1790653433.993852
2026-02-24 05:00:00+00:00,W003,water,0,1790653420.364141,1790653433.968236,1790653433.993852
2026-02-24 05:00:00+00:00,W000,water,0,1790653420.364277,1790653433.968236,1790653433.993852
2026-02-24 05:00:00+00:00,W001,water,0,1790653420.364519,1790653433.968236,1790653433.993852
2026-02-24 05:30:00+00:00,E001,electricity,0,1790653420.366313,1790653433.968236,1790653433.993852
2026-02-24 05:30:00+00:00,E003,electricity,0,1790653420.366345,1790653433.968236,1790653433.993852
2026-02-24 05:30:00+00:00,E005,electricity,1,1790653420.366372,1790653433.968236,1790653433.993852
2026-02-24 05:30:00+00:00,E007,electricity,0,1790653420.366398,1790653433.968236,1790653433.993852
2026-02-24 05:30:00+00:00,E004,electricity,0,1790653420.366423,1790653433.968236,1790653433.993852
2026-02-24 05:30:00+00:00,E000,electricity,0,1790653420.366446,1790653433.968236,1790653433.993852
2026-02-24 05:30:00+00:00,E009,electricity,0,1790653420.366471,1790653433.968236,1790653433.993852
2026-02-24 05:30:00+00:00,E002,electricity,0,1790653420.366503,1790653433.968236,1790653433.993852
2026-02-24 05:30:00+00:00,E006,electricity,0,1790653420.366528,1790653433.968236,1790653433.993852
2026-02-24 05:30:00+00:00,E008,electricity,0,1790653420.366551,1790653433.968236,1790653433.993852
2026-02-24 05:15:00+00:00,W009,water,0,1790653420.366575,1790653433.968236,1790653433.993852
2026-02-24 05:00:00+00:00,W006,water,0,1790653420.366599,1790653433.968236,1790653433.993852
2026-02-24 05:00:00+00:00,W005,water,0,1790653420.366623,1790653433.968236,1790653433.993852
2026-02-24 05:15:00+00:00,W007,water,0,1790653420.367717,1790653433.968236,1790653433.993852
2026-02-24 05:15:00+00:00,W008,water,0,1790653420.368277,1790653433.968236,1790653433.993852
2026-02-24 05:15:00+00:00,W003,water,0,1790653420.368922,1790653433.968236,1790653433.993852
2026-02-24 05:45:00+00:00,E001,electricity,0,1790653420.370091,1790653433.968236,1790653433.993852
2026-02-24 05:45:00+00:00,E006,electricity,0,1790653420.370121,1790653433.968236,1790653433.993852
2026-02-24 05:45:00+00:00,E007,electricity,0,1790653420.370145,1790653433.968236,1790653433.993852
2026-02-24 05:45:00+00:00,E003,electricity,0,1790653420.370169,1790653433.968236,1790653433.993852
2026-02-24 05:45:00+00:00,E008,electricity,0,1790653420.370192,1790653435.000060,1790653435.033261
2026-02-24 05:45:00+00:00,E004,electricity,0,1790653420.370215,1790653435.000060,1790653435.033261
2026-02-24 05:45:00+00:00,E000,electricity,0,1790653420.370239,1790653435.000060,1790653435.033261
2026-02-24 05:45:00+00:00,E002,electricity,0,1790653420.370277,1790653435.000060,1790653435.033261
2026-02-24 05:45:00+00:00,E005,electricity,1,1790653420.370302,1790653435.000060,1790653435.033261
2026-02-24 05:45:00+00:00,E009,electricity,0,1790653420.370326,1790653435.000060,1790653435.033261
2026-02-24 05:15:00+00:00,W001,water,0,1790653420.370350,1790653435.000060,1790653435.033261
2026-02-24 05:15:00+00:00,W004,water,0,1790653420.370548,1790653435.000060,1790653435.033261
2026-02-24 05:15:00+00:00,W000,water,0,1790653420.370992,1790653435.000060,1790653435.033261
2026-02-24 05:30:00+00:00,W007,water,0,1790653420.371596,1790653435.000060,1790653435.033261
2026-02-24 05:15:00+00:00,W002,water,0,1790653420.373027,1790653435.000060,1790653435.033261
2026-02-24 05:30:00+00:00,W008,water,0,1790653420.373118,1790653435.000060,1790653435.033261
2026-02-24 05:30:00+00:00,W006,water,0,1790653420.373230,1790653435.000060,1790653435.033261
2026-02-24 05:30:00+00:00,W009,water,0,1790653420.373260,1790653435.000060,1790653435.033261
2026-02-24 05:30:00+00:00,W005,water,0,1790653420.374005,1790653435.000060,1790653435.033261
2026-02-24 06:00:00+00:00,G007,gas,0,1790653420.374602,1790653435.000060,1790653435.033261
2026-02-24 06:00:00+00:00,E004,electricity,0,1790653420.374637,1790653435.000060,1790653435.033261
2026-02-24 06:00:00+00:00,E000,electricity,0,1790653420.374664,1790653435.000060,1790653435.033261
2026-02-24 06:00:00+00:00,G003,gas,0,1790653420.374688,1790653435.000060,1790653435.033261
2026-02-24 06:00:00+00:00,E001,electricity,0,1790653420.374712,1790653435.000060,1790653435.033261
2026-02-24 06:00:00+00:00,G006,gas,0,1790653420.374735,1790653435.000060,1790653435.033261
2026-02-24 06:00:00+00:00,G002,gas,0,1790653420.374767,1790653435.000060,1790653435.033261
2026-02-24 06:00:00+00:00,G009,gas,0,1790653420.374790,1790653435.000060,1790653435.033261
2026-02-24 06:00:00+00:00,G001,gas,0,1790653420.374813,1790653435.000060,1790653435.033261
2026-02-24 06:00:00+00:00,E005,electricity,1,1790653420.374836,1790653435.000060,1790653435.033261
2026-02-24 06:00:00+00:00,E009,electricity,0,1790653420.374859,1790653435.000060,1790653435.033261
2026-02-24 06:00:00+00:00,G005,gas,0,1790653420.374882,1790653435.000060,1790653435.033261
2026-02-24 06:00:00+00:00,E008,electricity,0,1790653420.374906,1790653435.000060,1790653435.033261
2026-02-24 06:00:00+00:00,E006,electricity,0,1790653420.374928,1790653435.000060,1790653435.033261
2026-02-24 06:00:00+00:00,E003,electricity,0,1790653420.374950,1790653435.000060,1790653435.033261
2026-02-24 06:00:00+00:00,G004,gas,0,1790653420.374972,1790653435.000060,1790653435.033261
2026-02-24 06:00:00+00:00,G008,gas,0,1790653420.374995,1790653435.000060,1790653435.033261
2026-02-24 06:00:00+00:00,E002,electricity,1,1790653420.375017,1790653435.000060,1790653435.033261
2026-02-24 06:00:00+00:00,G000,gas,0,1790653420.375040,1790653435.000060,1790653435.033261
2026-02-24 06:00:00+00:00,E007,electricity,0,1790653420.375062,1790653435.000060,1790653435.033261
2026-02-24 05:45:00+00:00,W004,water,0,1790653420.376048,1790653435.000060,1790653435.033261
2026-02-24 05:45:00+00:00,W008,water,0,1790653420.376078,1790653435.000060,1790653435.033261
2026-02-24 05:30:00+00:00,W003,water,0,1790653420.377123,1790653435.000060,1790653435.033261
2026-02-24 05:45:00+00:00,W001,water,0,1790653420.378247,1790653435.000060,1790653435.033261
2026-02-24 05:45:00+00:00,W005,water,0,1790653420.378471,1790653435.000060,1790653435.033261
2026-02-24 05:45:00+00:00,W000,water,0,1790653420.379691,1790653435.000060,1790653435.033261
2026-02-24 06:15:00+00:00,E007,electricity,0,1790653420.379783,1790653435.000060,1790653435.033261
2026-02-24 06:15:00+00:00,E006,electricity,0,1790653420.379815,1790653435.000060,1790653435.033261
2026-02-24 06:15:00+00:00,E009,electricity,0,1790653420.379842,1790653435.000060,1790653435.033261
2026-02-24 06:15:00+00:00,E000,electricity,0,1790653420.379866,1790653435.000060,1790653435.033261
2026-02-24 06:15:00+00:00,E001,electricity,0,1790653420.379890,1790653435.000060,1790653435.033261
2026-02-24 06:15:00+00:00,E008,electricity,0,1790653420.379923,1790653435.000060,1790653435.033261
2026-02-24 06:15:00+00:00,E005,electricity,1,1790653420.379947,1790653435.000060,1790653435.033261
2026-02-24 06:15:00+00:00,E004,electricity,0,1790653420.379978,1790653435.000060,1790653435.033261
2026-02-24 06:15:00+00:00,E002,electricity,0,1790653420.380002,1790653435.000060,1790653435.033261
2026-02-24 06:15:00+00:00,E003,electricity,0,1790653420.380026,1790653435.000060,1790653435.033261
2026-02-24 05:45:00+00:00,W009,water,0,1790653420.380049,1790653435.000060,1790653435.033261
2026-02-24 06:00:00+00:00,W004,water,0,1790653420.380073,1790653435.000060,1790653435.033261
2026-02-24 05:45:00+00:00,W007,water,0,1790653420.380394,1790653435.000060,1790653435.033261
2026-02-24 05:45:00+00:00,W006,water,1,1790653420.380637,1790653435.000060,1790653435.033261
2026-02-24 05:45:00+00:00,W002,water,0,1790653420.380669,1790653435.000060,1790653435.033261
2026-02-24 06:00:00+00:00,W000,water,0,1790653420.382200,1790653435.000060,1790653435.033261
2026-02-24 06:00:00+00:00,W001,water,1,1790653420.382688,1790653435.000060,1790653435.033261
2026-02-24 06:30:00+00:00,E006,electricity,0,1790653420.383591,1790653435.000060,1790653435.033261
2026-02-24 06:30:00+00:00,E002,electricity,1,1790653420.383621,1790653435.000060,1790653435.033261
2026-02-24 06:30:00+00:00,E004,electricity,0,1790653420.383646,1790653435.000060,1790653435.033261
2026-02-24 06:30:00+00:00,E008,electricity,0,1790653420.383669,1790653435.000060,1790653435.033261
2026-02-24 06:30:00+00:00,E000,electricity,0,1790653420.383693,1790653435.000060,1790653435.033261
2026-02-24 06:30:00+00:00,E003,electricity,0,1790653420.383717,1790653435.000060,1790653435.033261
2026-02-24 06:30:00+00:00,E001,electricity,0,1790653420.383740,1790653435.000060,1790653435.033261
2026-02-24 06:30:00+00:00,E005,electricity,1,1790653420.383764,1790653435.000060,1790653435.033261
2026-02-24 06:30:00+00:00,E009,electricity,0,1790653420.383788,1790653435.000060,1790653435.033261
2026-02-24 06:30:00+00:00,E007,electricity,0,1790653420.383811,1790653435.000060,1790653435.033261
2026-02-24 06:15:00+00:00,W004,water,0,1790653420.383834,1790653435.000060,1790653435.033261
2026-02-24 06:00:00+00:00,W008,water,0,1790653420.383858,1790653435.000060,1790653435.033261
2026-02-24 06:15:00+00:00,W006,water,0,1790653420.384992,1790653435.000060,1790653435.033261
2026-02-24 06:00:00+00:00,W003,water,0,1790653420.385192,1790653435.000060,1790653435.033261
2026-02-24 06:15:00+00:00,W007,water,0,1790653420.386324,1790653435.000060,1790653435.033261
2026-02-24 06:15:00+00:00,W009,water,0,1790653420.386390,1790653435.000060,1790653435.033261
2026-02-24 06:00:00+00:00,W005,water,0,1790653420.386419,1790653435.000060,1790653435.033261
2026-02-24 06:15:00+00:00,W000,water,0,1790653420.386909,1790653435.000060,1790653435.033261
2026-02-24 06:15:00+00:00,W001,water,0,1790653420.386956,1790653435.000060,1790653435.033261
2026-02-24 06:15:00+00:00,W002,water,0,1790653420.387742,1790653435.000060,1790653435.033261
2026-02-24 06:45:00+00:00,E002,electricity,0,1790653420.388092,1790653435.000060,1790653435.033261
2026-02-24 06:45:00+00:00,E004,electricity,0,1790653420.388119,1790653435.000060,1790653435.033261
2026-02-24 06:45:00+00:00,E008,electricity,0,1790653420.388143,1790653435.000060,1790653435.033261
2026-02-24 06:45:00+00:00,E007,electricity,0,1790653420.388166,1790653435.000060,1790653435.033261
2026-02-24 06:45:00+00:00,E000,electricity,0,1790653420.388199,1790653435.000060,1790653435.033261
2026-02-24 06:45:00+00:00,E005,electricity,1,1790653420.388223,1790653435.000060,1790653435.033261
2026-02-24 06:45:00+00:00,E003,electricity,0,1790653420.388247,1790653435.000060,1790653435.033261
2026-02-24 06:45:00+00:00,E006,electricity,0,1790653420.388270,1790653435.000060,1790653435.033261
2026-02-24 06:45:00+00:00,E009,electricity,0,1790653420.388292,1790653435.000060,1790653435.033261
2026-02-24 06:45:00+00:00,E001,electricity,0,1790653420.388314,1790653435.000060,1790653435.033261
2026-02-24 06:30:00+00:00,W009,water,1,1790653420.388345,1790653435.000060,1790653435.033261
2026-02-24 06:30:00+00:00,W006,water,0,1790653420.389069,1790653435.000060,1790653435.033261
2026-02-24 06:30:00+00:00,W007,water,1,1790653420.389759,1790653435.000060,1790653435.033261
2026-02-24 06:30:00+00:00,W004,water,1,1790653420.391067,1790653435.000060,1790653435.033261
2026-02-24 06:30:00+00:00,W002,water,1,1790653420.392455,1790653435.000060,1790653435.033261
2026-02-24 06:30:00+00:00,W008,water,0,1790653420.392531,1790653435.000060,1790653435.033261
2026-02-24 06:30:00+00:00,W000,water,0,1790653420.392562,1790653435.000060,1790653435.033261
2026-02-24 07:00:00+00:00,G008,gas,0,1790653420.392587,1790653435.000060,1790653435.033261
2026-02-24 07:00:00+00:00,G000,gas,0,1790653420.392613,1790653435.000060,1790653435.033261
2026-02-24 07:00:00+00:00,G004,gas,0,1790653420.392736,1790653435.000060,1790653435.033261
2026-02-24 07:00:00+00:00,G009,gas,0,1790653420.392762,1790653435.000060,1790653435.033261
2026-02-24 07:00:00+00:00,E002,electricity,1,1790653420.392787,1790653435.000060,1790653435.033261
2026-02-24 07:00:00+00:00,E000,electricity,0,1790653420.392823,1790653435.000060,1790653435.033261
2026-02-24 07:00:00+00:00,G007,gas,0,1790653420.392847,1790653435.000060,1790653435.033261
2026-02-24 07:00:00+00:00,E003,electricity,0,1790653420.392871,1790653435.000060,1790653435.033261
2026-02-24 07:00:00+00:00,G003,gas,0,1790653420.392895,1790653435.000060,1790653435.033261
2026-02-24 07:00:00+00:00,G006,gas,0,1790653420.392919,1790653435.000060,1790653435.033261
2026-02-24 07:00:00+00:00,E004,electricity,0,1790653420.392941,1790653435.000060,1790653435.033261
2026-02-24 07:00:00+00:00,E006,electricity,0,1790653420.392964,1790653435.000060,1790653435.033261
2026-02-24 07:00:00+00:00,E009,electricity,0,1790653420.392987,1790653435.000060,1790653435.033261
2026-02-24 07:00:00+00:00,G002,gas,0,1790653420.393010,1790653435.000060,1790653435.033261
2026-02-24 07:00:00+00:00,E007,electricity,0,1790653420.393034,1790653435.000060,1790653435.033261
2026-02-24 07:00:00+00:00,G001,gas,0,1790653420.393071,1790653435.000060,1790653435.033261
2026-02-24 07:00:00+00:00,E001,electricity,0,1790653420.393097,1790653435.000060,1790653435.033261
2026-02-24 07:00:00+00:00,E005,electricity,0,1790653420.393123,1790653435.000060,1790653435.033261
2026-02-24 07:00:00+00:00,G005,gas,0,1790653420.393148,1790653435.000060,1790653435.033261
2026-02-24 07:00:00+00:00,E008,electricity,0,1790653420.393173,1790653435.000060,1790653435.033261
2026-02-24 06:30:00+00:00,W005,water,0,1790653420.393197,1790653435.000060,1790653435.033261
2026-02-24 06:45:00+00:00,W009,water,0,1790653420.393412,1790653435.000060,1790653435.033261
2026-02-24 06:30:00+00:00,W003,water,0,1790653420.393981,1790653435.000060,1790653435.033261
2026-02-24 06:30:00+00:00,W001,water,0,1790653420.394752,1790653435.000060,1790653435.033261
2026-02-24 06:45:00+00:00,W007,water,0,1790653420.395483,1790653435.000060,1790653435.033261
2026-02-24 06:45:00+00:00,W006,water,0,1790653420.395514,1790653435.000060,1790653435.033261
2026-02-24 06:45:00+00:00,W002,water,0,1790653420.396438,1790653435.000060,1790653435.033261
2026-02-24 06:45:00+00:00,W000,water,1,1790653420.396581,1790653435.000060,1790653435.033261
2026-02-24 07:15:00+00:00,E008,electricity,0,1790653420.397091,1790653435.000060,1790653435.033261
2026-02-24 07:15:00+00:00,E002,electricity,1,1790653420.397119,1790653435.000060,1790653435.033261
2026-02-24 07:15:00+00:00,E005,electricity,0,1790653420.397144,1790653435.000060,1790653435.033261
2026-02-24 07:15:00+00:00,E006,electricity,0,1790653420.397167,1790653435.000060,1790653435.033261
2026-02-24 07:15:00+00:00,E000,electricity,0,1790653420.397191,1790653435.000060,1790653435.033261
2026-02-24 07:15:00+00:00,E007,electricity,0,1790653420.397227,1790653435.000060,1790653435.033261
2026-02-24 07:15:00+00:00,E004,electricity,0,1790653420.397249,1790653435.000060,1790653435.033261
2026-02-24 07:15:00+00:00,E003,electricity,0,1790653420.397279,1790653435.000060,1790653435.033261
2026-02-24 07:15:00+00:00,E009,electricity,0,1790653420.397302,1790653435.000060,1790653435.033261
2026-02-24 07:15:00+00:00,E001,electricity,0,1790653420.397325,1790653435.000060,1790653435.033261
2026-02-24 06:45:00+00:00,W008,water,0,1790653420.397347,1790653435.000060,1790653435.033261
2026-02-24 07:00:00+00:00,W005,water,0,1790653420.399724,1790653435.000060,1790653435.033261
2026-02-24 07:00:00+00:00,W006,water,1,1790653420.399834,1790653435.000060,1790653435.033261
2026-02-24 06:45:00+00:00,W004,water,0,1790653420.399877,1790653435.000060,1790653435.033261
2026-02-24 07:00:00+00:00,W000,water,0,1790653420.400009,1790653435.000060,1790653435.033261
2026-02-24 07:00:00+00:00,W009,water,1,1790653420.400985,1790653435.000060,1790653435.033261
2026-02-24 07:30:00+00:00,E004,electricity,0,1790653420.401593,1790653435.000060,1790653435.033261
2026-02-24 07:30:00+00:00,E009,electricity,0,1790653420.401625,1790653435.000060,1790653435.033261
2026-02-24 07:30:00+00:00,E005,electricity,0,1790653420.401651,1790653435.000060,1790653435.033261
2026-02-24 07:30:00+00:00,E002,electricity,1,1790653420.401676,1790653435.000060,1790653435.033261
2026-02-24 07:30:00+00:00,E007,electricity,0,1790653420.401701,1790653435.000060,1790653435.033261
2026-02-24 07:30:00+00:00,E003,electricity,0,1790653420.401724,1790653435.000060,1790653435.033261
2026-02-24 07:30:00+00:00,E006,electricity,0,1790653420.401746,1790653435.000060,1790653435.033261
2026-02-24 07:30:00+00:00,E008,electricity,0,1790653420.401768,1790653435.000060,1790653435.033261
2026-02-24 07:30:00+00:00,E000,electricity,0,1790653420.401803,1790653435.000060,1790653435.033261
2026-02-24 07:30:00+00:00,E001,electricity,0,1790653420.401828,1790653435.000060,1790653435.033261
2026-02-24 07:15:00+00:00,W000,water,0,1790653420.401851,1790653435.000060,1790653435.033261
2026-02-24 07:15:00+00:00,W004,water,1,1790653420.401875,1790653435.000060,1790653435.033261
2026-02-24 07:00:00+00:00,W003,water,0,1790653420.402208,1790653435.000060,1790653435.033261
2026-02-24 07:00:00+00:00,W001,water,0,1790653420.402797,1790653435.000060,1790653435.033261
2026-02-24 07:00:00+00:00,W002,water,0,1790653420.403006,1790653435.000060,1790653435.033261
2026-02-24 07:00:00+00:00,W007,water,0,1790653420.403744,1790653435.000060,1790653435.033261
2026-02-24 07:15:00+00:00,W008,water,0,1790653420.403847,1790653435.000060,1790653435.033261
2026-02-24 07:15:00+00:00,W006,water,0,1790653420.406135,1790653435.000060,1790653435.033261
2026-02-24 07:45:00+00:00,E007,electricity,0,1790653420.406236,1790653435.000060,1790653435.033261
2026-02-24 07:45:00+00:00,E005,electricity,0,1790653420.406278,1790653435.000060,1790653435.033261
2026-02-24 07:45:00+00:00,E009,electricity,0,1790653420.406304,1790653435.000060,1790653435.033261
2026-02-24 07:45:00+00:00,E004,electricity,0,1790653420.406421,1790653435.000060,1790653435.033261
2026-02-24 07:45:00+00:00,E003,electricity,0,1790653420.406449,1790653435.000060,1790653435.033261
2026-02-24 07:45:00+00:00,E001,electricity,0,1790653420.406473,1790653435.000060,1790653435.033261
2026-02-24 07:45:00+00:00,E008,electricity,0,1790653420.406497,1790653435.000060,1790653435.033261
2026-02-24 07:45:00+00:00,E000,electricity,0,1790653420.406521,1790653435.000060,1790653435.033261
2026-02-24 07:45:00+00:00,E002,electricity,1,1790653420.406557,1790653435.000060,1790653435.033261
2026-02-24 07:45:00+00:00,E006,electricity,0,1790653420.406582,1790653435.000060,1790653435.033261
2026-02-24 07:15:00+00:00,W009,water,0,1790653420.407355,1790653435.000060,1790653435.033261
2026-02-24 07:30:00+00:00,W002,water,0,1790653420.407416,1790653435.000060,1790653435.033261
2026-02-24 07:15:00+00:00,W005,water,1,1790653420.407447,1790653435.000060,1790653435.033261
2026-02-24 07:30:00+00:00,W008,water,0,1790653420.407832,1790653435.000060,1790653435.033261
2026-02-24 07:30:00+00:00,W003,water,0,1790653420.408013,1790653435.000060,1790653435.033261
2026-02-24 07:30:00+00:00,W007,water,0,1790653420.409724,1790653435.000060,1790653435.033261
2026-02-24 07:30:00+00:00,W001,water,0,1790653420.410002,1790653435.000060,1790653435.033261
2026-02-24 08:00:00+00:00,E003,electricity,1,1790653420.410592,1790653435.000060,1790653435.033261
2026-02-24 08:00:00+00:00,E002,electricity,1,1790653420.410620,1790653435.000060,1790653435.033261
2026-02-24 08:00:00+00:00,G004,gas,0,1790653420.410644,1790653435.000060,1790653435.033261
2026-02-24 08:00:00+00:00,G007,gas,0,1790653420.410668,1790653435.000060,1790653435.033261
2026-02-24 08:00:00+00:00,G000,gas,0,1790653420.410692,1790653435.000060,1790653435.033261
2026-02-24 08:00:00+00:00,E008,electricity,0,1790653420.410731,1790653435.000060,1790653435.033261
2026-02-24 08:00:00+00:00,E006,electricity,0,1790653420.410755,1790653435.000060,1790653435.033261
2026-02-24 08:00:00+00:00,G009,gas,1,1790653420.410778,1790653435.000060,1790653435.033261
2026-02-24 08:00:00+00:00,E004,electricity,0,1790653420.410801,1790653435.000060,1790653435.033261
2026-02-24 08:00:00+00:00,G003,gas,0,1790653420.410825,1790653435.000060,1790653435.033261
2026-02-24 08:00:00+00:00,G001,gas,0,1790653420.410848,1790653435.000060,1790653435.033261
2026-02-24 08:00:00+00:00,G002,gas,0,1790653420.410872,1790653435.000060,1790653435.033261
2026-02-24 08:00:00+00:00,E009,electricity,0,1790653420.410903,1790653435.000060,1790653435.033261
2026-02-24 08:00:00+00:00,E001,electricity,0,1790653420.410946,1790653435.000060,1790653435.033261
2026-02-24 08:00:00+00:00,E007,electricity,0,1790653420.410984,1790653435.000060,1790653435.033261
2026-02-24 08:00:00+00:00,E000,electricity,0,1790653420.411007,1790653435.000060,1790653435.033261
2026-02-24 08:00:00+00:00,E005,electricity,0,1790653420.411030,1790653435.000060,1790653435.033261
2026-02-24 08:00:00+00:00,G005,gas,0,1790653420.411052,1790653435.000060,1790653435.033261
2026-02-24 08:00:00+00:00,G008,gas,0,1790653420.411074,1790653435.000060,1790653435.033261
2026-02-24 08:00:00+00:00,G006,gas,0,1790653420.411097,1790653435.000060,1790653435.033261
2026-02-24 07:30:00+00:00,W004,water,0,1790653420.411119,1790653436.076788,1790653436.104150
2026-02-24 07:45:00+00:00,W005,water,1,1790653420.411141,1790653436.076788,1790653436.104150
2026-02-24 07:30:00+00:00,W000,water,0,1790653420.411163,1790653436.076788,1790653436.104150
2026-02-24 07:45:00+00:00,W007,water,0,1790653420.411405,1790653436.076788,1790653436.104150
2026-02-24 07:30:00+00:00,W006,water,0,1790653420.412741,1790653436.076788,1790653436.104150
2026-02-24 07:45:00+00:00,W009,water,0,1790653420.412813,1790653436.076788,1790653436.104150
2026-02-24 07:45:00+00:00,W003,water,1,1790653420.412844,1790653436.076788,1790653436.104150
2026-02-24 07:45:00+00:00,W008,water,0,1790653420.413656,1790653436.076788,1790653436.104150
2026-02-24 07:45:00+00:00,W002,water,0,1790653420.414392,1790653436.076788,1790653436.104150
2026-02-24 07:45:00+00:00,W001,water,0,1790653420.415021,1790653436.076788,1790653436.104150
2026-02-24 08:15:00+00:00,E007,electricity,0,1790653420.415051,1790653436.076788,1790653436.104150
2026-02-24 08:15:00+00:00,E008,electricity,0,1790653420.415076,1790653436.076788,1790653436.104150
2026-02-24 08:15:00+00:00,E006,electricity,0,1790653420.415099,1790653436.076788,1790653436.104150
2026-02-24 08:15:00+00:00,E005,electricity,1,1790653420.415135,1790653436.076788,1790653436.104150
2026-02-24 08:15:00+00:00,E001,electricity,0,1790653420.415166,1790653436.076788,1790653436.104150
2026-02-24 08:15:00+00:00,E000,electricity,0,1790653420.415190,1790653436.076788,1790653436.104150
2026-02-24 08:15:00+00:00,E002,electricity,1,1790653420.415213,1790653436.076788,1790653436.104150
2026-02-24 08:15:00+00:00,E009,electricity,0,1790653420.415237,1790653436.076788,1790653436.104150
2026-02-24 08:15:00+00:00,E003,electricity,0,1790653420.415260,1790653436.076788,1790653436.104150
2026-02-24 08:15:00+00:00,E004,electricity,0,1790653420.415288,1790653436.076788,1790653436.104150
2026-02-24 08:00:00+00:00,W003,water,1,1790653420.415862,1790653436.076788,1790653436.104150
2026-02-24 08:00:00+00:00,W005,water,0,1790653420.416267,1790653436.076788,1790653436.104150
2026-02-24 08:00:00+00:00,W008,water,1,1790653420.416927,1790653436.076788,1790653436.104150
2026-02-24 08:00:00+00:00,W004,water,1,1790653420.417376,1790653436.076788,1790653436.104150
2026-02-24 08:00:00+00:00,W007,water,0,1790653420.417806,1790653436.076788,1790653436.104150
2026-02-24 08:00:00+00:00,W009,water,0,1790653420.418181,1790653436.076788,1790653436.104150
2026-02-24 08:00:00+00:00,W000,water,0,1790653420.419184,1790653436.076788,1790653436.104150
2026-02-24 08:30:00+00:00,E005,electricity,0,1790653420.419594,1790653436.076788,1790653436.104150
2026-02-24 08:30:00+00:00,E001,electricity,0,1790653420.419655,1790653436.076788,1790653436.104150
2026-02-24 08:30:00+00:00,E004,electricity,0,1790653420.419684,1790653436.076788,1790653436.104150
2026-02-24 08:30:00+00:00,E006,electricity,0,1790653420.419712,1790653436.076788,1790653436.104150
2026-02-24 08:30:00+00:00,E008,electricity,0,1790653420.419737,1790653436.076788,1790653436.104150
2026-02-24 08:30:00+00:00,E000,electricity,0,1790653420.419762,1790653436.076788,1790653436.104150
2026-02-24 08:30:00+00:00,E002,electricity,1,1790653420.419797,1790653436.076788,1790653436.104150
2026-02-24 08:30:00+00:00,E003,electricity,0,1790653420.419823,1790653436.076788,1790653436.104150
2026-02-24 08:30:00+00:00,E009,electricity,0,1790653420.419847,1790653436.076788,1790653436.104150
2026-02-24 08:30:00+00:00,E007,electricity,0,1790653420.419872,1790653436.076788,1790653436.104150
2026-02-24 08:00:00+00:00,W001,water,0,1790653420.419896,1790653436.076788,1790653436.104150
2026-02-24 08:00:00+00:00,W006,water,0,1790653420.421148,1790653436.076788,1790653436.104150
2026-02-24 08:15:00+00:00,W005,water,0,1790653420.421751,1790653436.076788,1790653436.104150
2026-02-24 08:15:00+00:00,W004,water,0,1790653420.421856,1790653436.076788,1790653436.104150
2026-02-24 08:15:00+00:00,W007,water,0,1790653420.421906,1790653436.076788,1790653436.104150
2026-02-24 08:15:00+00:00,W003,water,0,1790653420.422832,1790653436.076788,1790653436.104150
2026-02-24 08:00:00+00:00,W002,water,0,1790653420.422861,1790653436.076788,1790653436.104150
2026-02-24 08:15:00+00:00,W008,water,0,1790653420.423676,1790653436.076788,1790653436.104150
2026-02-24 08:45:00+00:00,E009,electricity,0,1790653420.424092,1790653436.076788,1790653436.104150
2026-02-24 08:45:00+00:00,E005,electricity,0,1790653420.424120,1790653436.076788,1790653436.104150
2026-02-24 08:45:00+00:00,E006,electricity,0,1790653420.424144,1790653436.076788,1790653436.104150
2026-02-24 08:45:00+00:00,E000,electricity,0,1790653420.424167,1790653436.076788,1790653436.104150
2026-02-24 08:45:00+00:00,E007,electricity,0,1790653420.424190,1790653436.076788,1790653436.104150
2026-02-24 08:45:00+00:00,E001,electricity,0,1790653420.424212,1790653436.076788,1790653436.104150
2026-02-24 08:45:00+00:00,E004,electricity,0,1790653420.424249,1790653436.076788,1790653436.104150
2026-02-24 08:45:00+00:00,E008,electricity,0,1790653420.424280,1790653436.076788,1790653436.104150
2026-02-24 08:45:00+00:00,E002,electricity,1,1790653420.424304,1790653436.076788,1790653436.104150
2026-02-24 08:45:00+00:00,E003,electricity,0,1790653420.424333,1790653436.076788,1790653436.104150
2026-02-24 08:15:00+00:00,W000,water,0,1790653420.425346,1790653436.076788,1790653436.104150
2026-02-24 08:30:00+00:00,W006,water,0,1790653420.425753,1790653436.076788,1790653436.104150
2026-02-24 08:30:00+00:00,W001,water,0,1790653420.426032,1790653436.076788,1790653436.104150
2026-02-24 08:15:00+00:00,W009,water,0,1790653420.426687,1790653436.076788,1790653436.104150
2026-02-24 08:30:00+00:00,W004,water,0,1790653420.427827,1790653436.076788,1790653436.104150
2026-02-24 09:00:00+00:00,G000,gas,0,1790653420.428595,1790653436.076788,1790653436.104150
2026-02-24 09:00:00+00:00,G001,gas,0,1790653420.428627,1790653436.076788,1790653436.104150
2026-02-24 09:00:00+00:00,E006,electricity,0,1790653420.428665,1790653436.076788,1790653436.104150
2026-02-24 09:00:00+00:00,E008,electricity,0,1790653420.428692,1790653436.076788,1790653436.104150
2026-02-24 09:00:00+00:00,E000,electricity,0,1790653420.428717,1790653436.076788,1790653436.104150
2026-02-24 09:00:00+00:00,E001,electricity,0,1790653420.428741,1790653436.076788,1790653436.104150
2026-02-24 09:00:00+00:00,G009,gas,1,1790653420.428766,1790653436.076788,1790653436.104150
2026-02-24 09:00:00+00:00,G008,gas,0,1790653420.428789,1790653436.076788,1790653436.104150
2026-02-24 09:00:00+00:00,G007,gas,0,1790653420.428812,1790653436.076788,1790653436.104150
2026-02-24 09:00:00+00:00,G006,gas,0,1790653420.428843,1790653436.076788,1790653436.104150
2026-02-24 09:00:00+00:00,G004,gas,0,1790653420.428868,1790653436.076788,1790653436.104150
2026-02-24 09:00:00+00:00,E007,electricity,0,1790653420.428892,1790653436.076788,1790653436.104150
2026-02-24 09:00:00+00:00,E003,electricity,0,1790653420.428916,1790653436.076788,1790653436.104150
2026-02-24 09:00:00+00:00,E004,electricity,0,1790653420.428939,1790653436.076788,1790653436.104150
2026-02-24 09:00:00+00:00,G002,gas,0,1790653420.428962,1790653436.076788,1790653436.104150
2026-02-24 09:00:00+00:00,E009,electricity,0,1790653420.428987,1790653436.076788,1790653436.104150
2026-02-24 09:00:00+00:00,E002,electricity,1,1790653420.429010,1790653436.076788,1790653436.104150
2026-02-24 09:00:00+00:00,E005,electricity,0,1790653420.429033,1790653436.076788,1790653436.104150
2026-02-24 09:00:00+00:00,G005,gas,0,1790653420.429054,1790653436.076788,1790653436.104150
2026-02-24 09:00:00+00:00,G003,gas,0,1790653420.429075,1790653436.076788,1790653436.104150
2026-02-24 08:30:00+00:00,W007,water,0,1790653420.429097,1790653436.076788,1790653436.104150
2026-02-24 08:30:00+00:00,W002,water,0,1790653420.429119,1790653436.076788,1790653436.104150
2026-02-24 08:45:00+00:00,W000,water,0,1790653420.429148,1790653436.076788,1790653436.104150
2026-02-24 08:45:00+00:00,W001,water,0,1790653420.429172,1790653436.076788,1790653436.104150
2026-02-24 08:30:00+00:00,W003,water,0,1790653420.429539,1790653436.076788,1790653436.104150
2026-02-24 08:30:00+00:00,W005,water,0,1790653420.430088,1790653436.076788,1790653436.104150
2026-02-24 08:45:00+00:00,W009,water,0,1790653420.430542,1790653436.076788,1790653436.104150
2026-02-24 08:45:00+00:00,W004,water,0,1790653420.430651,1790653436.076788,1790653436.104150
2026-02-24 08:45:00+00:00,W006,water,0,1790653420.432037,1790653436.076788,1790653436.104150
2026-02-24 08:30:00+00:00,W008,water,0,1790653420.432693,1790653436.076788,1790653436.104150
2026-02-24 09:15:00+00:00,E002,electricity,1,1790653420.433176,1790653436.076788,1790653436.104150
2026-02-24 09:15:00+00:00,E004,electricity,0,1790653420.433224,1790653436.076788,1790653436.104150
2026-02-24 09:15:00+00:00,E000,electricity,0,1790653420.433252,1790653436.076788,1790653436.104150
2026-02-24 09:15:00+00:00,E003,electricity,0,1790653420.433278,1790653436.076788,1790653436.104150
2026-02-24 09:15:00+00:00,E005,electricity,0,1790653420.433304,1790653436.076788,1790653436.104150
2026-02-24 09:15:00+00:00,E008,electricity,0,1790653420.433329,1790653436.076788,1790653436.104150
2026-02-24 09:15:00+00:00,E007,electricity,0,1790653420.433353,1790653436.076788,1790653436.104150
2026-02-24 09:15:00+00:00,E009,electricity,0,1790653420.433377,1790653436.076788,1790653436.104150
2026-02-24 09:15:00+00:00,E001,electricity,0,1790653420.433401,1790653436.076788,1790653436.104150
2026-02-24 09:15:00+00:00,E006,electricity,0,1790653420.433424,1790653436.076788,1790653436.104150
2026-02-24 09:00:00+00:00,W005,water,0,1790653420.433642,1790653436.076788,1790653436.104150
2026-02-24 09:00:00+00:00,W003,water,0,1790653420.434073,1790653436.076788,1790653436.104150
2026-02-24 09:00:00+00:00,W002,water,1,1790653420.435391,1790653436.076788,1790653436.104150
2026-02-24 09:00:00+00:00,W008,water,0,1790653420.435487,1790653436.076788,1790653436.104150
2026-02-24 09:00:00+00:00,W000,water,0,1790653420.436122,1790653436.076788,1790653436.104150
2026-02-24 09:00:00+00:00,W009,water,0,1790653420.436622,1790653436.076788,1790653436.104150
2026-02-24 09:00:00+00:00,W007,water,0,1790653420.437082,1790653436.076788,1790653436.104150
2026-02-24 09:00:00+00:00,W006,water,0,1790653420.437511,1790653436.076788,1790653436.104150
2026-02-24 09:30:00+00:00,E004,electricity,0,1790653420.437551,1790653436.076788,1790653436.104150
2026-02-24 09:30:00+00:00,E007,electricity,0,1790653420.437579,1790653436.076788,1790653436.104150
2026-02-24 09:30:00+00:00,E008,electricity,0,1790653420.437603,1790653436.076788,1790653436.104150
2026-02-24 09:30:00+00:00,E005,electricity,0,1790653420.437642,1790653436.076788,1790653436.104150
2026-02-24 09:30:00+00:00,E000,electricity,0,1790653420.437668,1790653436.076788,1790653436.104150
2026-02-24 09:30:00+00:00,E002,electricity,1,1790653420.437699,1790653436.076788,1790653436.104150
2026-02-24 09:30:00+00:00,E003,electricity,0,1790653420.437723,1790653436.076788,1790653436.104150
2026-02-24 09:30:00+00:00,E009,electricity,0,1790653420.437746,1790653436.076788,1790653436.104150
2026-02-24 09:30:00+00:00,E006,electricity,0,1790653420.437769,1790653436.076788,1790653436.104150
2026-02-24 09:30:00+00:00,E001,electricity,0,1790653420.437790,1790653436.076788,1790653436.104150
2026-02-24 09:15:00+00:00,W000,water,0,1790653420.438798,1790653436.076788,1790653436.104150
2026-02-24 09:15:00+00:00,W005,water,0,1790653420.439022,1790653436.076788,1790653436.104150
2026-02-24 09:00:00+00:00,W001,water,0,1790653420.439235,1790653436.076788,1790653436.104150
2026-02-24 09:15:00+00:00,W007,water,0,1790653420.439863,1790653436.076788,1790653436.104150
2026-02-24 09:00:00+00:00,W004,water,0,1790653420.439977,1790653436.076788,1790653436.104150
2026-02-24 09:15:00+00:00,W008,water,0,1790653420.440222,1790653436.076788,1790653436.104150
2026-02-24 09:15:00+00:00,W006,water,0,1790653420.441548,1790653436.076788,1790653436.104150
2026-02-24 09:15:00+00:00,W009,water,0,1790653420.441782,1790653436.076788,1790653436.104150
2026-02-24 09:15:00+00:00,W002,water,0,1790653420.441996,1790653436.076788,1790653436.104150
2026-02-24 09:45:00+00:00,E002,electricity,0,1790653420.442096,1790653436.076788,1790653436.104150
2026-02-24 09:45:00+00:00,E006,electricity,0,1790653420.442125,1790653436.076788,1790653436.104150
2026-02-24 09:45:00+00:00,E008,electricity,0,1790653420.442150,1790653436.076788,1790653436.104150
2026-02-24 09:45:00+00:00,E000,electricity,0,1790653420.442174,1790653436.076788,1790653436.104150
2026-02-24 09:45:00+00:00,E001,electricity,0,1790653420.442197,1790653436.076788,1790653436.104150
2026-02-24 09:45:00+00:00,E007,electricity,0,1790653420.442230,1790653436.076788,1790653436.104150
2026-02-24 09:45:00+00:00,E009,electricity,0,1790653420.442254,1790653436.076788,1790653436.104150
2026-02-24 09:45:00+00:00,E004,electricity,0,1790653420.442278,1790653436.076788,1790653436.104150
2026-02-24 09:45:00+00:00,E003,electricity,0,1790653420.442300,1790653436.076788,1790653436.104150
2026-02-24 09:45:00+00:00,E005,electricity,0,1790653420.442323,1790653436.076788,1790653436.104150
2026-02-24 09:30:00+00:00,W000,water,0,1790653420.442523,1790653436.076788,1790653436.104150
2026-02-24 09:30:00+00:00,W005,water,0,1790653420.442640,1790653436.076788,1790653436.104150
2026-02-24 09:15:00+00:00,W003,water,0,1790653420.443022,1790653436.076788,1790653436.104150
2026-02-24 09:30:00+00:00,W001,water,0,1790653420.445684,1790653436.076788,1790653436.104150
2026-02-24 10:00:00+00:00,E005,electricity,0,1790653420.446552,1790653436.076788,1790653436.104150
2026-02-24 10:00:00+00:00,G009,gas,0,1790653420.446579,1790653436.076788,1790653436.104150
2026-02-24 10:00:00+00:00,E006,electricity,0,1790653420.446606,1790653436.076788,1790653436.104150
2026-02-24 10:00:00+00:00,G004,gas,0,1790653420.446631,1790653436.076788,1790653436.104150
2026-02-24 10:00:00+00:00,E004,electricity,0,1790653420.446656,1790653436.076788,1790653436.104150
2026-02-24 10:00:00+00:00,E000,electricity,0,1790653420.446679,1790653436.076788,1790653436.104150
2026-02-24 10:00:00+00:00,E008,electricity,0,1790653420.446702,1790653436.076788,1790653436.104150
2026-02-24 10:00:00+00:00,E002,electricity,1,1790653420.446725,1790653436.076788,1790653436.104150
2026-02-24 10:00:00+00:00,G008,gas,0,1790653420.446747,1790653436.076788,1790653436.104150
2026-02-24 10:00:00+00:00,G000,gas,0,1790653420.446771,1790653436.076788,1790653436.104150
2026-02-24 10:00:00+00:00,E003,electricity,0,1790653420.446794,1790653436.076788,1790653436.104150
2026-02-24 10:00:00+00:00,G001,gas,0,1790653420.446816,1790653436.076788,1790653436.104150
2026-02-24 10:00:00+00:00,G007,gas,0,1790653420.446849,1790653436.076788,1790653436.104150
2026-02-24 10:00:00+00:00,E009,electricity,0,1790653420.446873,1790653436.076788,1790653436.104150
2026-02-24 10:00:00+00:00,G002,gas,0,1790653420.446896,1790653436.076788,1790653436.104150
2026-02-24 10:00:00+00:00,G006,gas,0,1790653420.446920,1790653436.076788,1790653436.104150
2026-02-24 10:00:00+00:00,G003,gas,0,1790653420.446943,1790653436.076788,1790653436.104150
2026-02-24 10:00:00+00:00,E007,electricity,0,1790653420.446966,1790653436.076788,1790653436.104150
2026-02-24 10:00:00+00:00,G005,gas,0,1790653420.446989,1790653436.076788,1790653436.104150
2026-02-24 10:00:00+00:00,E001,electricity,0,1790653420.447012,1790653436.076788,1790653436.104150
2026-02-24 09:30:00+00:00,W004,water,0,1790653420.447035,1790653436.076788,1790653436.104150
2026-02-24 09:30:00+00:00,W007,water,0,1790653420.447253,1790653436.076788,1790653436.104150
2026-02-24 09:30:00+00:00,W008,water,0,1790653420.447281,1790653436.076788,1790653436.104150
2026-02-24 09:45:00+00:00,W001,water,0,1790653420.447637,1790653436.076788,1790653436.104150
2026-02-24 09:30:00+00:00,W002,water,0,1790653420.448097,1790653436.076788,1790653436.104150
2026-02-24 09:45:00+00:00,W000,water,0,1790653420.448211,1790653436.076788,1790653436.104150
2026-02-24 09:30:00+00:00,W009,water,0,1790653420.448472,1790653436.076788,1790653436.104150
2026-02-24 09:30:00+00:00,W006,water,0,1790653420.448597,1790653436.076788,1790653436.104150
2026-02-24 09:45:00+00:00,W005,water,0,1790653420.449598,1790653436.076788,1790653436.104150
2026-02-24 10:15:00+00:00,E007,electricity,0,1790653420.452039,1790653436.076788,1790653436.104150
2026-02-24 10:15:00+00:00,E006,electricity,0,1790653420.452066,1790653436.076788,1790653436.104150
2026-02-24 10:15:00+00:00,E009,electricity,0,1790653420.452090,1790653436.076788,1790653436.104150
2026-02-24 10:15:00+00:00,E008,electricity,0,1790653420.452202,1790653436.076788,1790653436.104150
2026-02-24 10:15:00+00:00,E004,electricity,0,1790653420.452231,1790653436.076788,1790653436.104150
2026-02-24 10:15:00+00:00,E005,electricity,0,1790653420.452255,1790653436.076788,1790653436.104150
2026-02-24 10:15:00+00:00,E000,electricity,0,1790653420.452280,1790653436.076788,1790653436.104150
2026-02-24 10:15:00+00:00,E002,electricity,0,1790653420.452304,1790653436.076788,1790653436.104150
2026-02-24 10:15:00+00:00,E003,electricity,0,1790653420.452328,1790653436.076788,1790653436.104150
2026-02-24 10:15:00+00:00,E001,electricity,0,1790653420.452351,1790653436.076788,1790653436.104150
2026-02-24 09:45:00+00:00,W003,water,0,1790653420.452389,1790653436.076788,1790653436.104150
2026-02-24 10:00:00+00:00,W005,water,0,1790653420.453286,1790653436.076788,1790653436.104150
2026-02-24 10:00:00+00:00,W002,water,0,1790653420.453449,1790653436.076788,1790653436.104150
2026-02-24 10:00:00+00:00,W001,water,0,1790653420.454553,1790653436.076788,1790653436.104150
2026-02-24 10:00:00+00:00,W006,water,0,1790653420.455334,1790653436.076788,1790653436.104150
2026-02-24 10:30:00+00:00,E008,electricity,0,1790653420.455591,1790653436.076788,1790653436.104150
2026-02-24 10:30:00+00:00,E000,electricity,0,1790653420.455623,1790653436.076788,1790653436.104150
2026-02-24 10:30:00+00:00,E003,electricity,0,1790653420.455647,1790653436.076788,1790653436.104150
2026-02-24 10:30:00+00:00,E005,electricity,0,1790653420.455685,1790653437.045703,1790653437.068677
2026-02-24 10:30:00+00:00,E004,electricity,0,1790653420.455709,1790653437.045703,1790653437.068677
2026-02-24 10:30:00+00:00,E007,electricity,0,1790653420.455733,1790653437.045703,1790653437.068677
2026-02-24 10:30:00+00:00,E002,electricity,0,1790653420.455755,1790653437.045703,1790653437.068677
2026-02-24 10:30:00+00:00,E001,electricity,0,1790653420.455779,1790653437.045703,1790653437.068677
2026-02-24 10:30:00+00:00,E006,electricity,0,1790653420.455803,1790653437.045703,1790653437.068677
2026-02-24 10:30:00+00:00,E009,electricity,0,1790653420.455825,1790653437.045703,1790653437.068677
2026-02-24 10:00:00+00:00,W007,water,0,1790653420.455848,1790653437.045703,1790653437.068677
2026-02-24 10:00:00+00:00,W000,water,0,1790653420.456248,1790653437.045703,1790653437.068677
2026-02-24 10:00:00+00:00,W008,water,1,1790653420.458490,1790653437.045703,1790653437.068677
2026-02-24 10:00:00+00:00,W004,water,0,1790653420.458566,1790653437.045703,1790653437.068677
2026-02-24 10:15:00+00:00,W006,water,0,1790653420.459158,1790653437.045703,1790653437.068677
2026-02-24 10:15:00+00:00,W001,water,0,1790653420.459351,1790653437.045703,1790653437.068677
2026-02-24 10:00:00+00:00,W009,water,0,1790653420.459847,1790653437.045703,1790653437.068677
2026-02-24 10:45:00+00:00,E002,electricity,1,1790653420.460091,1790653437.045703,1790653437.068677
2026-02-24 10:45:00+00:00,E005,electricity,0,1790653420.460122,1790653437.045703,1790653437.068677
2026-02-24 10:45:00+00:00,E000,electricity,0,1790653420.460148,1790653437.045703,1790653437.068677
2026-02-24 10:45:00+00:00,E008,electricity,0,1790653420.460172,1790653437.045703,1790653437.068677
2026-02-24 10:45:00+00:00,E007,electricity,0,1790653420.460209,1790653437.045703,1790653437.068677
2026-02-24 10:45:00+00:00,E006,electricity,0,1790653420.460234,1790653437.045703,1790653437.068677
2026-02-24 10:45:00+00:00,E009,electricity,0,1790653420.460257,1790653437.045703,1790653437.068677
2026-02-24 10:45:00+00:00,E001,electricity,0,1790653420.460281,1790653437.045703,1790653437.068677
2026-02-24 10:45:00+00:00,E003,electricity,0,1790653420.460371,1790653437.045703,1790653437.068677
2026-02-24 10:45:00+00:00,E004,electricity,0,1790653420.460397,1790653437.045703,1790653437.068677
2026-02-24 10:15:00+00:00,W005,water,0,1790653420.460478,1790653437.045703,1790653437.068677
2026-02-24 10:30:00+00:00,W000,water,0,1790653420.460951,1790653437.045703,1790653437.068677
2026-02-24 10:15:00+00:00,W002,water,0,1790653420.460980,1790653437.045703,1790653437.068677
2026-02-24 10:30:00+00:00,W004,water,0,1790653420.461862,1790653437.045703,1790653437.068677
2026-02-24 10:15:00+00:00,W003,water,0,1790653420.462166,1790653437.045703,1790653437.068677
2026-02-24 10:30:00+00:00,W008,water,1,1790653420.463261,1790653437.045703,1790653437.068677
2026-02-24 10:30:00+00:00,W007,water,0,1790653420.463560,1790653437.045703,1790653437.068677
2026-02-24 11:00:00+00:00,G003,gas,0,1790653420.464946,1790653437.045703,1790653437.068677
2026-02-24 11:00:00+00:00,G004,gas,0,1790653420.465016,1790653437.045703,1790653437.068677
2026-02-24 11:00:00+00:00,G001,gas,0,1790653420.465048,1790653437.045703,1790653437.068677
2026-02-24 11:00:00+00:00,G002,gas,0,1790653420.465090,1790653437.045703,1790653437.068677
2026-02-24 11:00:00+00:00,G006,gas,0,1790653420.465117,1790653437.045703,1790653437.068677
2026-02-24 11:00:00+00:00,E005,electricity,0,1790653420.465142,1790653437.045703,1790653437.068677
2026-02-24 11:00:00+00:00,G005,gas,0,1790653420.465174,1790653437.045703,1790653437.068677
2026-02-24 11:00:00+00:00,G000,gas,0,1790653420.465197,1790653437.045703,1790653437.068677
2026-02-24 11:00:00+00:00,G007,gas,0,1790653420.465219,1790653437.045703,1790653437.068677
2026-02-24 11:00:00+00:00,G008,gas,0,1790653420.465242,1790653437.045703,1790653437.068677
2026-02-24 11:00:00+00:00,E003,electricity,0,1790653420.465265,1790653437.045703,1790653437.068677
2026-02-24 11:00:00+00:00,E009,electricity,0,1790653420.465288,1790653437.045703,1790653437.068677
2026-02-24 11:00:00+00:00,E002,electricity,0,1790653420.465311,1790653437.045703,1790653437.068677
2026-02-24 11:00:00+00:00,E008,electricity,0,1790653420.465334,1790653437.045703,1790653437.068677
2026-02-24 11:00:00+00:00,E006,electricity,0,1790653420.465357,1790653437.045703,1790653437.068677
2026-02-24 11:00:00+00:00,E000,electricity,0,1790653420.465379,1790653437.045703,1790653437.068677
2026-02-24 11:00:00+00:00,E001,electricity,0,1790653420.465400,1790653437.045703,1790653437.068677
2026-02-24 11:00:00+00:00,G009,gas,0,1790653420.465422,1790653437.045703,1790653437.068677
2026-02-24 11:00:00+00:00,E007,electricity,0,1790653420.465444,1790653437.045703,1790653437.068677
2026-02-24 11:00:00+00:00,E004,electricity,0,1790653420.465466,1790653437.045703,1790653437.068677
2026-02-24 10:30:00+00:00,W009,water,0,1790653420.465495,1790653437.045703,1790653437.068677
2026-02-24 10:45:00+00:00,W000,water,0,1790653420.465518,1790653437.045703,1790653437.068677
2026-02-24 10:45:00+00:00,W004,water,0,1790653420.465678,1790653437.045703,1790653437.068677
2026-02-24 10:45:00+00:00,W005,water,0,1790653420.466544,1790653437.045703,1790653437.068677
2026-02-24 10:30:00+00:00,W001,water,0,1790653420.467225,1790653437.045703,1790653437.068677
2026-02-24 10:30:00+00:00,W006,water,0,1790653420.467489,1790653437.045703,1790653437.068677
2026-02-24 10:45:00+00:00,W003,water,0,1790653420.468398,1790653437.045703,1790653437.068677
2026-02-24 10:45:00+00:00,W007,water,0,1790653420.468796,1790653437.045703,1790653437.068677
2026-02-24 11:15:00+00:00,E007,electricity,0,1790653420.469040,1790653437.045703,1790653437.068677
2026-02-24 11:15:00+00:00,E008,electricity,0,1790653420.469064,1790653437.045703,1790653437.068677
2026-02-24 11:15:00+00:00,E004,electricity,0,1790653420.469087,1790653437.045703,1790653437.068677
2026-02-24 11:15:00+00:00,E000,electricity,0,1790653420.469110,1790653437.045703,1790653437.068677
2026-02-24 11:15:00+00:00,E002,electricity,0,1790653420.469146,1790653437.045703,1790653437.068677
2026-02-24 11:15:00+00:00,E006,electricity,0,1790653420.469170,1790653437.045703,1790653437.068677
2026-02-24 11:15:00+00:00,E005,electricity,0,1790653420.469193,1790653437.045703,1790653437.068677
2026-02-24 11:15:00+00:00,E001,electricity,0,1790653420.469215,1790653437.045703,1790653437.068677
2026-02-24 11:15:00+00:00,E009,electricity,0,1790653420.469244,1790653437.045703,1790653437.068677
2026-02-24 11:15:00+00:00,E003,electricity,0,1790653420.469279,1790653437.045703,1790653437.068677
2026-02-24 10:45:00+00:00,W008,water,0,1790653420.469323,1790653437.045703,1790653437.068677
2026-02-24 10:45:00+00:00,W002,water,0,1790653420.469979,1790653437.045703,1790653437.068677
2026-02-24 11:00:00+00:00,W004,water,0,1790653420.471278,1790653437.045703,1790653437.068677
2026-02-24 11:00:00+00:00,W007,water,0,1790653420.471340,1790653437.045703,1790653437.068677
2026-02-24 11:00:00+00:00,W005,water,0,1790653420.471756,1790653437.045703,1790653437.068677
2026-02-24 11:00:00+00:00,W000,water,0,1790653420.471818,1790653437.045703,1790653437.068677
2026-02-24 11:00:00+00:00,W009,water,0,1790653420.471919,1790653437.045703,1790653437.068677
2026-02-24 11:00:00+00:00,W001,water,0,1790653420.472198,1790653437.045703,1790653437.068677
2026-02-24 11:00:00+00:00,W006,water,0,1790653420.472891,1790653437.045703,1790653437.068677
2026-02-24 11:30:00+00:00,E005,electricity,0,1790653420.473592,1790653437.045703,1790653437.068677
2026-02-24 11:30:00+00:00,E002,electricity,0,1790653420.473619,1790653437.045703,1790653437.068677
2026-02-24 11:30:00+00:00,E001,electricity,0,1790653420.473644,1790653437.045703,1790653437.068677
2026-02-24 11:30:00+00:00,E003,electricity,0,1790653420.473668,1790653437.045703,1790653437.068677
2026-02-24 11:30:00+00:00,E008,electricity,0,1790653420.473692,1790653437.045703,1790653437.068677
2026-02-24 11:30:00+00:00,E006,electricity,0,1790653420.473715,1790653437.045703,1790653437.068677
2026-02-24 11:30:00+00:00,E007,electricity,0,1790653420.473761,1790653437.045703,1790653437.068677
2026-02-24 11:30:00+00:00,E000,electricity,0,1790653420.473783,1790653437.045703,1790653437.068677
2026-02-24 11:30:00+00:00,E004,electricity,0,1790653420.473805,1790653437.045703,1790653437.068677
2026-02-24 11:30:00+00:00,E009,electricity,0,1790653420.473828,1790653437.045703,1790653437.068677
2026-02-24 11:15:00+00:00,W007,water,0,1790653420.474617,1790653437.045703,1790653437.068677
2026-02-24 11:15:00+00:00,W004,water,0,1790653420.475137,1790653437.045703,1790653437.068677
2026-02-24 11:00:00+00:00,W003,water,0,1790653420.475487,1790653437.045703,1790653437.068677
2026-02-24 11:15:00+00:00,W008,water,0,1790653420.475921,1790653437.045703,1790653437.068677
2026-02-24 11:15:00+00:00,W005,water,0,1790653420.476944,1790653437.045703,1790653437.068677
2026-02-24 11:15:00+00:00,W000,water,0,1790653420.477883,1790653437.045703,1790653437.068677
2026-02-24 11:15:00+00:00,W009,water,0,1790653420.477989,1790653437.045703,1790653437.068677
2026-02-24 11:45:00+00:00,E007,electricity,0,1790653420.478378,1790653437.045703,1790653437.068677
2026-02-24 11:45:00+00:00,E004,electricity,0,1790653420.478442,1790653437.045703,1790653437.068677
2026-02-24 11:45:00+00:00,E006,electricity,0,1790653420.478470,1790653437.045703,1790653437.068677
2026-02-24 11:45:00+00:00,E001,electricity,0,1790653420.478496,1790653437.045703,1790653437.068677
2026-02-24 11:45:00+00:00,E009,electricity,0,1790653420.478521,1790653437.045703,1790653437.068677
2026-02-24 11:45:00+00:00,E003,electricity,0,1790653420.478545,1790653437.045703,1790653437.068677
2026-02-24 11:45:00+00:00,E002,electricity,0,1790653420.478569,1790653437.045703,1790653437.068677
2026-02-24 11:45:00+00:00,E008,electricity,0,1790653420.478592,1790653437.045703,1790653437.068677
2026-02-24 11:45:00+00:00,E000,electricity,0,1790653420.478616,1790653437.045703,1790653437.068677
2026-02-24 11:45:00+00:00,E005,electricity,0,1790653420.478639,1790653437.045703,1790653437.068677
2026-02-24 11:15:00+00:00,W006,water,1,1790653420.478662,1790653437.045703,1790653437.068677
2026-02-24 11:30:00+00:00,W003,water,0,1790653420.478944,1790653437.045703,1790653437.068677
2026-02-24 11:30:00+00:00,W007,water,0,1790653420.479591,1790653437.045703,1790653437.068677
2026-02-24 11:15:00+00:00,W002,water,0,1790653420.480326,1790653437.045703,1790653437.068677
2026-02-24 11:15:00+00:00,W001,water,0,1790653420.480356,1790653437.045703,1790653437.068677
2026-02-24 11:30:00+00:00,W005,water,0,1790653420.481062,1790653437.045703,1790653437.068677
2026-02-24 11:30:00+00:00,W008,water,0,1790653420.481722,1790653437.045703,1790653437.068677
2026-02-24 12:00:00+00:00,E000,electricity,0,1790653420.482592,1790653437.045703,1790653437.068677
2026-02-24 12:00:00+00:00,G007,gas,0,1790653420.482620,1790653437.045703,1790653437.068677
2026-02-24 12:00:00+00:00,G004,gas,0,1790653420.482645,1790653437.045703,1790653437.068677
2026-02-24 12:00:00+00:00,G009,gas,0,1790653420.482669,1790653437.045703,1790653437.068677
2026-02-24 12:00:00+00:00,E005,electricity,0,1790653420.482692,1790653437.045703,1790653437.068677
2026-02-24 12:00:00+00:00,G000,gas,0,1790653420.482716,1790653437.045703,1790653437.068677
2026-02-24 12:00:00+00:00,G006,gas,0,1790653420.482740,1790653437.045703,1790653437.068677
2026-02-24 12:00:00+00:00,E007,electricity,0,1790653420.482764,1790653437.045703,1790653437.068677
2026-02-24 12:00:00+00:00,G002,gas,0,1790653420.482787,1790653437.045703,1790653437.068677
2026-02-24 12:00:00+00:00,G008,gas,0,1790653420.482812,1790653437.045703,1790653437.068677
2026-02-24 12:00:00+00:00,E002,electricity,0,1790653420.482836,1790653437.045703,1790653437.068677
2026-02-24 12:00:00+00:00,G003,gas,0,1790653420.482859,1790653437.045703,1790653437.068677
2026-02-24 12:00:00+00:00,G001,gas,0,1790653420.482896,1790653437.045703,1790653437.068677
2026-02-24 12:00:00+00:00,E001,electricity,0,1790653420.482921,1790653437.045703,1790653437.068677
2026-02-24 12:00:00+00:00,E003,electricity,0,1790653420.482957,1790653437.045703,1790653437.068677
2026-02-24 12:00:00+00:00,E008,electricity,0,1790653420.482980,1790653437.045703,1790653437.068677
2026-02-24 12:00:00+00:00,G005,gas,0,1790653420.483002,1790653437.045703,1790653437.068677
2026-02-24 12:00:00+00:00,E004,electricity,0,1790653420.483025,1790653437.045703,1790653437.068677
2026-02-24 12:00:00+00:00,E009,electricity,0,1790653420.483048,1790653437.045703,1790653437.068677
2026-02-24 12:00:00+00:00,E006,electricity,0,1790653420.483070,1790653437.045703,1790653437.068677
2026-02-24 11:30:00+00:00,W009,water,0,1790653420.483223,1790653437.045703,1790653437.068677
2026-02-24 11:30:00+00:00,W004,water,0,1790653420.483320,1790653437.045703,1790653437.068677
2026-02-24 11:45:00+00:00,W001,water,0,1790653420.485003,1790653437.045703,1790653437.068677
2026-02-24 11:45:00+00:00,W003,water,0,1790653420.485079,1790653437.045703,1790653437.068677
2026-02-24 11:45:00+00:00,W006,water,1,1790653420.485483,1790653437.045703,1790653437.068677
2026-02-24 11:30:00+00:00,W000,water,0,1790653420.485545,1790653437.045703,1790653437.068677
2026-02-24 11:45:00+00:00,W002,water,0,1790653420.486439,1790653437.045703,1790653437.068677
2026-02-24 11:45:00+00:00,W005,water,0,1790653420.486814,1790653437.045703,1790653437.068677
2026-02-24 11:45:00+00:00,W007,water,0,1790653420.486847,1790653437.045703,1790653437.068677
2026-02-24 11:45:00+00:00,W008,water,0,1790653420.486872,1790653437.045703,1790653437.068677
2026-02-24 12:15:00+00:00,E000,electricity,0,1790653420.487093,1790653437.045703,1790653437.068677
2026-02-24 12:15:00+00:00,E003,electricity,0,1790653420.487121,1790653437.045703,1790653437.068677
2026-02-24 12:15:00+00:00,E006,electricity,0,1790653420.487145,1790653437.045703,1790653437.068677
2026-02-24 12:15:00+00:00,E008,electricity,0,1790653420.487168,1790653437.045703,1790653437.068677
2026-02-24 12:15:00+00:00,E007,electricity,0,1790653420.487191,1790653437.045703,1790653437.068677
2026-02-24 12:15:00+00:00,E004,electricity,0,1790653420.487214,1790653437.045703,1790653437.068677
2026-02-24 12:15:00+00:00,E005,electricity,0,1790653420.487236,1790653437.045703,1790653437.068677
2026-02-24 12:15:00+00:00,E002,electricity,0,1790653420.487258,1790653437.045703,1790653437.068677
2026-02-24 12:15:00+00:00,E001,electricity,0,1790653420.487281,1790653437.045703,1790653437.068677
2026-02-24 12:15:00+00:00,E009,electricity,0,1790653420.487304,1790653437.045703,1790653437.068677
2026-02-24 12:00:00+00:00,W001,water,0,1790653420.487786,1790653437.045703,1790653437.068677
2026-02-24 12:00:00+00:00,W009,water,0,1790653420.488288,1790653437.045703,1790653437.068677
2026-02-24 12:00:00+00:00,W007,water,0,1790653420.488466,1790653437.045703,1790653437.068677
2026-02-24 12:00:00+00:00,W004,water,0,1790653420.489082,1790653437.045703,1790653437.068677
2026-02-24 12:00:00+00:00,W005,water,0,1790653420.490114,1790653437.045703,1790653437.068677
2026-02-24 12:00:00+00:00,W002,water,0,1790653420.490984,1790653437.045703,1790653437.068677
2026-02-24 12:00:00+00:00,W008,water,0,1790653420.491725,1790653437.045703,1790653437.068677
2026-02-24 12:00:00+00:00,W003,water,0,1790653420.491789,1790653437.045703,1790653437.068677
2026-02-24 12:30:00+00:00,E006,electricity,0,1790653420.491817,1790653437.045703,1790653437.068677
2026-02-24 12:30:00+00:00,E007,electricity,0,1790653420.491843,1790653437.045703,1790653437.068677
2026-02-24 12:30:00+00:00,E005,electricity,0,1790653420.491867,1790653437.045703,1790653437.068677
2026-02-24 12:30:00+00:00,E004,electricity,0,1790653420.491889,1790653437.045703,1790653437.068677
2026-02-24 12:30:00+00:00,E000,electricity,0,1790653420.491913,1790653437.045703,1790653437.068677
2026-02-24 12:30:00+00:00,E003,electricity,0,1790653420.491936,1790653437.045703,1790653437.068677
2026-02-24 12:30:00+00:00,E002,electricity,0,1790653420.491959,1790653437.045703,1790653437.068677
2026-02-24 12:30:00+00:00,E001,electricity,0,1790653420.491981,1790653437.045703,1790653437.068677
2026-02-24 12:30:00+00:00,E009,electricity,0,1790653420.492004,1790653437.045703,1790653437.068677
2026-02-24 12:30:00+00:00,E008,electricity,0,1790653420.492025,1790653437.045703,1790653437.068677
2026-02-24 12:00:00+00:00,W000,water,0,1790653420.492047,1790653437.045703,1790653437.068677
2026-02-24 12:15:00+00:00,W007,water,0,1790653420.493199,1790653437.045703,1790653437.068677
2026-02-24 12:00:00+00:00,W006,water,0,1790653420.493250,1790653437.045703,1790653437.068677
2026-02-24 12:15:00+00:00,W005,water,0,1790653420.493632,1790653437.045703,1790653437.068677
2026-02-24 12:15:00+00:00,W001,water,0,1790653420.493659,1790653437.045703,1790653437.068677
2026-02-24 12:15:00+00:00,W004,water,0,1790653420.495242,1790653437.045703,1790653437.068677
2026-02-24 12:15:00+00:00,W009,water,0,1790653420.495407,1790653437.045703,1790653437.068677
2026-02-24 12:15:00+00:00,W002,water,0,1790653420.495676,1790653437.045703,1790653437.068677
2026-02-24 12:45:00+00:00,E007,electricity,0,1790653420.496091,1790653437.045703,1790653437.068677
2026-02-24 12:45:00+00:00,E001,electricity,0,1790653420.496122,1790653437.045703,1790653437.068677
2026-02-24 12:45:00+00:00,E002,electricity,0,1790653420.496146,1790653437.045703,1790653437.068677
2026-02-24 12:45:00+00:00,E009,electricity,0,1790653420.496170,1790653437.045703,1790653437.068677
2026-02-24 12:45:00+00:00,E000,electricity,0,1790653420.496194,1790653437.045703,1790653437.068677
2026-02-24 12:45:00+00:00,E006,electricity,0,1790653420.496218,1790653437.045703,1790653437.068677
2026-02-24 12:45:00+00:00,E008,electricity,0,1790653420.496255,1790653437.045703,1790653437.068677
2026-02-24 12:45:00+00:00,E005,electricity,0,1790653420.496279,1790653437.045703,1790653437.068677
2026-02-24 12:45:00+00:00,E003,electricity,0,1790653420.496303,1790653437.045703,1790653437.068677
2026-02-24 12:45:00+00:00,E004,electricity,0,1790653420.496335,1790653437.045703,1790653437.068677
2026-02-24 12:30:00+00:00,W007,water,0,1790653420.497064,1790653437.045703,1790653437.068677
2026-02-24 12:30:00+00:00,W005,water,0,1790653420.497457,1790653437.045703,1790653437.068677
2026-02-24 12:30:00+00:00,W004,water,0,1790653420.497666,1790653437.045703,1790653437.068677
2026-02-24 12:15:00+00:00,W003,water,0,1790653420.498601,1790653437.045703,1790653437.068677
2026-02-24 12:30:00+00:00,W006,water,0,1790653420.498839,1790653437.045703,1790653437.068677
2026-02-24 12:30:00+00:00,W002,water,0,1790653420.498888,1790653438.012310,1790653438.036722
2026-02-24 12:15:00+00:00,W008,water,0,1790653420.499358,1790653438.012310,1790653438.036722
2026-02-24 12:30:00+00:00,W000,water,0,1790653420.500264,1790653438.012310,1790653438.036722
2026-02-24 12:30:00+00:00,W009,water,0,1790653420.500444,1790653438.012310,1790653438.036722
2026-02-24 13:00:00+00:00,E005,electricity,0,1790653420.500590,1790653438.012310,1790653438.036722
2026-02-24 13:00:00+00:00,E006,electricity,0,1790653420.500618,1790653438.012310,1790653438.036722
2026-02-24 13:00:00+00:00,G001,gas,0,1790653420.500654,1790653438.012310,1790653438.036722
2026-02-24 13:00:00+00:00,G008,gas,0,1790653420.500680,1790653438.012310,1790653438.036722
2026-02-24 13:00:00+00:00,G009,gas,0,1790653420.500703,1790653438.012310,1790653438.036722
2026-02-24 13:00:00+00:00,E007,electricity,0,1790653420.500727,1790653438.012310,1790653438.036722
2026-02-24 13:00:00+00:00,E003,electricity,0,1790653420.500750,1790653438.012310,1790653438.036722
2026-02-24 13:00:00+00:00,E004,electricity,0,1790653420.500772,1790653438.012310,1790653438.036722
2026-02-24 13:00:00+00:00,E008,electricity,0,1790653420.500795,1790653438.012310,1790653438.036722
2026-02-24 13:00:00+00:00,G003,gas,0,1790653420.500818,1790653438.012310,1790653438.036722
2026-02-24 13:00:00+00:00,G007,gas,0,1790653420.500841,1790653438.012310,1790653438.036722
2026-02-24 13:00:00+00:00,G002,gas,0,1790653420.500865,1790653438.012310,1790653438.036722
2026-02-24 13:00:00+00:00,E009,electricity,0,1790653420.500888,1790653438.012310,1790653438.036722
2026-02-24 13:00:00+00:00,E002,electricity,1,1790653420.500911,1790653438.012310,1790653438.036722
2026-02-24 13:00:00+00:00,G004,gas,0,1790653420.500934,1790653438.012310,1790653438.036722
2026-02-24 13:00:00+00:00,G006,gas,0,1790653420.500958,1790653438.012310,1790653438.036722
2026-02-24 13:00:00+00:00,G005,gas,0,1790653420.500980,1790653438.012310,1790653438.036722
2026-02-24 13:00:00+00:00,G000,gas,0,1790653420.501003,1790653438.012310,1790653438.036722
2026-02-24 13:00:00+00:00,E000,electricity,0,1790653420.501026,1790653438.012310,1790653438.036722
2026-02-24 13:00:00+00:00,E001,electricity,0,1790653420.501048,1790653438.012310,1790653438.036722
2026-02-24 12:30:00+00:00,W001,water,0,1790653420.502371,1790653438.012310,1790653438.036722
2026-02-24 12:45:00+00:00,W006,water,0,1790653420.502824,1790653438.012310,1790653438.036722
2026-02-24 12:45:00+00:00,W002,water,0,1790653420.502950,1790653438.012310,1790653438.036722
2026-02-24 12:45:00+00:00,W005,water,0,1790653420.502980,1790653438.012310,1790653438.036722
2026-02-24 12:45:00+00:00,W007,water,0,1790653420.505126,1790653438.012310,1790653438.036722
2026-02-24 12:45:00+00:00,W003,water,0,1790653420.505189,1790653438.012310,1790653438.036722
2026-02-24 12:45:00+00:00,W004,water,0,1790653420.505218,1790653438.012310,1790653438.036722
2026-02-24 13:15:00+00:00,E004,electricity,0,1790653420.505243,1790653438.012310,1790653438.036722
2026-02-24 13:15:00+00:00,E009,electricity,0,1790653420.505267,1790653438.012310,1790653438.036722
2026-02-24 13:15:00+00:00,E007,electricity,0,1790653420.505291,1790653438.012310,1790653438.036722
2026-02-24 13:15:00+00:00,E002,electricity,1,1790653420.505315,1790653438.012310,1790653438.036722
2026-02-24 13:15:00+00:00,E003,electricity,0,1790653420.505339,1790653438.012310,1790653438.036722
2026-02-24 13:15:00+00:00,E000,electricity,0,1790653420.505363,1790653438.012310,1790653438.036722
2026-02-24 13:15:00+00:00,E008,electricity,0,1790653420.505387,1790653438.012310,1790653438.036722
2026-02-24 13:15:00+00:00,E001,electricity,0,1790653420.505411,1790653438.012310,1790653438.036722
2026-02-24 13:15:00+00:00,E005,electricity,0,1790653420.505448,1790653438.012310,1790653438.036722
2026-02-24 13:15:00+00:00,E006,electricity,0,1790653420.505472,1790653438.012310,1790653438.036722
2026-02-24 13:00:00+00:00,W002,water,1,1790653420.505663,1790653438.012310,1790653438.036722
2026-02-24 13:00:00+00:00,W005,water,0,1790653420.506061,1790653438.012310,1790653438.036722
2026-02-24 12:45:00+00:00,W008,water,0,1790653420.506776,1790653438.012310,1790653438.036722
2026-02-24 12:45:00+00:00,W000,water,0,1790653420.507173,1790653438.012310,1790653438.036722
2026-02-24 13:00:00+00:00,W003,water,0,1790653420.507998,1790653438.012310,1790653438.036722
2026-02-24 12:45:00+00:00,W009,water,0,1790653420.509282,1790653438.012310,1790653438.036722
2026-02-24 13:30:00+00:00,E009,electricity,0,1790653420.509591,1790653438.012310,1790653438.036722
2026-02-24 13:30:00+00:00,E004,electricity,0,1790653420.509630,1790653438.012310,1790653438.036722
2026-02-24 13:30:00+00:00,E003,electricity,0,1790653420.509655,1790653438.012310,1790653438.036722
2026-02-24 13:30:00+00:00,E005,electricity,0,1790653420.509679,1790653438.012310,1790653438.036722
2026-02-24 13:30:00+00:00,E002,electricity,1,1790653420.509701,1790653438.012310,1790653438.036722
2026-02-24 13:30:00+00:00,E001,electricity,0,1790653420.509725,1790653438.012310,1790653438.036722
2026-02-24 13:30:00+00:00,E008,electricity,0,1790653420.509756,1790653438.012310,1790653438.036722
2026-02-24 13:30:00+00:00,E006,electricity,0,1790653420.509785,1790653438.012310,1790653438.036722
2026-02-24 13:30:00+00:00,E007,electricity,0,1790653420.509809,1790653438.012310,1790653438.036722
2026-02-24 13:30:00+00:00,E000,electricity,0,1790653420.509831,1790653438.012310,1790653438.036722
2026-02-24 13:15:00+00:00,W002,water,0,1790653420.509853,1790653438.012310,1790653438.036722
2026-02-24 13:00:00+00:00,W006,water,0,1790653420.510492,1790653438.012310,1790653438.036722
2026-02-24 13:00:00+00:00,W004,water,0,1790653420.510847,1790653438.012310,1790653438.036722
2026-02-24 13:00:00+00:00,W001,water,0,1790653420.510875,1790653438.012310,1790653438.036722
2026-02-24 13:15:00+00:00,W005,water,0,1790653420.512197,1790653438.012310,1790653438.036722
2026-02-24 13:00:00+00:00,W007,water,0,1790653420.512854,1790653438.012310,1790653438.036722
2026-02-24 13:15:00+00:00,W009,water,0,1790653420.513611,1790653438.012310,1790653438.036722
2026-02-24 13:45:00+00:00,E009,electricity,0,1790653420.514095,1790653438.012310,1790653438.036722
2026-02-24 13:45:00+00:00,E005,electricity,0,1790653420.514143,1790653438.012310,1790653438.036722
2026-02-24 13:45:00+00:00,E001,electricity,0,1790653420.514170,1790653438.012310,1790653438.036722
2026-02-24 13:45:00+00:00,E007,electricity,0,1790653420.514194,1790653438.012310,1790653438.036722
2026-02-24 13:45:00+00:00,E003,electricity,0,1790653420.514218,1790653438.012310,1790653438.036722
2026-02-24 13:45:00+00:00,E002,electricity,1,1790653420.514241,1790653438.012310,1790653438.036722
2026-02-24 13:45:00+00:00,E008,electricity,0,1790653420.514266,1790653438.012310,1790653438.036722
2026-02-24 13:45:00+00:00,E000,electricity,0,1790653420.514289,1790653438.012310,1790653438.036722
2026-02-24 13:45:00+00:00,E006,electricity,0,1790653420.514311,1790653438.012310,1790653438.036722
2026-02-24 13:45:00+00:00,E004,electricity,0,1790653420.514333,1790653438.012310,1790653438.036722
2026-02-24 13:15:00+00:00,W000,water,0,1790653420.514529,1790653438.012310,1790653438.036722
2026-02-24 13:15:00+00:00,W003,water,0,1790653420.514556,1790653438.012310,1790653438.036722
2026-02-24 13:30:00+00:00,W002,water,0,1790653420.514579,1790653438.012310,1790653438.036722
2026-02-24 13:30:00+00:00,W004,water,0,1790653420.515193,1790653438.012310,1790653438.036722
2026-02-24 13:15:00+00:00,W008,water,0,1790653420.516177,1790653438.012310,1790653438.036722
2026-02-24 13:30:00+00:00,W001,water,0,1790653420.516287,1790653438.012310,1790653438.036722
2026-02-24 13:30:00+00:00,W005,water,0,1790653420.516381,1790653438.012310,1790653438.036722
2026-02-24 13:30:00+00:00,W006,water,0,1790653420.517312,1790653438.012310,1790653438.036722
2026-02-24 13:30:00+00:00,W009,water,0,1790653420.517817,1790653438.012310,1790653438.036722
2026-02-24 14:00:00+00:00,E004,electricity,0,1790653420.518767,1790653438.012310,1790653438.036722
2026-02-24 14:00:00+00:00,G004,gas,0,1790653420.518845,1790653438.012310,1790653438.036722
2026-02-24 14:00:00+00:00,E008,electricity,0,1790653420.518878,1790653438.012310,1790653438.036722
2026-02-24 14:00:00+00:00,E003,electricity,0,1790653420.518905,1790653438.012310,1790653438.036722
2026-02-24 14:00:00+00:00,G001,gas,0,1790653420.518929,1790653438.012310,1790653438.036722
2026-02-24 14:00:00+00:00,E001,electricity,0,1790653420.518954,1790653438.012310,1790653438.036722
2026-02-24 14:00:00+00:00,G000,gas,0,1790653420.518976,1790653438.012310,1790653438.036722
2026-02-24 14:00:00+00:00,E005,electricity,0,1790653420.518999,1790653438.012310,1790653438.036722
2026-02-24 14:00:00+00:00,G006,gas,0,1790653420.519021,1790653438.012310,1790653438.036722
2026-02-24 14:00:00+00:00,E000,electricity,0,1790653420.519043,1790653438.012310,1790653438.036722
2026-02-24 14:00:00+00:00,E007,electricity,0,1790653420.519066,1790653438.012310,1790653438.036722
2026-02-24 14:00:00+00:00,G005,gas,0,1790653420.519089,1790653438.012310,1790653438.036722
2026-02-24 14:00:00+00:00,E002,electricity,1,1790653420.519113,1790653438.012310,1790653438.036722
2026-02-24 14:00:00+00:00,G003,gas,0,1790653420.519136,1790653438.012310,1790653438.036722
2026-02-24 14:00:00+00:00,G008,gas,0,1790653420.519169,1790653438.012310,1790653438.036722
2026-02-24 14:00:00+00:00,G002,gas,0,1790653420.519193,1790653438.012310,1790653438.036722
2026-02-24 14:00:00+00:00,E006,electricity,0,1790653420.519216,1790653438.012310,1790653438.036722
2026-02-24 13:45:00+00:00,W001,water,0,1790653420.519247,1790653438.012310,1790653438.036722
2026-02-24 14:00:00+00:00,G009,gas,0,1790653420.519269,1790653438.012310,1790653438.036722
2026-02-24 14:00:00+00:00,G007,gas,0,1790653420.519291,1790653438.012310,1790653438.036722
2026-02-24 14:00:00+00:00,E009,electricity,0,1790653420.519314,1790653438.012310,1790653438.036722
2026-02-24 13:45:00+00:00,W004,water,0,1790653420.519336,1790653438.012310,1790653438.036722
2026-02-24 13:45:00+00:00,W000,water,0,1790653420.519358,1790653438.012310,1790653438.036722
2026-02-24 13:45:00+00:00,W002,water,0,1790653420.519380,1790653438.012310,1790653438.036722
2026-02-24 13:45:00+00:00,W006,water,0,1790653420.520012,1790653438.012310,1790653438.036722
2026-02-24 13:45:00+00:00,W009,water,0,1790653420.520478,1790653438.012310,1790653438.036722
2026-02-24 13:30:00+00:00,W007,water,0,1790653420.521226,1790653438.012310,1790653438.036722
2026-02-24 13:45:00+00:00,W005,water,0,1790653420.521350,1790653438.012310,1790653438.036722
2026-02-24 13:45:00+00:00,W003,water,0,1790653420.522698,1790653438.012310,1790653438.036722
2026-02-24 13:45:00+00:00,W008,water,0,1790653420.523078,1790653438.012310,1790653438.036722
2026-02-24 14:15:00+00:00,E006,electricity,0,1790653420.523109,1790653438.012310,1790653438.036722
2026-02-24 14:15:00+00:00,E003,electricity,0,1790653420.523135,1790653438.012310,1790653438.036722
2026-02-24 14:15:00+00:00,E000,electricity,0,1790653420.523158,1790653438.012310,1790653438.036722
2026-02-24 14:15:00+00:00,E002,electricity,1,1790653420.523180,1790653438.012310,1790653438.036722
2026-02-24 14:15:00+00:00,E008,electricity,0,1790653420.523204,1790653438.012310,1790653438.036722
2026-02-24 14:15:00+00:00,E001,electricity,0,1790653420.523227,1790653438.012310,1790653438.036722
2026-02-24 14:15:00+00:00,E004,electricity,0,1790653420.523250,1790653438.012310,1790653438.036722
2026-02-24 14:15:00+00:00,E009,electricity,0,1790653420.523273,1790653438.012310,1790653438.036722
2026-02-24 14:15:00+00:00,E007,electricity,0,1790653420.523296,1790653438.012310,1790653438.036722
2026-02-24 14:15:00+00:00,E005,electricity,0,1790653420.523330,1790653438.012310,1790653438.036722
2026-02-24 14:00:00+00:00,W004,water,0,1790653420.525220,1790653438.012310,1790653438.036722
2026-02-24 14:00:00+00:00,W009,water,0,1790653420.525288,1790653438.012310,1790653438.036722
2026-02-24 14:00:00+00:00,W001,water,0,1790653420.525332,1790653438.012310,1790653438.036722
2026-02-24 14:00:00+00:00,W005,water,0,1790653420.526813,1790653438.012310,1790653438.036722
2026-02-24 14:00:00+00:00,W006,water,0,1790653420.526894,1790653438.012310,1790653438.036722
2026-02-24 14:00:00+00:00,W000,water,0,1790653420.526935,1790653438.012310,1790653438.036722
2026-02-24 14:00:00+00:00,W002,water,0,1790653420.526971,1790653438.012310,1790653438.036722
2026-02-24 14:30:00+00:00,E006,electricity,0,1790653420.527593,1790653438.012310,1790653438.036722
2026-02-24 14:30:00+00:00,E001,electricity,0,1790653420.527632,1790653438.012310,1790653438.036722
2026-02-24 14:30:00+00:00,E002,electricity,1,1790653420.527659,1790653438.012310,1790653438.036722
2026-02-24 14:30:00+00:00,E009,electricity,0,1790653420.527685,1790653438.012310,1790653438.036722
2026-02-24 14:30:00+00:00,E003,electricity,0,1790653420.527709,1790653438.012310,1790653438.036722
2026-02-24 14:30:00+00:00,E008,electricity,0,1790653420.527732,1790653438.012310,1790653438.036722
2026-02-24 14:30:00+00:00,E000,electricity,0,1790653420.527755,1790653438.012310,1790653438.036722
2026-02-24 14:30:00+00:00,E005,electricity,0,1790653420.527779,1790653438.012310,1790653438.036722
2026-02-24 14:30:00+00:00,E004,electricity,0,1790653420.527813,1790653438.012310,1790653438.036722
2026-02-24 14:30:00+00:00,E007,electricity,0,1790653420.527836,1790653438.012310,1790653438.036722
2026-02-24 14:15:00+00:00,W004,water,0,1790653420.528991,1790653438.012310,1790653438.036722
2026-02-24 14:15:00+00:00,W005,water,0,1790653420.529082,1790653438.012310,1790653438.036722
2026-02-24 14:00:00+00:00,W007,water,0,1790653420.529227,1790653438.012310,1790653438.036722
2026-02-24 14:00:00+00:00,W008,water,0,1790653420.530303,1790653438.012310,1790653438.036722
2026-02-24 14:15:00+00:00,W009,water,0,1790653420.530887,1790653438.012310,1790653438.036722
2026-02-24 14:15:00+00:00,W006,water,0,1790653420.531201,1790653438.012310,1790653438.036722
2026-02-24 14:00:00+00:00,W003,water,0,1790653420.532100,1790653438.012310,1790653438.036722
2026-02-24 14:45:00+00:00,E004,electricity,0,1790653420.532164,1790653438.012310,1790653438.036722
2026-02-24 14:45:00+00:00,E001,electricity,0,1790653420.532192,1790653438.012310,1790653438.036722
2026-02-24 14:45:00+00:00,E008,electricity,0,1790653420.532218,1790653438.012310,1790653438.036722
2026-02-24 14:45:00+00:00,E003,electricity,0,1790653420.532242,1790653438.012310,1790653438.036722
2026-02-24 14:45:00+00:00,E002,electricity,1,1790653420.532265,1790653438.012310,1790653438.036722
2026-02-24 14:45:00+00:00,E000,electricity,0,1790653420.532288,1790653438.012310,1790653438.036722
2026-02-24 14:45:00+00:00,E005,electricity,0,1790653420.532310,1790653438.012310,1790653438.036722
2026-02-24 14:45:00+00:00,E007,electricity,0,1790653420.532332,1790653438.012310,1790653438.036722
2026-02-24 14:45:00+00:00,E009,electricity,0,1790653420.532355,1790653438.012310,1790653438.036722
2026-02-24 14:45:00+00:00,E006,electricity,0,1790653420.532391,1790653438.012310,1790653438.036722
2026-02-24 14:15:00+00:00,W000,water,0,1790653420.532415,1790653438.012310,1790653438.036722
2026-02-24 14:30:00+00:00,W004,water,0,1790653420.532439,1790653438.012310,1790653438.036722
2026-02-24 14:15:00+00:00,W001,water,0,1790653420.533097,1790653438.012310,1790653438.036722
2026-02-24 14:30:00+00:00,W007,water,0,1790653420.533317,1790653438.012310,1790653438.036722
2026-02-24 14:30:00+00:00,W006,water,0,1790653420.534204,1790653438.012310,1790653438.036722
2026-02-24 14:15:00+00:00,W002,water,0,1790653420.534467,1790653438.012310,1790653438.036722
2026-02-24 14:30:00+00:00,W005,water,0,1790653420.535486,1790653438.012310,1790653438.036722
2026-02-24 14:30:00+00:00,W003,water,0,1790653420.535691,1790653438.012310,1790653438.036722
2026-02-24 15:00:00+00:00,G009,gas,0,1790653420.536586,1790653438.012310,1790653438.036722
2026-02-24 15:00:00+00:00,E009,electricity,0,1790653420.536611,1790653438.012310,1790653438.036722
2026-02-24 15:00:00+00:00,E007,electricity,0,1790653420.536649,1790653438.012310,1790653438.036722
2026-02-24 15:00:00+00:00,G005,gas,0,1790653420.536681,1790653438.012310,1790653438.036722
2026-02-24 15:00:00+00:00,G007,gas,0,1790653420.536705,1790653438.012310,1790653438.036722
2026-02-24 15:00:00+00:00,E006,electricity,0,1790653420.536728,1790653438.012310,1790653438.036722
2026-02-24 15:00:00+00:00,E003,electricity,0,1790653420.536757,1790653438.012310,1790653438.036722
2026-02-24 15:00:00+00:00,G004,gas,0,1790653420.536780,1790653438.012310,1790653438.036722
2026-02-24 15:00:00+00:00,E000,electricity,0,1790653420.536805,1790653438.012310,1790653438.036722
2026-02-24 15:00:00+00:00,G006,gas,0,1790653420.536829,1790653438.012310,1790653438.036722
2026-02-24 15:00:00+00:00,E008,electricity,0,1790653420.536852,1790653438.012310,1790653438.036722
2026-02-24 15:00:00+00:00,G002,gas,0,1790653420.536876,1790653438.012310,1790653438.036722
2026-02-24 15:00:00+00:00,E005,electricity,0,1790653420.536898,1790653438.012310,1790653438.036722
2026-02-24 15:00:00+00:00,E004,electricity,0,1790653420.536937,1790653438.012310,1790653438.036722
2026-02-24 15:00:00+00:00,G001,gas,0,1790653420.536969,1790653438.012310,1790653438.036722
2026-02-24 15:00:00+00:00,G000,gas,0,1790653420.537047,1790653438.012310,1790653438.036722
2026-02-24 15:00:00+00:00,G003,gas,0,1790653420.537073,1790653438.012310,1790653438.036722
2026-02-24 15:00:00+00:00,G008,gas,0,1790653420.537097,1790653438.012310,1790653438.036722
2026-02-24 15:00:00+00:00,E001,electricity,0,1790653420.537119,1790653438.012310,1790653438.036722
2026-02-24 15:00:00+00:00,E002,electricity,0,1790653420.537143,1790653438.012310,1790653438.036722
2026-02-24 14:45:00+00:00,W004,water,0,1790653420.537715,1790653438.012310,1790653438.036722
2026-02-24 14:30:00+00:00,W008,water,0,1790653420.537917,1790653438.012310,1790653438.036722
2026-02-24 14:45:00+00:00,W006,water,0,1790653420.539326,1790653438.012310,1790653438.036722
2026-02-24 14:30:00+00:00,W009,water,0,1790653420.539386,1790653439.025840,1790653439.051833
2026-02-24 14:45:00+00:00,W000,water,0,1790653420.539416,1790653439.025840,1790653439.051833
2026-02-24 14:45:00+00:00,W007,water,0,1790653420.539443,1790653439.025840,1790653439.051833
2026-02-24 14:45:00+00:00,W003,water,0,1790653420.540269,1790653439.025840,1790653439.051833
2026-02-24 14:45:00+00:00,W001,water,0,1790653420.540498,1790653439.025840,1790653439.051833
2026-02-24 15:15:00+00:00,E006,electricity,0,1790653420.541093,1790653439.025840,1790653439.051833
2026-02-24 15:15:00+00:00,E005,electricity,0,1790653420.541122,1790653439.025840,1790653439.051833
2026-02-24 15:15:00+00:00,E007,electricity,0,1790653420.541161,1790653439.025840,1790653439.051833
2026-02-24 15:15:00+00:00,E003,electricity,0,1790653420.541187,1790653439.025840,1790653439.051833
2026-02-24 15:15:00+00:00,E009,electricity,0,1790653420.541210,1790653439.025840,1790653439.051833
2026-02-24 15:15:00+00:00,E004,electricity,0,1790653420.541241,1790653439.025840,1790653439.051833
2026-02-24 15:15:00+00:00,E008,electricity,0,1790653420.541265,1790653439.025840,1790653439.051833
2026-02-24 15:15:00+00:00,E000,electricity,0,1790653420.541288,1790653439.025840,1790653439.051833
2026-02-24 15:15:00+00:00,E001,electricity,0,1790653420.541311,1790653439.025840,1790653439.051833
2026-02-24 15:15:00+00:00,E002,electricity,0,1790653420.541335,1790653439.025840,1790653439.051833
2026-02-24 15:00:00+00:00,W009,water,0,1790653420.542411,1790653439.025840,1790653439.051833
2026-02-24 14:45:00+00:00,W002,water,0,1790653420.542771,1790653439.025840,1790653439.051833
2026-02-24 14:45:00+00:00,W005,water,0,1790653420.542797,1790653439.025840,1790653439.051833
2026-02-24 15:00:00+00:00,W000,water,0,1790653420.543096,1790653439.025840,1790653439.051833
2026-02-24 15:00:00+00:00,W003,water,0,1790653420.544216,1790653439.025840,1790653439.051833
2026-02-24 15:00:00+00:00,W004,water,0,1790653420.544245,1790653439.025840,1790653439.051833
2026-02-24 15:00:00+00:00,W006,water,0,1790653420.544857,1790653439.025840,1790653439.051833
2026-02-24 15:30:00+00:00,E008,electricity,0,1790653420.545900,1790653439.025840,1790653439.051833
2026-02-24 15:30:00+00:00,E000,electricity,0,1790653420.545943,1790653439.025840,1790653439.051833
2026-02-24 15:30:00+00:00,E003,electricity,0,1790653420.545970,1790653439.025840,1790653439.051833
2026-02-24 15:30:00+00:00,E007,electricity,0,1790653420.545993,1790653439.025840,1790653439.051833
2026-02-24 15:30:00+00:00,E001,electricity,0,1790653420.546026,1790653439.025840,1790653439.051833
2026-02-24 15:30:00+00:00,E005,electricity,0,1790653420.546058,1790653439.025840,1790653439.051833
2026-02-24 15:30:00+00:00,E009,electricity,0,1790653420.546082,1790653439.025840,1790653439.051833
2026-02-24 15:30:00+00:00,E004,electricity,0,1790653420.546105,1790653439.025840,1790653439.051833
2026-02-24 15:30:00+00:00,E002,electricity,1,1790653420.546129,1790653439.025840,1790653439.051833
2026-02-24 15:30:00+00:00,E006,electricity,0,1790653420.546153,1790653439.025840,1790653439.051833
2026-02-24 15:00:00+00:00,W007,water,0,1790653420.546199,1790653439.025840,1790653439.051833
2026-02-24 15:15:00+00:00,W000,water,0,1790653420.547748,1790653439.025840,1790653439.051833
2026-02-24 15:15:00+00:00,W002,water,0,1790653420.547952,1790653439.025840,1790653439.051833
2026-02-24 15:15:00+00:00,W009,water,0,1790653420.547995,1790653439.025840,1790653439.051833
2026-02-24 15:00:00+00:00,W008,water,0,1790653420.549018,1790653439.025840,1790653439.051833
2026-02-24 15:15:00+00:00,W004,water,0,1790653420.549201,1790653439.025840,1790653439.051833
2026-02-24 15:15:00+00:00,W005,water,0,1790653420.549306,1790653439.025840,1790653439.051833
2026-02-24 15:00:00+00:00,W001,water,0,1790653420.549342,1790653439.025840,1790653439.051833
2026-02-24 15:15:00+00:00,W006,water,0,1790653420.549541,1790653439.025840,1790653439.051833
2026-02-24 15:45:00+00:00,E005,electricity,0,1790653420.550091,1790653439.025840,1790653439.051833
2026-02-24 15:45:00+00:00,E006,electricity,0,1790653420.550119,1790653439.025840,1790653439.051833
2026-02-24 15:45:00+00:00,E001,electricity,0,1790653420.550143,1790653439.025840,1790653439.051833
2026-02-24 15:45:00+00:00,E004,electricity,0,1790653420.550166,1790653439.025840,1790653439.051833
2026-02-24 15:45:00+00:00,E003,electricity,0,1790653420.550189,1790653439.025840,1790653439.051833
2026-02-24 15:45:00+00:00,E007,electricity,0,1790653420.550213,1790653439.025840,1790653439.051833
2026-02-24 15:45:00+00:00,E008,electricity,0,1790653420.550235,1790653439.025840,1790653439.051833
2026-02-24 15:45:00+00:00,E009,electricity,0,1790653420.550257,1790653439.025840,1790653439.051833
2026-02-24 15:45:00+00:00,E002,electricity,1,1790653420.550280,1790653439.025840,1790653439.051833
2026-02-24 15:45:00+00:00,E000,electricity,0,1790653420.550303,1790653439.025840,1790653439.051833
2026-02-24 15:30:00+00:00,W009,water,0,1790653420.550327,1790653439.025840,1790653439.051833
2026-02-24 15:30:00+00:00,W004,water,0,1790653420.550722,1790653439.025840,1790653439.051833
2026-02-24 15:30:00+00:00,W002,water,0,1790653420.551854,1790653439.025840,1790653439.051833
2026-02-24 15:15:00+00:00,W003,water,0,1790653420.551927,1790653439.025840,1790653439.051833
2026-02-24 15:30:00+00:00,W005,water,0,1790653420.552704,1790653439.025840,1790653439.051833
2026-02-24 15:30:00+00:00,W000,water,0,1790653420.553908,1790653439.025840,1790653439.051833
2026-02-24 15:30:00+00:00,W007,water,0,1790653420.553939,1790653439.025840,1790653439.051833
2026-02-24 16:00:00+00:00,G003,gas,0,1790653420.557228,1790653439.025840,1790653439.051833
2026-02-24 16:00:00+00:00,E004,electricity,0,1790653420.557297,1790653439.025840,1790653439.051833
2026-02-24 16:00:00+00:00,E003,electricity,0,1790653420.557329,1790653439.025840,1790653439.051833
2026-02-24 16:00:00+00:00,E008,electricity,0,1790653420.557359,1790653439.025840,1790653439.051833
2026-02-24 16:00:00+00:00,G007,gas,0,1790653420.557388,1790653439.025840,1790653439.051833
2026-02-24 16:00:00+00:00,E001,electricity,0,1790653420.557415,1790653439.025840,1790653439.051833
2026-02-24 16:00:00+00:00,E000,electricity,0,1790653420.557444,1790653439.025840,1790653439.051833
2026-02-24 16:00:00+00:00,G008,gas,0,1790653420.557503,1790653439.025840,1790653439.051833
2026-02-24 16:00:00+00:00,G002,gas,0,1790653420.557533,1790653439.025840,1790653439.051833
2026-02-24 16:00:00+00:00,G005,gas,0,1790653420.557561,1790653439.025840,1790653439.051833
2026-02-24 16:00:00+00:00,G000,gas,0,1790653420.557598,1790653439.025840,1790653439.051833
2026-02-24 16:00:00+00:00,G001,gas,0,1790653420.557627,1790653439.025840,1790653439.051833
2026-02-24 16:00:00+00:00,E002,electricity,1,1790653420.557655,1790653439.025840,1790653439.051833
2026-02-24 16:00:00+00:00,E009,electricity,0,1790653420.557685,1790653439.025840,1790653439.051833
2026-02-24 16:00:00+00:00,E005,electricity,0,1790653420.557722,1790653439.025840,1790653439.051833
2026-02-24 16:00:00+00:00,E006,electricity,0,1790653420.557752,1790653439.025840,1790653439.051833
2026-02-24 16:00:00+00:00,E007,electricity,0,1790653420.557783,1790653439.025840,1790653439.051833
2026-02-24 16:00:00+00:00,G004,gas,0,1790653420.557812,1790653439.025840,1790653439.051833
2026-02-24 16:00:00+00:00,G006,gas,0,1790653420.557841,1790653439.025840,1790653439.051833
2026-02-24 16:00:00+00:00,G009,gas,0,1790653420.557864,1790653439.025840,1790653439.051833
2026-02-24 15:30:00+00:00,W001,water,0,1790653420.557889,1790653439.025840,1790653439.051833
2026-02-24 15:45:00+00:00,W003,water,0,1790653420.557912,1790653439.025840,1790653439.051833
2026-02-24 15:30:00+00:00,W006,water,0,1790653420.557936,1790653439.025840,1790653439.051833
2026-02-24 15:45:00+00:00,W004,water,0,1790653420.557958,1790653439.025840,1790653439.051833
2026-02-24 15:30:00+00:00,W008,water,0,1790653420.557980,1790653439.025840,1790653439.051833
2026-02-24 15:45:00+00:00,W000,water,0,1790653420.558002,1790653439.025840,1790653439.051833
2026-02-24 15:45:00+00:00,W009,water,0,1790653420.559532,1790653439.025840,1790653439.051833
2026-02-24 16:15:00+00:00,E006,electricity,0,1790653420.559557,1790653439.025840,1790653439.051833
2026-02-24 16:15:00+00:00,E003,electricity,0,1790653420.559592,1790653439.025840,1790653439.051833
2026-02-24 16:15:00+00:00,E004,electricity,0,1790653420.559617,1790653439.025840,1790653439.051833
2026-02-24 16:15:00+00:00,E008,electricity,0,1790653420.559640,1790653439.025840,1790653439.051833
2026-02-24 16:15:00+00:00,E005,electricity,0,1790653420.559662,1790653439.025840,1790653439.051833
2026-02-24 16:15:00+00:00,E001,electricity,0,1790653420.559684,1790653439.025840,1790653439.051833
2026-02-24 16:15:00+00:00,E009,electricity,0,1790653420.559707,1790653439.025840,1790653439.051833
2026-02-24 16:15:00+00:00,E007,electricity,0,1790653420.559730,1790653439.025840,1790653439.051833
2026-02-24 16:15:00+00:00,E000,electricity,0,1790653420.559752,1790653439.025840,1790653439.051833
2026-02-24 16:15:00+00:00,E002,electricity,1,1790653420.559774,1790653439.025840,1790653439.051833
2026-02-24 15:45:00+00:00,W005,water,0,1790653420.559797,1790653439.025840,1790653439.051833
2026-02-24 15:45:00+00:00,W002,water,0,1790653420.559821,1790653439.025840,1790653439.051833
2026-02-24 16:00:00+00:00,W000,water,0,1790653420.559843,1790653439.025840,1790653439.051833
2026-02-24 16:00:00+00:00,W001,water,0,1790653420.560467,1790653439.025840,1790653439.051833
2026-02-24 16:00:00+00:00,W008,water,0,1790653420.560492,1790653439.025840,1790653439.051833
2026-02-24 15:45:00+00:00,W007,water,0,1790653420.561375,1790653439.025840,1790653439.051833
2026-02-24 16:00:00+00:00,W004,water,0,1790653420.564320,1790653439.025840,1790653439.051833
2026-02-24 16:30:00+00:00,E007,electricity,0,1790653420.564418,1790653439.025840,1790653439.051833
2026-02-24 16:30:00+00:00,E000,electricity,0,1790653420.564443,1790653439.025840,1790653439.051833
2026-02-24 16:30:00+00:00,E005,electricity,0,1790653420.564481,1790653439.025840,1790653439.051833
2026-02-24 16:30:00+00:00,E002,electricity,1,1790653420.564505,1790653439.025840,1790653439.051833
2026-02-24 16:30:00+00:00,E003,electricity,0,1790653420.564528,1790653439.025840,1790653439.051833
2026-02-24 16:30:00+00:00,E008,electricity,0,1790653420.564551,1790653439.025840,1790653439.051833
2026-02-24 16:30:00+00:00,E001,electricity,0,1790653420.564573,1790653439.025840,1790653439.051833
2026-02-24 16:30:00+00:00,E004,electricity,0,1790653420.564596,1790653439.025840,1790653439.051833
2026-02-24 16:30:00+00:00,E006,electricity,0,1790653420.564619,1790653439.025840,1790653439.051833
2026-02-24 16:30:00+00:00,E009,electricity,0,1790653420.564641,1790653439.025840,1790653439.051833
2026-02-24 16:15:00+00:00,W000,water,0,1790653420.564670,1790653439.025840,1790653439.051833
2026-02-24 16:00:00+00:00,W006,water,0,1790653420.564692,1790653439.025840,1790653439.051833
2026-02-24 16:15:00+00:00,W008,water,0,1790653420.564722,1790653439.025840,1790653439.051833
2026-02-24 16:15:00+00:00,W001,water,0,1790653420.564745,1790653439.025840,1790653439.051833
2026-02-24 16:00:00+00:00,W003,water,0,1790653420.565230,1790653439.025840,1790653439.051833
2026-02-24 16:00:00+00:00,W009,water,0,1790653420.565940,1790653439.025840,1790653439.051833
2026-02-24 16:15:00+00:00,W002,water,0,1790653420.566056,1790653439.025840,1790653439.051833
2026-02-24 16:15:00+00:00,W005,water,0,1790653420.566812,1790653439.025840,1790653439.051833
2026-02-24 16:15:00+00:00,W007,water,0,1790653420.567287,1790653439.025840,1790653439.051833
2026-02-24 16:45:00+00:00,E002,electricity,1,1790653420.568092,1790653439.025840,1790653439.051833
2026-02-24 16:45:00+00:00,E008,electricity,0,1790653420.568119,1790653439.025840,1790653439.051833
2026-02-24 16:45:00+00:00,E004,electricity,0,1790653420.568142,1790653439.025840,1790653439.051833
2026-02-24 16:45:00+00:00,E001,electricity,0,1790653420.568183,1790653439.025840,1790653439.051833
2026-02-24 16:45:00+00:00,E003,electricity,0,1790653420.568206,1790653439.025840,1790653439.051833
2026-02-24 16:45:00+00:00,E007,electricity,0,1790653420.568229,1790653439.025840,1790653439.051833
2026-02-24 16:45:00+00:00,E009,electricity,0,1790653420.568251,1790653439.025840,1790653439.051833
2026-02-24 16:45:00+00:00,E006,electricity,0,1790653420.568273,1790653439.025840,1790653439.051833
2026-02-24 16:45:00+00:00,E005,electricity,0,1790653420.568304,1790653439.025840,1790653439.051833
2026-02-24 16:45:00+00:00,E000,electricity,1,1790653420.568328,1790653439.025840,1790653439.051833
2026-02-24 16:30:00+00:00,W008,water,0,1790653420.568352,1790653439.025840,1790653439.051833
2026-02-24 16:15:00+00:00,W004,water,0,1790653420.569518,1790653439.025840,1790653439.051833
2026-02-24 16:30:00+00:00,W002,water,0,1790653420.569598,1790653439.025840,1790653439.051833
2026-02-24 16:30:00+00:00,W001,water,0,1790653420.569631,1790653439.025840,1790653439.051833
2026-02-24 16:30:00+00:00,W006,water,0,1790653420.575546,1790653439.025840,1790653439.051833
2026-02-24 16:30:00+00:00,W007,water,0,1790653420.575648,1790653439.025840,1790653439.051833
2026-02-24 17:00:00+00:00,E006,electricity,0,1790653420.575688,1790653439.025840,1790653439.051833
2026-02-24 17:00:00+00:00,E004,electricity,0,1790653420.575721,1790653439.025840,1790653439.051833
2026-02-24 17:00:00+00:00,G002,gas,0,1790653420.575750,1790653439.025840,1790653439.051833
2026-02-24 17:00:00+00:00,E001,electricity,0,1790653420.575777,1790653439.025840,1790653439.051833
2026-02-24 17:00:00+00:00,G009,gas,0,1790653420.575823,1790653439.025840,1790653439.051833
2026-02-24 17:00:00+00:00,G007,gas,0,1790653420.575849,1790653439.025840,1790653439.051833
2026-02-24 17:00:00+00:00,E009,electricity,0,1790653420.575872,1790653439.025840,1790653439.051833
2026-02-24 17:00:00+00:00,E002,electricity,0,1790653420.575905,1790653439.025840,1790653439.051833
2026-02-24 17:00:00+00:00,E007,electricity,0,1790653420.575929,1790653439.025840,1790653439.051833
2026-02-24 17:00:00+00:00,G004,gas,0,1790653420.575951,1790653439.025840,1790653439.051833
2026-02-24 17:00:00+00:00,G000,gas,0,1790653420.575973,1790653439.025840,1790653439.051833
2026-02-24 17:00:00+00:00,E005,electricity,0,1790653420.575995,1790653439.025840,1790653439.051833
2026-02-24 17:00:00+00:00,G003,gas,0,1790653420.576025,1790653439.025840,1790653439.051833
2026-02-24 17:00:00+00:00,G005,gas,0,1790653420.576049,1790653439.025840,1790653439.051833
2026-02-24 17:00:00+00:00,E008,electricity,0,1790653420.576072,1790653439.025840,1790653439.051833
2026-02-24 17:00:00+00:00,G006,gas,0,1790653420.576094,1790653439.025840,1790653439.051833
2026-02-24 17:00:00+00:00,G008,gas,0,1790653420.576117,1790653439.025840,1790653439.051833
2026-02-24 17:00:00+00:00,E003,electricity,0,1790653420.576138,1790653439.025840,1790653439.051833
2026-02-24 17:00:00+00:00,E000,electricity,0,1790653420.576169,1790653439.025840,1790653439.051833
2026-02-24 17:00:00+00:00,G001,gas,0,1790653420.576190,1790653439.025840,1790653439.051833
2026-02-24 16:30:00+00:00,W005,water,0,1790653420.576212,1790653439.025840,1790653439.051833
2026-02-24 16:30:00+00:00,W000,water,0,1790653420.576234,1790653439.025840,1790653439.051833
2026-02-24 16:30:00+00:00,W003,water,0,1790653420.576262,1790653439.025840,1790653439.051833
2026-02-24 16:45:00+00:00,W008,water,0,1790653420.576285,1790653439.025840,1790653439.051833
2026-02-24 16:30:00+00:00,W009,water,0,1790653420.576307,1790653439.025840,1790653439.051833
2026-02-24 16:45:00+00:00,W004,water,0,1790653420.576329,1790653439.025840,1790653439.051833
2026-02-24 16:45:00+00:00,W006,water,0,1790653420.576351,1790653439.025840,1790653439.051833
2026-02-24 16:45:00+00:00,W002,water,0,1790653420.576374,1790653439.025840,1790653439.051833
2026-02-24 16:45:00+00:00,W001,water,0,1790653420.576606,1790653439.025840,1790653439.051833
2026-02-24 17:15:00+00:00,E004,electricity,0,1790653420.577097,1790653439.025840,1790653439.051833
2026-02-24 17:15:00+00:00,E002,electricity,1,1790653420.577153,1790653439.025840,1790653439.051833
2026-02-24 17:15:00+00:00,E007,electricity,0,1790653420.577186,1790653439.025840,1790653439.051833
2026-02-24 17:15:00+00:00,E006,electricity,0,1790653420.577212,1790653439.025840,1790653439.051833
2026-02-24 17:15:00+00:00,E008,electricity,0,1790653420.577238,1790653439.025840,1790653439.051833
2026-02-24 17:15:00+00:00,E000,electricity,0,1790653420.577261,1790653439.025840,1790653439.051833
2026-02-24 17:15:00+00:00,E009,electricity,0,1790653420.577346,1790653439.025840,1790653439.051833
2026-02-24 17:15:00+00:00,E001,electricity,0,1790653420.577370,1790653439.025840,1790653439.051833
2026-02-24 17:15:00+00:00,E003,electricity,0,1790653420.577393,1790653439.025840,1790653439.051833
2026-02-24 17:15:00+00:00,E005,electricity,0,1790653420.577433,1790653439.025840,1790653439.051833
2026-02-24 17:00:00+00:00,W000,water,0,1790653420.577458,1790653439.025840,1790653439.051833
2026-02-24 17:00:00+00:00,W001,water,0,1790653420.578407,1790653439.025840,1790653439.051833
2026-02-24 17:00:00+00:00,W005,water,0,1790653420.579008,1790653439.025840,1790653439.051833
2026-02-24 17:00:00+00:00,W002,water,0,1790653420.579987,1790653439.025840,1790653439.051833
2026-02-24 17:00:00+00:00,W003,water,0,1790653420.580056,1790653439.025840,1790653439.051833
2026-02-24 16:45:00+00:00,W007,water,0,1790653420.580571,1790653439.025840,1790653439.051833
2026-02-24 17:00:00+00:00,W009,water,0,1790653420.580985,1790653439.025840,1790653439.051833
2026-02-24 17:00:00+00:00,W008,water,0,1790653420.582250,1790653439.025840,1790653439.051833
2026-02-24 17:00:00+00:00,W004,water,0,1790653420.582322,1790653439.025840,1790653439.051833
2026-02-24 17:30:00+00:00,E006,electricity,0,1790653420.582355,1790653439.025840,1790653439.051833
2026-02-24 17:30:00+00:00,E002,electricity,1,1790653420.582404,1790653439.025840,1790653439.051833
2026-02-24 17:30:00+00:00,E000,electricity,0,1790653420.582430,1790653439.025840,1790653439.051833
2026-02-24 17:30:00+00:00,E007,electricity,0,1790653420.582462,1790653439.025840,1790653439.051833
2026-02-24 17:30:00+00:00,E004,electricity,0,1790653420.582487,1790653439.025840,1790653439.051833
2026-02-24 17:30:00+00:00,E003,electricity,0,1790653420.582511,1790653439.025840,1790653439.051833
2026-02-24 17:30:00+00:00,E009,electricity,0,1790653420.582533,1790653440.136962,1790653440.168150
2026-02-24 17:30:00+00:00,E008,electricity,0,1790653420.582557,1790653440.136962,1790653440.168150
2026-02-24 17:30:00+00:00,E001,electricity,0,1790653420.582579,1790653440.136962,1790653440.168150
2026-02-24 17:30:00+00:00,E005,electricity,0,1790653420.582602,1790653440.136962,1790653440.168150
2026-02-24 17:15:00+00:00,W003,water,0,1790653420.582626,1790653440.136962,1790653440.168150
2026-02-24 17:15:00+00:00,W005,water,0,1790653420.582650,1790653440.136962,1790653440.168150
2026-02-24 17:15:00+00:00,W000,water,0,1790653420.583139,1790653440.136962,1790653440.168150
2026-02-24 17:00:00+00:00,W006,water,0,1790653420.583207,1790653440.136962,1790653440.168150
2026-02-24 17:15:00+00:00,W008,water,0,1790653420.583462,1790653440.136962,1790653440.168150
2026-02-24 17:15:00+00:00,W009,water,1,1790653420.584905,1790653440.136962,1790653440.168150
2026-02-24 17:45:00+00:00,E003,electricity,0,1790653420.586099,1790653440.136962,1790653440.168150
2026-02-24 17:45:00+00:00,E008,electricity,0,1790653420.586168,1790653440.136962,1790653440.168150
2026-02-24 17:45:00+00:00,E007,electricity,0,1790653420.586215,1790653440.136962,1790653440.168150
2026-02-24 17:45:00+00:00,E005,electricity,0,1790653420.586244,1790653440.136962,1790653440.168150
2026-02-24 17:45:00+00:00,E009,electricity,0,1790653420.586269,1790653440.136962,1790653440.168150
2026-02-24 17:45:00+00:00,E002,electricity,1,1790653420.586293,1790653440.136962,1790653440.168150
2026-02-24 17:45:00+00:00,E006,electricity,0,1790653420.586318,1790653440.136962,1790653440.168150
2026-02-24 17:45:00+00:00,E004,electricity,0,1790653420.586341,1790653440.136962,1790653440.168150
2026-02-24 17:45:00+00:00,E001,electricity,1,1790653420.586363,1790653440.136962,1790653440.168150
2026-02-24 17:45:00+00:00,E000,electricity,0,1790653420.586386,1790653440.136962,1790653440.168150
2026-02-24 17:15:00+00:00,W007,water,0,1790653420.586409,1790653440.136962,1790653440.168150
2026-02-24 17:15:00+00:00,W001,water,0,1790653420.586553,1790653440.136962,1790653440.168150
2026-02-24 17:30:00+00:00,W008,water,0,1790653420.586589,1790653440.136962,1790653440.168150
2026-02-24 17:15:00+00:00,W002,water,0,1790653420.587258,1790653440.136962,1790653440.168150
2026-02-24 17:30:00+00:00,W000,water,1,1790653420.587310,1790653440.136962,1790653440.168150
2026-02-24 17:30:00+00:00,W003,water,0,1790653420.588509,1790653440.136962,1790653440.168150
2026-02-24 17:30:00+00:00,W006,water,0,1790653420.588587,1790653440.136962,1790653440.168150
2026-02-24 17:30:00+00:00,W009,water,0,1790653420.588637,1790653440.136962,1790653440.168150
2026-02-24 17:15:00+00:00,W004,water,0,1790653420.588665,1790653440.136962,1790653440.168150
2026-02-24 17:30:00+00:00,W005,water,0,1790653420.590575,1790653440.136962,1790653440.168150
2026-02-24 18:00:00+00:00,E005,electricity,0,1790653420.590638,1790653440.136962,1790653440.168150
2026-02-24 18:00:00+00:00,G007,gas,0,1790653420.590667,1790653440.136962,1790653440.168150
2026-02-24 18:00:00+00:00,G001,gas,0,1790653420.590701,1790653440.136962,1790653440.168150
2026-02-24 18:00:00+00:00,G005,gas,0,1790653420.590725,1790653440.136962,1790653440.168150
2026-02-24 18:00:00+00:00,G003,gas,0,1790653420.590770,1790653440.136962,1790653440.168150
2026-02-24 18:00:00+00:00,G008,gas,1,1790653420.590794,1790653440.136962,1790653440.168150
2026-02-24 18:00:00+00:00,E002,electricity,1,1790653420.590819,1790653440.136962,1790653440.168150
2026-02-24 18:00:00+00:00,E001,electricity,1,1790653420.590843,1790653440.136962,1790653440.168150
2026-02-24 18:00:00+00:00,G009,gas,0,1790653420.590868,1790653440.136962,1790653440.168150
2026-02-24 18:00:00+00:00,E009,electricity,0,1790653420.590892,1790653440.136962,1790653440.168150
2026-02-24 18:00:00+00:00,E003,electricity,0,1790653420.590916,1790653440.136962,1790653440.168150
2026-02-24 18:00:00+00:00,E007,electricity,0,1790653420.590939,1790653440.136962,1790653440.168150
2026-02-24 18:00:00+00:00,E006,electricity,0,1790653420.590962,1790653440.136962,1790653440.168150
2026-02-24 18:00:00+00:00,E000,electricity,0,1790653420.590985,1790653440.136962,1790653440.168150
2026-02-24 18:00:00+00:00,G006,gas,0,1790653420.591015,1790653440.136962,1790653440.168150
2026-02-24 18:00:00+00:00,G002,gas,0,1790653420.591038,1790653440.136962,1790653440.168150
2026-02-24 18:00:00+00:00,G000,gas,0,1790653420.591061,1790653440.136962,1790653440.168150
2026-02-24 18:00:00+00:00,G004,gas,0,1790653420.591084,1790653440.136962,1790653440.168150
2026-02-24 18:00:00+00:00,E008,electricity,0,1790653420.591107,1790653440.136962,1790653440.168150
2026-02-24 18:00:00+00:00,E004,electricity,0,1790653420.591130,1790653440.136962,1790653440.168150
2026-02-24 17:45:00+00:00,W002,water,0,1790653420.591153,1790653440.136962,1790653440.168150
2026-02-24 17:45:00+00:00,W006,water,0,1790653420.592104,1790653440.136962,1790653440.168150
2026-02-24 17:45:00+00:00,W009,water,0,1790653420.592173,1790653440.136962,1790653440.168150
2026-02-24 17:45:00+00:00,W003,water,0,1790653420.595524,1790653440.136962,1790653440.168150
2026-02-24 17:45:00+00:00,W001,water,0,1790653420.595596,1790653440.136962,1790653440.168150
2026-02-24 17:45:00+00:00,W000,water,0,1790653420.595682,1790653440.136962,1790653440.168150
2026-02-24 17:45:00+00:00,W008,water,0,1790653420.595709,1790653440.136962,1790653440.168150
2026-02-24 17:45:00+00:00,W007,water,0,1790653420.595734,1790653440.136962,1790653440.168150
2026-02-24 18:15:00+00:00,E008,electricity,0,1790653420.595783,1790653440.136962,1790653440.168150
2026-02-24 18:15:00+00:00,E001,electricity,0,1790653420.595817,1790653440.136962,1790653440.168150
2026-02-24 18:15:00+00:00,E007,electricity,0,1790653420.595842,1790653440.136962,1790653440.168150
2026-02-24 18:15:00+00:00,E005,electricity,0,1790653420.595865,1790653440.136962,1790653440.168150
2026-02-24 18:15:00+00:00,E009,electricity,0,1790653420.595888,1790653440.136962,1790653440.168150
2026-02-24 18:15:00+00:00,E006,electricity,0,1790653420.595910,1790653440.136962,1790653440.168150
2026-02-24 18:15:00+00:00,E003,electricity,0,1790653420.595933,1790653440.136962,1790653440.168150
2026-02-24 18:15:00+00:00,E000,electricity,0,1790653420.595956,1790653440.136962,1790653440.168150
2026-02-24 18:15:00+00:00,E002,electricity,1,1790653420.595979,1790653440.136962,1790653440.168150
2026-02-24 18:15:00+00:00,E004,electricity,0,1790653420.596003,1790653440.136962,1790653440.168150
2026-02-24 17:45:00+00:00,W004,water,0,1790653420.596074,1790653440.136962,1790653440.168150
2026-02-24 18:00:00+00:00,W002,water,0,1790653420.596100,1790653440.136962,1790653440.168150
2026-02-24 17:45:00+00:00,W005,water,1,1790653420.596123,1790653440.136962,1790653440.168150
2026-02-24 18:00:00+00:00,W001,water,0,1790653420.599563,1790653440.136962,1790653440.168150
2026-02-24 18:00:00+00:00,W006,water,0,1790653420.599640,1790653440.136962,1790653440.168150
2026-02-24 18:00:00+00:00,W008,water,0,1790653420.599681,1790653440.136962,1790653440.168150
2026-02-24 18:00:00+00:00,W009,water,0,1790653420.599739,1790653440.136962,1790653440.168150
2026-02-24 18:00:00+00:00,W007,water,0,1790653420.599763,1790653440.136962,1790653440.168150
2026-02-24 18:30:00+00:00,E002,electricity,1,1790653420.599785,1790653440.136962,1790653440.168150
2026-02-24 18:30:00+00:00,E009,electricity,0,1790653420.599809,1790653440.136962,1790653440.168150
2026-02-24 18:30:00+00:00,E003,electricity,0,1790653420.599832,1790653440.136962,1790653440.168150
2026-02-24 18:30:00+00:00,E008,electricity,0,1790653420.599854,1790653440.136962,1790653440.168150
2026-02-24 18:30:00+00:00,E001,electricity,0,1790653420.599876,1790653440.136962,1790653440.168150
2026-02-24 18:30:00+00:00,E006,electricity,0,1790653420.599898,1790653440.136962,1790653440.168150
2026-02-24 18:30:00+00:00,E007,electricity,0,1790653420.599928,1790653440.136962,1790653440.168150
2026-02-24 18:30:00+00:00,E005,electricity,0,1790653420.599951,1790653440.136962,1790653440.168150
2026-02-24 18:30:00+00:00,E000,electricity,0,1790653420.599973,1790653440.136962,1790653440.168150
2026-02-24 18:30:00+00:00,E004,electricity,0,1790653420.599996,1790653440.136962,1790653440.168150
2026-02-24 18:00:00+00:00,W003,water,0,1790653420.600415,1790653440.136962,1790653440.168150
2026-02-24 18:15:00+00:00,W001,water,0,1790653420.600475,1790653440.136962,1790653440.168150
2026-02-24 18:15:00+00:00,W006,water,1,1790653420.600503,1790653440.136962,1790653440.168150
2026-02-24 18:00:00+00:00,W000,water,0,1790653420.600619,1790653440.136962,1790653440.168150
2026-02-24 18:15:00+00:00,W005,water,0,1790653420.601273,1790653440.136962,1790653440.168150
2026-02-24 18:15:00+00:00,W004,water,0,1790653420.601856,1790653440.136962,1790653440.168150
2026-02-24 18:15:00+00:00,W008,water,0,1790653420.602448,1790653440.136962,1790653440.168150
2026-02-24 18:15:00+00:00,W009,water,0,1790653420.603413,1790653440.136962,1790653440.168150
2026-02-24 18:15:00+00:00,W002,water,0,1790653420.603942,1790653440.136962,1790653440.168150
2026-02-24 18:45:00+00:00,E009,electricity,0,1790653420.604093,1790653440.136962,1790653440.168150
2026-02-24 18:45:00+00:00,E007,electricity,0,1790653420.604134,1790653440.136962,1790653440.168150
2026-02-24 18:45:00+00:00,E002,electricity,1,1790653420.604164,1790653440.136962,1790653440.168150
2026-02-24 18:45:00+00:00,E006,electricity,0,1790653420.604191,1790653440.136962,1790653440.168150
2026-02-24 18:45:00+00:00,E005,electricity,0,1790653420.604215,1790653440.136962,1790653440.168150
2026-02-24 18:45:00+00:00,E004,electricity,0,1790653420.604239,1790653440.136962,1790653440.168150
2026-02-24 18:45:00+00:00,E008,electricity,0,1790653420.604262,1790653440.136962,1790653440.168150
2026-02-24 18:45:00+00:00,E001,electricity,0,1790653420.604286,1790653440.136962,1790653440.168150
2026-02-24 18:45:00+00:00,E000,electricity,0,1790653420.604308,1790653440.136962,1790653440.168150
2026-02-24 18:45:00+00:00,E003,electricity,0,1790653420.604342,1790653440.136962,1790653440.168150
2026-02-24 18:15:00+00:00,W007,water,0,1790653420.605890,1790653440.136962,1790653440.168150
2026-02-24 18:30:00+00:00,W006,water,0,1790653420.606843,1790653440.136962,1790653440.168150
2026-02-24 18:30:00+00:00,W009,water,0,1790653420.606913,1790653440.136962,1790653440.168150
2026-02-24 18:30:00+00:00,W004,water,0,1790653420.607414,1790653440.136962,1790653440.168150
2026-02-24 18:30:00+00:00,W003,water,0,1790653420.607602,1790653440.136962,1790653440.168150
2026-02-24 18:30:00+00:00,W008,water,0,1790653420.607944,1790653440.136962,1790653440.168150
2026-02-24 19:00:00+00:00,G002,gas,0,1790653420.608673,1790653440.136962,1790653440.168150
2026-02-24 19:00:00+00:00,E008,electricity,0,1790653420.608705,1790653440.136962,1790653440.168150
2026-02-24 19:00:00+00:00,G004,gas,0,1790653420.608740,1790653440.136962,1790653440.168150
2026-02-24 19:00:00+00:00,E005,electricity,1,1790653420.608765,1790653440.136962,1790653440.168150
2026-02-24 19:00:00+00:00,E007,electricity,0,1790653420.608788,1790653440.136962,1790653440.168150
2026-02-24 19:00:00+00:00,E001,electricity,0,1790653420.608832,1790653440.136962,1790653440.168150
2026-02-24 19:00:00+00:00,E009,electricity,0,1790653420.608857,1790653440.136962,1790653440.168150
2026-02-24 19:00:00+00:00,G000,gas,1,1790653420.608880,1790653440.136962,1790653440.168150
2026-02-24 19:00:00+00:00,G001,gas,0,1790653420.608902,1790653440.136962,1790653440.168150
2026-02-24 19:00:00+00:00,G007,gas,0,1790653420.608925,1790653440.136962,1790653440.168150
2026-02-24 19:00:00+00:00,E003,electricity,0,1790653420.608948,1790653440.136962,1790653440.168150
2026-02-24 19:00:00+00:00,E002,electricity,1,1790653420.608972,1790653440.136962,1790653440.168150
2026-02-24 19:00:00+00:00,E000,electricity,0,1790653420.608994,1790653440.136962,1790653440.168150
2026-02-24 19:00:00+00:00,G008,gas,0,1790653420.609017,1790653440.136962,1790653440.168150
2026-02-24 19:00:00+00:00,G005,gas,1,1790653420.609039,1790653440.136962,1790653440.168150
2026-02-24 19:00:00+00:00,G003,gas,0,1790653420.609061,1790653440.136962,1790653440.168150
2026-02-24 19:00:00+00:00,E006,electricity,0,1790653420.609084,1790653440.136962,1790653440.168150
2026-02-24 19:00:00+00:00,G006,gas,0,1790653420.609106,1790653440.136962,1790653440.168150
2026-02-24 19:00:00+00:00,G009,gas,0,1790653420.609129,1790653440.136962,1790653440.168150
2026-02-24 19:00:00+00:00,E004,electricity,0,1790653420.609151,1790653440.136962,1790653440.168150
2026-02-24 18:30:00+00:00,W005,water,0,1790653420.609174,1790653440.136962,1790653440.168150
2026-02-24 18:45:00+00:00,W006,water,0,1790653420.609195,1790653440.136962,1790653440.168150
2026-02-24 18:30:00+00:00,W001,water,0,1790653420.609354,1790653440.136962,1790653440.168150
2026-02-24 18:45:00+00:00,W008,water,0,1790653420.609522,1790653440.136962,1790653440.168150
2026-02-24 18:45:00+00:00,W004,water,1,1790653420.609611,1790653440.136962,1790653440.168150
2026-02-24 18:30:00+00:00,W000,water,0,1790653420.609730,1790653440.136962,1790653440.168150
2026-02-24 18:45:00+00:00,W007,water,1,1790653420.610195,1790653440.136962,1790653440.168150
2026-02-24 18:30:00+00:00,W002,water,1,1790653420.611152,1790653440.136962,1790653440.168150
2026-02-24 18:45:00+00:00,W003,water,0,1790653420.612744,1790653440.136962,1790653440.168150
2026-02-24 19:15:00+00:00,E000,electricity,0,1790653420.613119,1790653440.136962,1790653440.168150
2026-02-24 19:15:00+00:00,E005,electricity,0,1790653420.613171,1790653440.136962,1790653440.168150
2026-02-24 19:15:00+00:00,E003,electricity,0,1790653420.613199,1790653440.136962,1790653440.168150
2026-02-24 19:15:00+00:00,E009,electricity,0,1790653420.613224,1790653440.136962,1790653440.168150
2026-02-24 19:15:00+00:00,E004,electricity,0,1790653420.613249,1790653440.136962,1790653440.168150
2026-02-24 19:15:00+00:00,E002,electricity,1,1790653420.613274,1790653440.136962,1790653440.168150
2026-02-24 19:15:00+00:00,E006,electricity,0,1790653420.613298,1790653440.136962,1790653440.168150
2026-02-24 19:15:00+00:00,E001,electricity,0,1790653420.613322,1790653440.136962,1790653440.168150
2026-02-24 19:15:00+00:00,E008,electricity,0,1790653420.613345,1790653440.136962,1790653440.168150
2026-02-24 19:00:00+00:00,W001,water,0,1790653420.613368,1790653440.136962,1790653440.168150
2026-02-24 19:15:00+00:00,E007,electricity,0,1790653420.613401,1790653440.136962,1790653440.168150
2026-02-24 19:00:00+00:00,W006,water,0,1790653420.613426,1790653440.136962,1790653440.168150
2026-02-24 18:45:00+00:00,W009,water,0,1790653420.613449,1790653440.136962,1790653440.168150
2026-02-24 19:00:00+00:00,W002,water,0,1790653420.613759,1790653440.136962,1790653440.168150
2026-02-24 19:00:00+00:00,W008,water,0,1790653420.614259,1790653440.136962,1790653440.168150
2026-02-24 19:00:00+00:00,W005,water,0,1790653420.615913,1790653440.136962,1790653440.168150
2026-02-24 19:00:00+00:00,W007,water,0,1790653420.617360,1790653440.136962,1790653440.168150
2026-02-24 19:30:00+00:00,E003,electricity,0,1790653420.617594,1790653440.136962,1790653440.168150
2026-02-24 19:30:00+00:00,E002,electricity,1,1790653420.617635,1790653440.136962,1790653440.168150
2026-02-24 19:30:00+00:00,E001,electricity,0,1790653420.617680,1790653440.136962,1790653440.168150
2026-02-24 19:30:00+00:00,E009,electricity,0,1790653420.617707,1790653440.136962,1790653440.168150
2026-02-24 19:30:00+00:00,E000,electricity,0,1790653420.617731,1790653440.136962,1790653440.168150
2026-02-24 19:30:00+00:00,E006,electricity,0,1790653420.617755,1790653440.136962,1790653440.168150
2026-02-24 19:30:00+00:00,E008,electricity,0,1790653420.617777,1790653440.136962,1790653440.168150
2026-02-24 19:30:00+00:00,E004,electricity,0,1790653420.617798,1790653440.136962,1790653440.168150
2026-02-24 19:30:00+00:00,E007,electricity,0,1790653420.617821,1790653440.136962,1790653440.168150
2026-02-24 19:30:00+00:00,E005,electricity,0,1790653420.617844,1790653440.136962,1790653440.168150
2026-02-24 19:00:00+00:00,W000,water,0,1790653420.618062,1790653440.136962,1790653440.168150
2026-02-24 19:15:00+00:00,W002,water,0,1790653420.618114,1790653440.136962,1790653440.168150
2026-02-24 19:00:00+00:00,W004,water,0,1790653420.618168,1790653440.136962,1790653440.168150
2026-02-24 19:00:00+00:00,W003,water,0,1790653420.618601,1790653440.136962,1790653440.168150
2026-02-24 19:15:00+00:00,W001,water,0,1790653420.619729,1790653440.136962,1790653440.168150
2026-02-24 19:15:00+00:00,W009,water,0,1790653420.621180,1790653440.136962,1790653440.168150
2026-02-24 19:15:00+00:00,W008,water,0,1790653420.621988,1790653440.136962,1790653440.168150
2026-02-24 19:45:00+00:00,E000,electricity,0,1790653420.622092,1790653440.136962,1790653440.168150
2026-02-24 19:45:00+00:00,E006,electricity,0,1790653420.622131,1790653440.136962,1790653440.168150
2026-02-24 19:45:00+00:00,E009,electricity,0,1790653420.622159,1790653440.136962,1790653440.168150
2026-02-24 19:45:00+00:00,E008,electricity,0,1790653420.622184,1790653440.136962,1790653440.168150
2026-02-24 19:45:00+00:00,E004,electricity,0,1790653420.622207,1790653440.136962,1790653440.168150
2026-02-24 19:45:00+00:00,E003,electricity,0,1790653420.622232,1790653440.136962,1790653440.168150
2026-02-24 19:45:00+00:00,E005,electricity,0,1790653420.622256,1790653440.136962,1790653440.168150
2026-02-24 19:45:00+00:00,E001,electricity,0,1790653420.622287,1790653440.136962,1790653440.168150
2026-02-24 19:45:00+00:00,E002,electricity,1,1790653420.622324,1790653440.136962,1790653440.168150
2026-02-24 19:45:00+00:00,E007,electricity,0,1790653420.622349,1790653440.136962,1790653440.168150
2026-02-24 19:15:00+00:00,W005,water,0,1790653420.622594,1790653440.136962,1790653440.168150
2026-02-24 19:30:00+00:00,W001,water,0,1790653420.622988,1790653440.136962,1790653440.168150
2026-02-24 19:30:00+00:00,W000,water,0,1790653420.623545,1790653440.136962,1790653440.168150
2026-02-24 19:30:00+00:00,W004,water,0,1790653420.624386,1790653441.167972,1790653441.195659
2026-02-24 19:15:00+00:00,W007,water,1,1790653420.626048,1790653441.167972,1790653441.195659
2026-02-24 19:15:00+00:00,W006,water,0,1790653420.626132,1790653441.167972,1790653441.195659
2026-02-24 19:30:00+00:00,W003,water,0,1790653420.626168,1790653441.167972,1790653441.195659
2026-02-24 19:30:00+00:00,W002,water,0,1790653420.626526,1790653441.167972,1790653441.195659
2026-02-24 20:00:00+00:00,E003,electricity,0,1790653420.626582,1790653441.167972,1790653441.195659
2026-02-24 20:00:00+00:00,E004,electricity,0,1790653420.626618,1790653441.167972,1790653441.195659
2026-02-24 20:00:00+00:00,E006,electricity,0,1790653420.626645,1790653441.167972,1790653441.195659
2026-02-24 20:00:00+00:00,G001,gas,0,1790653420.626670,1790653441.167972,1790653441.195659
2026-02-24 20:00:00+00:00,E007,electricity,0,1790653420.626696,1790653441.167972,1790653441.195659
2026-02-24 20:00:00+00:00,G005,gas,1,1790653420.626739,1790653441.167972,1790653441.195659
2026-02-24 20:00:00+00:00,G008,gas,0,1790653420.626764,1790653441.167972,1790653441.195659
2026-02-24 20:00:00+00:00,G003,gas,0,1790653420.626790,1790653441.167972,1790653441.195659
2026-02-24 20:00:00+00:00,G002,gas,0,1790653420.626814,1790653441.167972,1790653441.195659
2026-02-24 20:00:00+00:00,G000,gas,0,1790653420.626838,1790653441.167972,1790653441.195659
2026-02-24 20:00:00+00:00,E008,electricity,0,1790653420.626862,1790653441.167972,1790653441.195659
2026-02-24 20:00:00+00:00,E001,electricity,0,1790653420.626886,1790653441.167972,1790653441.195659
2026-02-24 20:00:00+00:00,G009,gas,0,1790653420.626917,1790653441.167972,1790653441.195659
2026-02-24 20:00:00+00:00,E005,electricity,0,1790653420.626941,1790653441.167972,1790653441.195659
2026-02-24 20:00:00+00:00,E009,electricity,0,1790653420.626966,1790653441.167972,1790653441.195659
2026-02-24 20:00:00+00:00,G006,gas,0,1790653420.626991,1790653441.167972,1790653441.195659
2026-02-24 20:00:00+00:00,G007,gas,0,1790653420.627015,1790653441.167972,1790653441.195659
2026-02-24 20:00:00+00:00,E002,electricity,1,1790653420.627039,1790653441.167972,1790653441.195659
2026-02-24 20:00:00+00:00,E000,electricity,0,1790653420.627063,1790653441.167972,1790653441.195659
2026-02-24 20:00:00+00:00,G004,gas,0,1790653420.627086,1790653441.167972,1790653441.195659
2026-02-24 19:45:00+00:00,W007,water,0,1790653420.627600,1790653441.167972,1790653441.195659
2026-02-24 19:45:00+00:00,W004,water,0,1790653420.627753,1790653441.167972,1790653441.195659
2026-02-24 19:30:00+00:00,W009,water,0,1790653420.627872,1790653441.167972,1790653441.195659
2026-02-24 19:30:00+00:00,W008,water,0,1790653420.628626,1790653441.167972,1790653441.195659
2026-02-24 19:45:00+00:00,W001,water,0,1790653420.628691,1790653441.167972,1790653441.195659
2026-02-24 19:45:00+00:00,W000,water,0,1790653420.629024,1790653441.167972,1790653441.195659
2026-02-24 19:45:00+00:00,W002,water,0,1790653420.629795,1790653441.167972,1790653441.195659
2026-02-24 19:45:00+00:00,W005,water,0,1790653420.630851,1790653441.167972,1790653441.195659
2026-02-24 20:15:00+00:00,E000,electricity,0,1790653420.631094,1790653441.167972,1790653441.195659
2026-02-24 20:15:00+00:00,E004,electricity,0,1790653420.631139,1790653441.167972,1790653441.195659
2026-02-24 20:15:00+00:00,E007,electricity,0,1790653420.631168,1790653441.167972,1790653441.195659
2026-02-24 20:15:00+00:00,E002,electricity,1,1790653420.631194,1790653441.167972,1790653441.195659
2026-02-24 20:15:00+00:00,E003,electricity,0,1790653420.631219,1790653441.167972,1790653441.195659
2026-02-24 20:15:00+00:00,E006,electricity,0,1790653420.631242,1790653441.167972,1790653441.195659
2026-02-24 20:15:00+00:00,E009,electricity,0,1790653420.631264,1790653441.167972,1790653441.195659
2026-02-24 20:15:00+00:00,E005,electricity,0,1790653420.631287,1790653441.167972,1790653441.195659
2026-02-24 20:15:00+00:00,E008,electricity,0,1790653420.631327,1790653441.167972,1790653441.195659
2026-02-24 20:15:00+00:00,E001,electricity,0,1790653420.631351,1790653441.167972,1790653441.195659
2026-02-24 20:00:00+00:00,W000,water,0,1790653420.631382,1790653441.167972,1790653441.195659
2026-02-24 20:00:00+00:00,W002,water,0,1790653420.633160,1790653441.167972,1790653441.195659
2026-02-24 20:00:00+00:00,W007,water,0,1790653420.633273,1790653441.167972,1790653441.195659
2026-02-24 20:00:00+00:00,W004,water,0,1790653420.633321,1790653441.167972,1790653441.195659
2026-02-24 20:00:00+00:00,W005,water,0,1790653420.633357,1790653441.167972,1790653441.195659
2026-02-24 19:45:00+00:00,W003,water,0,1790653420.633388,1790653441.167972,1790653441.195659
2026-02-24 20:00:00+00:00,W001,water,0,1790653420.633419,1790653441.167972,1790653441.195659
2026-02-24 20:00:00+00:00,W008,water,0,1790653420.634220,1790653441.167972,1790653441.195659
2026-02-24 19:45:00+00:00,W006,water,0,1790653420.634373,1790653441.167972,1790653441.195659
2026-02-24 20:30:00+00:00,E001,electricity,0,1790653420.635596,1790653441.167972,1790653441.195659
2026-02-24 20:30:00+00:00,E009,electricity,0,1790653420.635655,1790653441.167972,1790653441.195659
2026-02-24 20:30:00+00:00,E007,electricity,0,1790653420.635685,1790653441.167972,1790653441.195659
2026-02-24 20:30:00+00:00,E006,electricity,0,1790653420.635711,1790653441.167972,1790653441.195659
2026-02-24 20:30:00+00:00,E003,electricity,0,1790653420.635734,1790653441.167972,1790653441.195659
2026-02-24 20:30:00+00:00,E005,electricity,0,1790653420.635757,1790653441.167972,1790653441.195659
2026-02-24 20:30:00+00:00,E004,electricity,0,1790653420.635780,1790653441.167972,1790653441.195659
2026-02-24 20:30:00+00:00,E000,electricity,0,1790653420.635803,1790653441.167972,1790653441.195659
2026-02-24 20:30:00+00:00,E002,electricity,1,1790653420.635826,1790653441.167972,1790653441.195659
2026-02-24 20:30:00+00:00,E008,electricity,0,1790653420.635869,1790653441.167972,1790653441.195659
2026-02-24 20:15:00+00:00,W005,water,0,1790653420.635894,1790653441.167972,1790653441.195659
2026-02-24 20:00:00+00:00,W009,water,1,1790653420.635982,1790653441.167972,1790653441.195659
2026-02-24 20:15:00+00:00,W006,water,0,1790653420.639847,1790653441.167972,1790653441.195659
2026-02-24 20:15:00+00:00,W008,water,0,1790653420.639941,1790653441.167972,1790653441.195659
2026-02-24 20:15:00+00:00,W004,water,0,1790653420.639978,1790653441.167972,1790653441.195659
2026-02-24 20:15:00+00:00,W007,water,0,1790653420.640006,1790653441.167972,1790653441.195659
2026-02-24 20:15:00+00:00,W001,water,0,1790653420.640033,1790653441.167972,1790653441.195659
2026-02-24 20:15:00+00:00,W000,water,1,1790653420.640074,1790653441.167972,1790653441.195659
2026-02-24 20:45:00+00:00,E005,electricity,0,1790653420.640097,1790653441.167972,1790653441.195659
2026-02-24 20:45:00+00:00,E008,electricity,0,1790653420.640121,1790653441.167972,1790653441.195659
2026-02-24 20:45:00+00:00,E007,electricity,0,1790653420.640144,1790653441.167972,1790653441.195659
2026-02-24 20:45:00+00:00,E000,electricity,0,1790653420.640168,1790653441.167972,1790653441.195659
2026-02-24 20:45:00+00:00,E002,electricity,1,1790653420.640190,1790653441.167972,1790653441.195659
2026-02-24 20:45:00+00:00,E004,electricity,0,1790653420.640213,1790653441.167972,1790653441.195659
2026-02-24 20:45:00+00:00,E003,electricity,1,1790653420.640244,1790653441.167972,1790653441.195659
2026-02-24 20:45:00+00:00,E001,electricity,0,1790653420.640268,1790653441.167972,1790653441.195659
2026-02-24 20:45:00+00:00,E006,electricity,0,1790653420.640290,1790653441.167972,1790653441.195659
2026-02-24 20:45:00+00:00,E009,electricity,0,1790653420.640311,1790653441.167972,1790653441.195659
2026-02-24 20:15:00+00:00,W002,water,0,1790653420.640340,1790653441.167972,1790653441.195659
2026-02-24 20:15:00+00:00,W003,water,0,1790653420.640369,1790653441.167972,1790653441.195659
2026-02-24 20:30:00+00:00,W001,water,0,1790653420.640643,1790653441.167972,1790653441.195659
2026-02-24 20:30:00+00:00,W005,water,0,1790653420.640699,1790653441.167972,1790653441.195659
2026-02-24 20:30:00+00:00,W006,water,0,1790653420.642152,1790653441.167972,1790653441.195659
2026-02-24 20:30:00+00:00,W009,water,0,1790653420.642347,1790653441.167972,1790653441.195659
2026-02-24 20:30:00+00:00,W007,water,0,1790653420.644151,1790653441.167972,1790653441.195659
2026-02-24 21:00:00+00:00,E005,electricity,0,1790653420.644611,1790653441.167972,1790653441.195659
2026-02-24 21:00:00+00:00,E008,electricity,0,1790653420.644649,1790653441.167972,1790653441.195659
2026-02-24 21:00:00+00:00,G007,gas,0,1790653420.644685,1790653441.167972,1790653441.195659
2026-02-24 21:00:00+00:00,G001,gas,0,1790653420.644709,1790653441.167972,1790653441.195659
2026-02-24 21:00:00+00:00,E009,electricity,0,1790653420.644732,1790653441.167972,1790653441.195659
2026-02-24 21:00:00+00:00,G004,gas,0,1790653420.644754,1790653441.167972,1790653441.195659
2026-02-24 21:00:00+00:00,G003,gas,0,1790653420.644776,1790653441.167972,1790653441.195659
2026-02-24 21:00:00+00:00,G006,gas,0,1790653420.644799,1790653441.167972,1790653441.195659
2026-02-24 21:00:00+00:00,G002,gas,0,1790653420.644822,1790653441.167972,1790653441.195659
2026-02-24 21:00:00+00:00,E003,electricity,0,1790653420.644844,1790653441.167972,1790653441.195659
2026-02-24 21:00:00+00:00,E004,electricity,1,1790653420.644873,1790653441.167972,1790653441.195659
2026-02-24 21:00:00+00:00,G009,gas,0,1790653420.644896,1790653441.167972,1790653441.195659
2026-02-24 21:00:00+00:00,E007,electricity,0,1790653420.644918,1790653441.167972,1790653441.195659
2026-02-24 21:00:00+00:00,E000,electricity,0,1790653420.644941,1790653441.167972,1790653441.195659
2026-02-24 21:00:00+00:00,G005,gas,1,1790653420.644962,1790653441.167972,1790653441.195659
2026-02-24 21:00:00+00:00,E001,electricity,0,1790653420.644985,1790653441.167972,1790653441.195659
2026-02-24 21:00:00+00:00,G000,gas,0,1790653420.645007,1790653441.167972,1790653441.195659
2026-02-24 21:00:00+00:00,E006,electricity,0,1790653420.645142,1790653441.167972,1790653441.195659
2026-02-24 21:00:00+00:00,E002,electricity,1,1790653420.645178,1790653441.167972,1790653441.195659
2026-02-24 21:00:00+00:00,G008,gas,0,1790653420.645215,1790653441.167972,1790653441.195659
2026-02-24 20:30:00+00:00,W004,water,0,1790653420.645242,1790653441.167972,1790653441.195659
2026-02-24 20:45:00+00:00,W009,water,0,1790653420.645266,1790653441.167972,1790653441.195659
2026-02-24 20:30:00+00:00,W008,water,0,1790653420.645424,1790653441.167972,1790653441.195659
2026-02-24 20:45:00+00:00,W006,water,0,1790653420.647308,1790653441.167972,1790653441.195659
2026-02-24 20:30:00+00:00,W000,water,0,1790653420.647409,1790653441.167972,1790653441.195659
2026-02-24 20:45:00+00:00,W002,water,0,1790653420.648729,1790653441.167972,1790653441.195659
2026-02-24 21:15:00+00:00,E003,electricity,0,1790653420.649093,1790653441.167972,1790653441.195659
2026-02-24 21:15:00+00:00,E007,electricity,0,1790653420.649130,1790653441.167972,1790653441.195659
2026-02-24 21:15:00+00:00,E008,electricity,0,1790653420.649157,1790653441.167972,1790653441.195659
2026-02-24 21:15:00+00:00,E001,electricity,0,1790653420.649196,1790653441.167972,1790653441.195659
2026-02-24 21:15:00+00:00,E000,electricity,0,1790653420.649222,1790653441.167972,1790653441.195659
2026-02-24 21:15:00+00:00,E006,electricity,0,1790653420.649247,1790653441.167972,1790653441.195659
2026-02-24 21:15:00+00:00,E002,electricity,1,1790653420.649272,1790653441.167972,1790653441.195659
2026-02-24 21:15:00+00:00,E004,electricity,0,1790653420.649305,1790653441.167972,1790653441.195659
2026-02-24 21:15:00+00:00,E005,electricity,0,1790653420.649330,1790653441.167972,1790653441.195659
2026-02-24 21:15:00+00:00,E009,electricity,0,1790653420.649354,1790653441.167972,1790653441.195659
2026-02-24 20:45:00+00:00,W003,water,0,1790653420.649562,1790653441.167972,1790653441.195659
2026-02-24 21:00:00+00:00,W006,water,0,1790653420.649591,1790653441.167972,1790653441.195659
2026-02-24 20:45:00+00:00,W007,water,0,1790653420.650126,1790653441.167972,1790653441.195659
2026-02-24 20:45:00+00:00,W001,water,0,1790653420.650450,1790653441.167972,1790653441.195659
2026-02-24 21:00:00+00:00,W004,water,0,1790653420.651227,1790653441.167972,1790653441.195659
2026-02-24 21:00:00+00:00,W009,water,0,1790653420.651639,1790653441.167972,1790653441.195659
2026-02-24 20:45:00+00:00,W005,water,0,1790653420.652321,1790653441.167972,1790653441.195659
2026-02-24 21:00:00+00:00,W000,water,0,1790653420.652378,1790653441.167972,1790653441.195659
2026-02-24 21:00:00+00:00,W002,water,0,1790653420.653809,1790653441.167972,1790653441.195659
2026-02-24 21:30:00+00:00,E009,electricity,0,1790653420.653950,1790653441.167972,1790653441.195659
2026-02-24 21:30:00+00:00,E004,electricity,0,1790653420.653980,1790653441.167972,1790653441.195659
2026-02-24 21:30:00+00:00,E008,electricity,0,1790653420.654007,1790653441.167972,1790653441.195659
2026-02-24 21:30:00+00:00,E000,electricity,0,1790653420.654033,1790653441.167972,1790653441.195659
2026-02-24 21:30:00+00:00,E002,electricity,1,1790653420.654058,1790653441.167972,1790653441.195659
2026-02-24 21:30:00+00:00,E003,electricity,0,1790653420.654082,1790653441.167972,1790653441.195659
2026-02-24 21:30:00+00:00,E007,electricity,0,1790653420.654106,1790653441.167972,1790653441.195659
2026-02-24 21:30:00+00:00,E005,electricity,0,1790653420.654129,1790653441.167972,1790653441.195659
2026-02-24 21:30:00+00:00,E001,electricity,0,1790653420.654152,1790653441.167972,1790653441.195659
2026-02-24 21:30:00+00:00,E006,electricity,0,1790653420.654176,1790653441.167972,1790653441.195659
2026-02-24 21:15:00+00:00,W000,water,0,1790653420.654962,1790653441.167972,1790653441.195659
2026-02-24 21:15:00+00:00,W004,water,1,1790653420.655415,1790653441.167972,1790653441.195659
2026-02-24 21:00:00+00:00,W008,water,0,1790653420.656850,1790653441.167972,1790653441.195659
2026-02-24 21:15:00+00:00,W009,water,0,1790653420.657206,1790653441.167972,1790653441.195659
2026-02-24 21:15:00+00:00,W007,water,0,1790653420.657548,1790653441.167972,1790653441.195659
2026-02-24 21:15:00+00:00,W003,water,0,1790653420.657779,1790653441.167972,1790653441.195659
2026-02-24 21:45:00+00:00,E006,electricity,0,1790653420.658093,1790653441.167972,1790653441.195659
2026-02-24 21:45:00+00:00,E002,electricity,1,1790653420.658120,1790653441.167972,1790653441.195659
2026-02-24 21:45:00+00:00,E007,electricity,0,1790653420.658144,1790653441.167972,1790653441.195659
2026-02-24 21:45:00+00:00,E004,electricity,0,1790653420.658167,1790653441.167972,1790653441.195659
2026-02-24 21:45:00+00:00,E001,electricity,0,1790653420.658190,1790653441.167972,1790653441.195659
2026-02-24 21:45:00+00:00,E003,electricity,0,1790653420.658213,1790653441.167972,1790653441.195659
2026-02-24 21:45:00+00:00,E008,electricity,0,1790653420.658235,1790653441.167972,1790653441.195659
2026-02-24 21:45:00+00:00,E000,electricity,0,1790653420.658266,1790653441.167972,1790653441.195659
2026-02-24 21:45:00+00:00,E005,electricity,0,1790653420.658310,1790653441.167972,1790653441.195659
2026-02-24 21:45:00+00:00,E009,electricity,0,1790653420.658342,1790653441.167972,1790653441.195659
2026-02-24 21:15:00+00:00,W002,water,0,1790653420.658365,1790653441.167972,1790653441.195659
2026-02-24 21:15:00+00:00,W005,water,0,1790653420.658387,1790653441.167972,1790653441.195659
2026-02-24 21:15:00+00:00,W001,water,0,1790653420.658410,1790653441.167972,1790653441.195659
2026-02-24 21:30:00+00:00,W008,water,0,1790653420.658432,1790653441.167972,1790653441.195659
2026-02-24 21:30:00+00:00,W009,water,0,1790653420.659182,1790653441.167972,1790653441.195659
2026-02-24 21:30:00+00:00,W003,water,0,1790653420.661087,1790653441.167972,1790653441.195659
2026-02-24 21:30:00+00:00,W004,water,0,1790653420.661164,1790653441.167972,1790653441.195659
2026-02-24 21:30:00+00:00,W000,water,0,1790653420.661559,1790653441.167972,1790653441.195659
2026-02-24 21:15:00+00:00,W006,water,0,1790653420.661849,1790653441.167972,1790653441.195659
2026-02-24 22:00:00+00:00,E002,electricity,1,1790653420.662594,1790653441.167972,1790653441.195659
2026-02-24 22:00:00+00:00,E006,electricity,0,1790653420.662625,1790653441.167972,1790653441.195659
2026-02-24 22:00:00+00:00,G009,gas,0,1790653420.662651,1790653441.167972,1790653441.195659
2026-02-24 22:00:00+00:00,E008,electricity,0,1790653420.662677,1790653441.167972,1790653441.195659
2026-02-24 22:00:00+00:00,E000,electricity,0,1790653420.662701,1790653441.167972,1790653441.195659
2026-02-24 22:00:00+00:00,E009,electricity,0,1790653420.673288,1790653441.167972,1790653441.195659
2026-02-24 22:00:00+00:00,E005,electricity,0,1790653420.673447,1790653441.167972,1790653441.195659
2026-02-24 22:00:00+00:00,G003,gas,0,1790653420.673490,1790653441.167972,1790653441.195659
2026-02-24 22:00:00+00:00,G006,gas,0,1790653420.673634,1790653441.167972,1790653441.195659
2026-02-24 22:00:00+00:00,G000,gas,0,1790653420.673666,1790653441.167972,1790653441.195659
2026-02-24 22:00:00+00:00,G007,gas,0,1790653420.673693,1790653441.167972,1790653441.195659
2026-02-24 22:00:00+00:00,G002,gas,0,1790653420.673718,1790653441.167972,1790653441.195659
2026-02-24 22:00:00+00:00,G008,gas,0,1790653420.673744,1790653441.167972,1790653441.195659
2026-02-24 22:00:00+00:00,E007,electricity,0,1790653420.673769,1790653441.167972,1790653441.195659
2026-02-24 22:00:00+00:00,G001,gas,0,1790653420.673794,1790653441.167972,1790653441.195659
2026-02-24 22:00:00+00:00,E001,electricity,0,1790653420.673819,1790653441.167972,1790653441.195659
2026-02-24 22:00:00+00:00,G005,gas,0,1790653420.673848,1790653441.167972,1790653441.195659
2026-02-24 22:00:00+00:00,G004,gas,0,1790653420.673873,1790653441.167972,1790653441.195659
2026-02-24 22:00:00+00:00,E004,electricity,0,1790653420.673896,1790653441.167972,1790653441.195659
2026-02-24 22:00:00+00:00,E003,electricity,0,1790653420.673920,1790653441.167972,1790653441.195659
2026-02-24 21:45:00+00:00,W008,water,0,1790653420.673942,1790653441.167972,1790653441.195659
2026-02-24 21:45:00+00:00,W003,water,0,1790653420.673965,1790653442.133246,1790653442.151724
2026-02-24 21:45:00+00:00,W002,water,0,1790653420.673989,1790653442.133246,1790653442.151724
2026-02-24 21:45:00+00:00,W005,water,0,1790653420.674013,1790653442.133246,1790653442.151724
2026-02-24 21:45:00+00:00,W009,water,0,1790653420.674037,1790653442.133246,1790653442.151724
2026-02-24 21:45:00+00:00,W000,water,0,1790653420.674060,1790653442.133246,1790653442.151724
2026-02-24 21:30:00+00:00,W007,water,0,1790653420.674105,1790653442.133246,1790653442.151724
2026-02-24 22:15:00+00:00,E007,electricity,0,1790653420.674128,1790653442.133246,1790653442.151724
2026-02-24 22:15:00+00:00,E000,electricity,0,1790653420.674151,1790653442.133246,1790653442.151724
2026-02-24 22:15:00+00:00,E005,electricity,0,1790653420.674175,1790653442.133246,1790653442.151724
2026-02-24 22:15:00+00:00,E003,electricity,0,1790653420.674197,1790653442.133246,1790653442.151724
2026-02-24 22:15:00+00:00,E006,electricity,0,1790653420.674222,1790653442.133246,1790653442.151724
2026-02-24 22:15:00+00:00,E001,electricity,0,1790653420.674246,1790653442.133246,1790653442.151724
2026-02-24 22:15:00+00:00,E009,electricity,0,1790653420.674270,1790653442.133246,1790653442.151724
2026-02-24 22:15:00+00:00,E008,electricity,0,1790653420.674294,1790653442.133246,1790653442.151724
2026-02-24 22:15:00+00:00,E004,electricity,0,1790653420.674318,1790653442.133246,1790653442.151724
2026-02-24 22:15:00+00:00,E002,electricity,1,1790653420.674342,1790653442.133246,1790653442.151724
2026-02-24 21:45:00+00:00,W001,water,0,1790653420.674367,1790653442.133246,1790653442.151724
2026-02-24 22:00:00+00:00,W002,water,0,1790653420.674392,1790653442.133246,1790653442.151724
2026-02-24 21:45:00+00:00,W004,water,0,1790653420.674416,1790653442.133246,1790653442.151724
2026-02-24 22:00:00+00:00,W009,water,0,1790653420.674439,1790653442.133246,1790653442.151724
2026-02-24 21:45:00+00:00,W006,water,0,1790653420.674464,1790653442.133246,1790653442.151724
2026-02-24 22:00:00+00:00,W000,water,0,1790653420.674487,1790653442.133246,1790653442.151724
2026-02-24 22:00:00+00:00,W008,water,0,1790653420.674509,1790653442.133246,1790653442.151724
2026-02-24 22:30:00+00:00,E009,electricity,0,1790653420.674553,1790653442.133246,1790653442.151724
2026-02-24 22:30:00+00:00,E001,electricity,0,1790653420.674575,1790653442.133246,1790653442.151724
2026-02-24 22:30:00+00:00,E005,electricity,0,1790653420.674597,1790653442.133246,1790653442.151724
2026-02-24 22:30:00+00:00,E002,electricity,1,1790653420.674619,1790653442.133246,1790653442.151724
2026-02-24 22:30:00+00:00,E003,electricity,0,1790653420.674642,1790653442.133246,1790653442.151724
2026-02-24 22:30:00+00:00,E007,electricity,0,1790653420.674663,1790653442.133246,1790653442.151724
2026-02-24 22:30:00+00:00,E008,electricity,0,1790653420.674685,1790653442.133246,1790653442.151724
2026-02-24 22:30:00+00:00,E004,electricity,0,1790653420.674708,1790653442.133246,1790653442.151724
2026-02-24 22:30:00+00:00,E006,electricity,0,1790653420.674731,1790653442.133246,1790653442.151724
2026-02-24 22:30:00+00:00,E000,electricity,0,1790653420.674753,1790653442.133246,1790653442.151724
2026-02-24 22:00:00+00:00,W003,water,0,1790653420.674775,1790653442.133246,1790653442.151724
2026-02-24 22:15:00+00:00,W001,water,0,1790653420.674797,1790653442.133246,1790653442.151724
2026-02-24 22:00:00+00:00,W005,water,0,1790653420.674819,1790653442.133246,1790653442.151724
2026-02-24 22:15:00+00:00,W008,water,0,1790653420.674841,1790653442.133246,1790653442.151724
2026-02-24 22:15:00+00:00,W004,water,0,1790653420.674863,1790653442.133246,1790653442.151724
2026-02-24 22:15:00+00:00,W002,water,0,1790653420.675176,1790653442.133246,1790653442.151724
2026-02-24 22:00:00+00:00,W007,water,0,1790653420.675309,1790653442.133246,1790653442.151724
2026-02-24 22:45:00+00:00,E005,electricity,0,1790653420.676059,1790653442.133246,1790653442.151724
2026-02-24 22:45:00+00:00,E000,electricity,0,1790653420.676083,1790653442.133246,1790653442.151724
2026-02-24 22:45:00+00:00,E009,electricity,0,1790653420.676105,1790653442.133246,1790653442.151724
2026-02-24 22:45:00+00:00,E006,electricity,0,1790653420.676127,1790653442.133246,1790653442.151724
2026-02-24 22:45:00+00:00,E004,electricity,0,1790653420.676150,1790653442.133246,1790653442.151724
2026-02-24 22:45:00+00:00,E007,electricity,0,1790653420.676174,1790653442.133246,1790653442.151724
2026-02-24 22:45:00+00:00,E003,electricity,0,1790653420.676196,1790653442.133246,1790653442.151724
2026-02-24 22:45:00+00:00,E002,electricity,1,1790653420.676218,1790653442.133246,1790653442.151724
2026-02-24 22:45:00+00:00,E001,electricity,0,1790653420.676241,1790653442.133246,1790653442.151724
2026-02-24 22:45:00+00:00,E008,electricity,0,1790653420.676263,1790653442.133246,1790653442.151724
2026-02-24 22:15:00+00:00,W006,water,0,1790653420.676285,1790653442.133246,1790653442.151724
2026-02-24 22:30:00+00:00,W004,water,0,1790653420.676558,1790653442.133246,1790653442.151724
2026-02-24 22:30:00+00:00,W001,water,0,1790653420.677027,1790653442.133246,1790653442.151724
2026-02-24 22:15:00+00:00,W000,water,0,1790653420.677516,1790653442.133246,1790653442.151724
2026-02-24 22:30:00+00:00,W002,water,0,1790653420.678548,1790653442.133246,1790653442.151724
2026-02-24 22:15:00+00:00,W009,water,0,1790653420.678977,1790653442.133246,1790653442.151724
2026-02-24 22:30:00+00:00,W007,water,0,1790653420.681370,1790653442.133246,1790653442.151724
2026-02-24 22:30:00+00:00,W008,water,0,1790653420.681407,1790653442.133246,1790653442.151724
2026-02-24 22:30:00+00:00,W005,water,0,1790653420.681436,1790653442.133246,1790653442.151724
2026-02-24 22:30:00+00:00,W003,water,0,1790653420.681463,1790653442.133246,1790653442.151724
2026-02-24 23:00:00+00:00,E005,electricity,0,1790653420.681489,1790653442.133246,1790653442.151724
2026-02-24 23:00:00+00:00,E001,electricity,0,1790653420.681629,1790653442.133246,1790653442.151724
2026-02-24 23:00:00+00:00,G005,gas,0,1790653420.681664,1790653442.133246,1790653442.151724
2026-02-24 23:00:00+00:00,G003,gas,0,1790653420.681690,1790653442.133246,1790653442.151724
2026-02-24 23:00:00+00:00,E002,electricity,1,1790653420.681714,1790653442.133246,1790653442.151724
2026-02-24 23:00:00+00:00,G002,gas,0,1790653420.681740,1790653442.133246,1790653442.151724
2026-02-24 23:00:00+00:00,G001,gas,0,1790653420.681764,1790653442.133246,1790653442.151724
2026-02-24 23:00:00+00:00,E008,electricity,0,1790653420.681788,1790653442.133246,1790653442.151724
2026-02-24 23:00:00+00:00,E009,electricity,0,1790653420.681812,1790653442.133246,1790653442.151724
2026-02-24 23:00:00+00:00,E006,electricity,0,1790653420.681835,1790653442.133246,1790653442.151724
2026-02-24 23:00:00+00:00,G004,gas,0,1790653420.681858,1790653442.133246,1790653442.151724
2026-02-24 23:00:00+00:00,E004,electricity,0,1790653420.681881,1790653442.133246,1790653442.151724
2026-02-24 23:00:00+00:00,G009,gas,0,1790653420.681905,1790653442.133246,1790653442.151724
2026-02-24 23:00:00+00:00,G007,gas,0,1790653420.681928,1790653442.133246,1790653442.151724
2026-02-24 23:00:00+00:00,G006,gas,0,1790653420.681952,1790653442.133246,1790653442.151724
2026-02-24 23:00:00+00:00,E007,electricity,0,1790653420.681975,1790653442.133246,1790653442.151724
2026-02-24 23:00:00+00:00,G008,gas,0,1790653420.682000,1790653442.133246,1790653442.151724
2026-02-24 23:00:00+00:00,G000,gas,0,1790653420.682032,1790653442.133246,1790653442.151724
2026-02-24 23:00:00+00:00,E000,electricity,0,1790653420.682056,1790653442.133246,1790653442.151724
2026-02-24 23:00:00+00:00,E003,electricity,0,1790653420.682081,1790653442.133246,1790653442.151724
2026-02-24 22:45:00+00:00,W006,water,0,1790653420.682104,1790653442.133246,1790653442.151724
2026-02-24 22:45:00+00:00,W009,water,0,1790653420.682128,1790653442.133246,1790653442.151724
2026-02-24 22:45:00+00:00,W002,water,0,1790653420.682472,1790653442.133246,1790653442.151724
2026-02-24 22:45:00+00:00,W000,water,0,1790653420.684363,1790653442.133246,1790653442.151724
2026-02-24 22:45:00+00:00,W004,water,0,1790653420.684737,1790653442.133246,1790653442.151724
2026-02-24 23:15:00+00:00,E006,electricity,0,1790653420.685092,1790653442.133246,1790653442.151724
2026-02-24 23:15:00+00:00,E005,electricity,0,1790653420.685120,1790653442.133246,1790653442.151724
2026-02-24 23:15:00+00:00,E001,electricity,0,1790653420.685143,1790653442.133246,1790653442.151724
2026-02-24 23:15:00+00:00,E008,electricity,0,1790653420.685167,1790653442.133246,1790653442.151724
2026-02-24 23:15:00+00:00,E002,electricity,1,1790653420.685190,1790653442.133246,1790653442.151724
2026-02-24 23:15:00+00:00,E000,electricity,0,1790653420.685213,1790653442.133246,1790653442.151724
2026-02-24 23:15:00+00:00,E004,electricity,0,1790653420.685237,1790653442.133246,1790653442.151724
2026-02-24 23:15:00+00:00,E007,electricity,0,1790653420.685259,1790653442.133246,1790653442.151724
2026-02-24 23:15:00+00:00,E003,electricity,0,1790653420.685282,1790653442.133246,1790653442.151724
2026-02-24 23:15:00+00:00,E009,electricity,0,1790653420.685303,1790653442.133246,1790653442.151724
2026-02-24 22:45:00+00:00,W001,water,0,1790653420.685325,1790653442.133246,1790653442.151724
2026-02-24 22:45:00+00:00,W007,water,0,1790653420.685556,1790653442.133246,1790653442.151724
2026-02-24 22:45:00+00:00,W003,water,0,1790653420.686267,1790653442.133246,1790653442.151724
2026-02-24 23:00:00+00:00,W002,water,0,1790653420.687724,1790653442.133246,1790653442.151724
2026-02-24 22:45:00+00:00,W008,water,0,1790653420.688186,1790653442.133246,1790653442.151724
2026-02-24 23:00:00+00:00,W009,water,0,1790653420.688812,1790653442.133246,1790653442.151724
2026-02-24 22:45:00+00:00,W005,water,0,1790653420.689087,1790653442.133246,1790653442.151724
2026-02-24 23:30:00+00:00,E001,electricity,0,1790653420.689592,1790653442.133246,1790653442.151724
2026-02-24 23:30:00+00:00,E000,electricity,0,1790653420.689620,1790653442.133246,1790653442.151724
2026-02-24 23:30:00+00:00,E008,electricity,0,1790653420.689645,1790653442.133246,1790653442.151724
2026-02-24 23:30:00+00:00,E003,electricity,0,1790653420.689669,1790653442.133246,1790653442.151724
2026-02-24 23:30:00+00:00,E007,electricity,0,1790653420.689693,1790653442.133246,1790653442.151724
2026-02-24 23:30:00+00:00,E004,electricity,0,1790653420.689715,1790653442.133246,1790653442.151724
2026-02-24 23:30:00+00:00,E002,electricity,1,1790653420.689738,1790653442.133246,1790653442.151724
2026-02-24 23:30:00+00:00,E006,electricity,0,1790653420.689761,1790653442.133246,1790653442.151724
2026-02-24 23:30:00+00:00,E005,electricity,0,1790653420.689783,1790653442.133246,1790653442.151724
2026-02-24 23:30:00+00:00,E009,electricity,0,1790653420.689805,1790653442.133246,1790653442.151724
2026-02-24 23:15:00+00:00,W007,water,0,1790653420.690748,1790653442.133246,1790653442.151724
2026-02-24 23:00:00+00:00,W006,water,0,1790653420.691386,1790653442.133246,1790653442.151724
2026-02-24 23:00:00+00:00,W004,water,0,1790653420.691488,1790653442.133246,1790653442.151724
2026-02-24 23:15:00+00:00,W003,water,0,1790653420.691681,1790653442.133246,1790653442.151724
2026-02-24 23:00:00+00:00,W000,water,0,1790653420.692961,1790653442.133246,1790653442.151724
2026-02-24 23:15:00+00:00,W002,water,0,1790653420.693928,1790653442.133246,1790653442.151724
2026-02-24 23:15:00+00:00,W001,water,0,1790653420.694035,1790653442.133246,1790653442.151724
2026-02-24 23:45:00+00:00,E005,electricity,0,1790653420.694189,1790653442.133246,1790653442.151724
2026-02-24 23:45:00+00:00,E006,electricity,0,1790653420.694216,1790653442.133246,1790653442.151724
2026-02-24 23:45:00+00:00,E002,electricity,1,1790653420.694241,1790653442.133246,1790653442.151724
2026-02-24 23:45:00+00:00,E008,electricity,0,1790653420.694266,1790653442.133246,1790653442.151724
2026-02-24 23:45:00+00:00,E003,electricity,0,1790653420.694290,1790653442.133246,1790653442.151724
2026-02-24 23:45:00+00:00,E007,electricity,0,1790653420.694313,1790653442.133246,1790653442.151724
2026-02-24 23:45:00+00:00,E009,electricity,0,1790653420.694336,1790653442.133246,1790653442.151724
2026-02-24 23:45:00+00:00,E000,electricity,0,1790653420.694359,1790653442.133246,1790653442.151724
2026-02-24 23:45:00+00:00,E004,electricity,0,1790653420.694383,1790653442.133246,1790653442.151724
2026-02-24 23:45:00+00:00,E001,electricity,0,1790653420.694406,1790653442.133246,1790653442.151724
2026-02-24 23:30:00+00:00,W004,water,0,1790653420.694732,1790653442.133246,1790653442.151724
2026-02-24 23:30:00+00:00,W006,water,0,1790653420.695128,1790653442.133246,1790653442.151724
2026-02-24 23:15:00+00:00,W005,water,0,1790653420.696387,1790653442.133246,1790653442.151724
2026-02-24 23:15:00+00:00,W008,water,0,1790653420.696421,1790653442.133246,1790653442.151724
2026-02-24 23:30:00+00:00,W007,water,0,1790653420.696973,1790653442.133246,1790653442.151724
2026-02-24 23:30:00+00:00,W001,water,0,1790653420.697396,1790653442.133246,1790653442.151724
2026-02-24 23:15:00+00:00,W009,water,0,1790653420.697424,1790653442.133246,1790653442.151724
